Country,Admin1,Admin2,ISO3,Admin2 Pcode,Admin1 Pcode,Month,Year,Events,Fatalities
Nigeria,Abia,Aba North,NGA,NG001001,NG00,January,2025,0,0
Nigeria,Abia,Aba South,NGA,NG001002,NG00,January,2025,1,0
Nigeria,Abia,Arochukwu,NGA,NG001003,NG00,January,2025,0,0
Nigeria,Abia,Bende,NGA,NG001004,NG00,January,2025,1,1
Nigeria,Abia,Ikwuano,NGA,NG001005,NG00,January,2025,0,0
Nigeria,Abia,Isiala Ngwa North,NGA,NG001007,NG00,January,2025,0,0
Nigeria,Abia,Isiala Ngwa South,NGA,NG001006,NG00,January,2025,0,0
Nigeria,Abia,Isuikwuato,NGA,NG001008,NG00,January,2025,1,2
Nigeria,Abia,Nneochi,NGA,NG001017,NG00,January,2025,1,4
Nigeria,Abia,Obioma Ngwa,NGA,NG001009,NG00,January,2025,0,0
Nigeria,Abia,Ohafia,NGA,NG001010,NG00,January,2025,0,0
Nigeria,Abia,Osisioma,NGA,NG001011,NG00,January,2025,0,0
Nigeria,Abia,Ugwunagbo,NGA,NG001012,NG00,January,2025,0,0
Nigeria,Abia,Ukwa East,NGA,NG001013,NG00,January,2025,0,0
Nigeria,Abia,Ukwa West,NGA,NG001014,NG00,January,2025,0,0
Nigeria,Abia,Umuahia North,NGA,NG001015,NG00,January,2025,1,0
Nigeria,Abia,Umuahia South,NGA,NG001016,NG00,January,2025,0,0
Nigeria,Adamawa,Demsa,NGA,NG002001,NG00,January,2025,0,0
Nigeria,Adamawa,Fufore,NGA,NG002002,NG00,January,2025,1,1
Nigeria,Adamawa,Ganye,NGA,NG002003,NG00,January,2025,0,0
Nigeria,Adamawa,Girei,NGA,NG002005,NG00,January,2025,0,0
Nigeria,Adamawa,Gombi,NGA,NG002004,NG00,January,2025,0,0
Nigeria,Adamawa,Guyuk,NGA,NG002006,NG00,January,2025,0,0
Nigeria,Adamawa,Hong,NGA,NG002007,NG00,January,2025,1,0
Nigeria,Adamawa,Jada,NGA,NG002008,NG00,January,2025,0,0
Nigeria,Adamawa,Lamurde,NGA,NG002009,NG00,January,2025,0,0
Nigeria,Adamawa,Madagali,NGA,NG002010,NG00,January,2025,3,1
Nigeria,Adamawa,Maiha,NGA,NG002011,NG00,January,2025,1,0
Nigeria,Adamawa,Mayo-Belwa,NGA,NG002012,NG00,January,2025,0,0
Nigeria,Adamawa,Michika,NGA,NG002013,NG00,January,2025,0,0
Nigeria,Adamawa,Mubi North,NGA,NG002014,NG00,January,2025,1,0
Nigeria,Adamawa,Mubi South,NGA,NG002015,NG00,January,2025,0,0
Nigeria,Adamawa,Numan,NGA,NG002016,NG00,January,2025,0,0
Nigeria,Adamawa,Shelleng,NGA,NG002017,NG00,January,2025,0,0
Nigeria,Adamawa,Song,NGA,NG002018,NG00,January,2025,1,0
Nigeria,Adamawa,Toungo,NGA,NG002019,NG00,January,2025,0,0
Nigeria,Adamawa,Yola-North,NGA,NG002021,NG00,January,2025,0,0
Nigeria,Adamawa,Yola-South,NGA,NG002020,NG00,January,2025,0,0
Nigeria,Akwa Ibom,Abak,NGA,NG003001,NG00,January,2025,0,0
Nigeria,Akwa Ibom,Eastern Obolo,NGA,NG003002,NG00,January,2025,0,0
Nigeria,Akwa Ibom,Eket,NGA,NG003003,NG00,January,2025,0,0
Nigeria,Akwa Ibom,Ekpe Atai,NGA,NG003004,NG00,January,2025,0,0
Nigeria,Akwa Ibom,Essien Udim,NGA,NG003005,NG00,January,2025,1,1
Nigeria,Akwa Ibom,Etim Ekpo,NGA,NG003006,NG00,January,2025,0,0
Nigeria,Akwa Ibom,Etinan,NGA,NG003007,NG00,January,2025,0,0
Nigeria,Akwa Ibom,Ibeno,NGA,NG003008,NG00,January,2025,0,0
Nigeria,Akwa Ibom,Ibesikpo Asutan,NGA,NG003009,NG00,January,2025,0,0
Nigeria,Akwa Ibom,Ibiono Ibom,NGA,NG003010,NG00,January,2025,0,0
Nigeria,Akwa Ibom,Ika,NGA,NG003011,NG00,January,2025,0,0
Nigeria,Akwa Ibom,Ikono,NGA,NG003012,NG00,January,2025,0,0
Nigeria,Akwa Ibom,Ikot Abasi,NGA,NG003013,NG00,January,2025,0,0
Nigeria,Akwa Ibom,Ikot Ekpene,NGA,NG003014,NG00,January,2025,0,0
Nigeria,Akwa Ibom,Ini,NGA,NG003015,NG00,January,2025,0,0
Nigeria,Akwa Ibom,Itu,NGA,NG003016,NG00,January,2025,0,0
Nigeria,Akwa Ibom,Mbo,NGA,NG003017,NG00,January,2025,0,0
Nigeria,Akwa Ibom,Mkpat Enin,NGA,NG003018,NG00,January,2025,1,0
Nigeria,Akwa Ibom,Nsit Ibom,NGA,NG003020,NG00,January,2025,0,0
Nigeria,Akwa Ibom,Nsit Ubium,NGA,NG003021,NG00,January,2025,0,0
Nigeria,Akwa Ibom,Obat Akara,NGA,NG003022,NG00,January,2025,0,0
Nigeria,Akwa Ibom,Okobo,NGA,NG003023,NG00,January,2025,0,0
Nigeria,Akwa Ibom,Onna,NGA,NG003024,NG00,January,2025,0,0
Nigeria,Akwa Ibom,Oron,NGA,NG003025,NG00,January,2025,1,0
Nigeria,Akwa Ibom,Oruk Anam,NGA,NG003026,NG00,January,2025,0,0
Nigeria,Akwa Ibom,Udung Uko,NGA,NG003027,NG00,January,2025,0,0
Nigeria,Akwa Ibom,Ukanafun,NGA,NG003028,NG00,January,2025,0,0
Nigeria,Akwa Ibom,Uruan,NGA,NG003029,NG00,January,2025,0,0
Nigeria,Akwa Ibom,Urue Offong,NGA,NG003030,NG00,January,2025,0,0
Nigeria,Akwa Ibom,Uyo,NGA,NG003031,NG00,January,2025,4,0
Nigeria,Anambra,Aguata,NGA,NG004001,NG00,January,2025,2,8
Nigeria,Anambra,Anambra East,NGA,NG004002,NG00,January,2025,0,0
Nigeria,Anambra,Anambra West,NGA,NG004003,NG00,January,2025,0,0
Nigeria,Anambra,Aniocha,NGA,NG004004,NG00,January,2025,0,0
Nigeria,Anambra,Awka North,NGA,NG004005,NG00,January,2025,1,0
Nigeria,Anambra,Awka South,NGA,NG004006,NG00,January,2025,3,3
Nigeria,Anambra,Ayamelum,NGA,NG004007,NG00,January,2025,0,0
Nigeria,Anambra,Dunukofia,NGA,NG004008,NG00,January,2025,0,0
Nigeria,Anambra,Ekwusigwo,NGA,NG004009,NG00,January,2025,0,0
Nigeria,Anambra,Idemili North,NGA,NG004010,NG00,January,2025,1,2
Nigeria,Anambra,Idemili South,NGA,NG004011,NG00,January,2025,2,9
Nigeria,Anambra,Ihiala,NGA,NG004012,NG00,January,2025,2,10
Nigeria,Anambra,Njikoka,NGA,NG004013,NG00,January,2025,1,20
Nigeria,Anambra,Nnewi North,NGA,NG004014,NG00,January,2025,1,0
Nigeria,Anambra,Nnewi South,NGA,NG004015,NG00,January,2025,0,0
Nigeria,Anambra,Ogbaru,NGA,NG004016,NG00,January,2025,0,0
Nigeria,Anambra,Onisha North,NGA,NG004017,NG00,January,2025,2,1
Nigeria,Anambra,Onisha South,NGA,NG004018,NG00,January,2025,0,0
Nigeria,Anambra,Orumba North,NGA,NG004019,NG00,January,2025,2,5
Nigeria,Anambra,Orumba South,NGA,NG004020,NG00,January,2025,0,0
Nigeria,Anambra,Oyi,NGA,NG004021,NG00,January,2025,0,0
Nigeria,Bauchi,Alkaleri,NGA,NG005001,NG00,January,2025,0,0
Nigeria,Bauchi,Bauchi,NGA,NG005002,NG00,January,2025,1,0
Nigeria,Bauchi,Bogoro,NGA,NG005003,NG00,January,2025,0,0
Nigeria,Bauchi,Damban,NGA,NG005004,NG00,January,2025,0,0
Nigeria,Bauchi,Darazo,NGA,NG005005,NG00,January,2025,0,0
Nigeria,Bauchi,Dass,NGA,NG005006,NG00,January,2025,0,0
Nigeria,Bauchi,Gamawa,NGA,NG005007,NG00,January,2025,0,0
Nigeria,Bauchi,Ganjuwa,NGA,NG005008,NG00,January,2025,0,0
Nigeria,Bauchi,Giade,NGA,NG005009,NG00,January,2025,0,0
Nigeria,Bauchi,Itas-Gadau,NGA,NG005010,NG00,January,2025,0,0
Nigeria,Bauchi,Jamaare,NGA,NG005011,NG00,January,2025,0,0
Nigeria,Bauchi,Katagum,NGA,NG005012,NG00,January,2025,0,0
Nigeria,Bauchi,Kirfi,NGA,NG005013,NG00,January,2025,0,0
Nigeria,Bauchi,Misau,NGA,NG005014,NG00,January,2025,0,0
Nigeria,Bauchi,Ningi,NGA,NG005015,NG00,January,2025,0,0
Nigeria,Bauchi,Shira,NGA,NG005016,NG00,January,2025,0,0
Nigeria,Bauchi,Tafawa Balewa,NGA,NG005017,NG00,January,2025,0,0
Nigeria,Bauchi,Toro,NGA,NG005018,NG00,January,2025,0,0
Nigeria,Bauchi,Warji,NGA,NG005019,NG00,January,2025,0,0
Nigeria,Bauchi,Zaki,NGA,NG005020,NG00,January,2025,0,0
Nigeria,Bayelsa,Brass,NGA,NG006001,NG00,January,2025,1,0
Nigeria,Bayelsa,Ekermor,NGA,NG006002,NG00,January,2025,1,2
Nigeria,Bayelsa,Kolokuma,NGA,NG006003,NG00,January,2025,0,0
Nigeria,Bayelsa,Nembe,NGA,NG006004,NG00,January,2025,0,0
Nigeria,Bayelsa,Ogbia,NGA,NG006005,NG00,January,2025,0,0
Nigeria,Bayelsa,Sagbama,NGA,NG006006,NG00,January,2025,0,0
Nigeria,Bayelsa,Southern Ijaw,NGA,NG006007,NG00,January,2025,0,0
Nigeria,Bayelsa,Yenagoa,NGA,NG006008,NG00,January,2025,3,3
Nigeria,Benue,Ado,NGA,NG007001,NG00,January,2025,0,0
Nigeria,Benue,Agatu,NGA,NG007002,NG00,January,2025,0,0
Nigeria,Benue,Apa,NGA,NG007003,NG00,January,2025,0,0
Nigeria,Benue,Buruku,NGA,NG007004,NG00,January,2025,0,0
Nigeria,Benue,Gboko,NGA,NG007005,NG00,January,2025,1,1
Nigeria,Benue,Guma,NGA,NG007006,NG00,January,2025,0,0
Nigeria,Benue,Gwer East,NGA,NG007007,NG00,January,2025,0,0
Nigeria,Benue,Gwer West,NGA,NG007008,NG00,January,2025,0,0
Nigeria,Benue,Katsina Ala,NGA,NG007009,NG00,January,2025,0,0
Nigeria,Benue,Konshisha,NGA,NG007010,NG00,January,2025,0,0
Nigeria,Benue,Kwande,NGA,NG007011,NG00,January,2025,1,1
Nigeria,Benue,Logo,NGA,NG007012,NG00,January,2025,1,6
Nigeria,Benue,Makurdi,NGA,NG007013,NG00,January,2025,0,0
Nigeria,Benue,Obi,NGA,NG007014,NG00,January,2025,0,0
Nigeria,Benue,Ogbadibo,NGA,NG007015,NG00,January,2025,0,0
Nigeria,Benue,Ohimini,NGA,NG007016,NG00,January,2025,0,0
Nigeria,Benue,Oju,NGA,NG007017,NG00,January,2025,0,0
Nigeria,Benue,Okpokwu,NGA,NG007018,NG00,January,2025,0,0
Nigeria,Benue,Otukpo,NGA,NG007019,NG00,January,2025,0,0
Nigeria,Benue,Tarka,NGA,NG007020,NG00,January,2025,0,0
Nigeria,Benue,Ukum,NGA,NG007021,NG00,January,2025,1,0
Nigeria,Benue,Ushongo,NGA,NG007022,NG00,January,2025,0,0
Nigeria,Benue,Vandeikya,NGA,NG007023,NG00,January,2025,0,0
Nigeria,Borno,Abadan,NGA,NG008001,NG00,January,2025,1,10
Nigeria,Borno,Askira Uba,NGA,NG008002,NG00,January,2025,4,4
Nigeria,Borno,Bama,NGA,NG008003,NG00,January,2025,3,102
Nigeria,Borno,Bayo,NGA,NG008004,NG00,January,2025,0,0
Nigeria,Borno,Biu,NGA,NG008005,NG00,January,2025,0,0
Nigeria,Borno,Chibok,NGA,NG008006,NG00,January,2025,6,5
Nigeria,Borno,Damboa,NGA,NG008007,NG00,January,2025,11,162
Nigeria,Borno,Dikwa,NGA,NG008008,NG00,January,2025,2,2
Nigeria,Borno,Gubio,NGA,NG008009,NG00,January,2025,2,0
Nigeria,Borno,Guzamala,NGA,NG008010,NG00,January,2025,0,0
Nigeria,Borno,Gwoza,NGA,NG008011,NG00,January,2025,13,45
Nigeria,Borno,Hawul,NGA,NG008012,NG00,January,2025,0,0
Nigeria,Borno,Jere,NGA,NG008013,NG00,January,2025,2,0
Nigeria,Borno,Kaga,NGA,NG008014,NG00,January,2025,1,0
Nigeria,Borno,Kala Balge,NGA,NG008015,NG00,January,2025,0,0
Nigeria,Borno,Konduga,NGA,NG008016,NG00,January,2025,9,17
Nigeria,Borno,Kukawa,NGA,NG008017,NG00,January,2025,4,216
Nigeria,Borno,Kwaya Kusar,NGA,NG008018,NG00,January,2025,0,0
Nigeria,Borno,Mafa,NGA,NG008019,NG00,January,2025,5,2
Nigeria,Borno,Magumeri,NGA,NG008020,NG00,January,2025,5,0
Nigeria,Borno,Maiduguri Metro,NGA,NG008021,NG00,January,2025,1,1
Nigeria,Borno,Marte,NGA,NG008022,NG00,January,2025,2,7
Nigeria,Borno,Mobbar,NGA,NG008023,NG00,January,2025,8,41
Nigeria,Borno,Monguno,NGA,NG008024,NG00,January,2025,0,0
Nigeria,Borno,Ngala,NGA,NG008025,NG00,January,2025,1,0
Nigeria,Borno,Nganzai,NGA,NG008026,NG00,January,2025,1,2
Nigeria,Borno,Shani,NGA,NG008027,NG00,January,2025,0,0
Nigeria,Cross River,Abi,NGA,NG009001,NG00,January,2025,0,0
Nigeria,Cross River,Akamkpa,NGA,NG009002,NG00,January,2025,0,0
Nigeria,Cross River,Akpabuyo,NGA,NG009003,NG00,January,2025,0,0
Nigeria,Cross River,Bekwara,NGA,NG009006,NG00,January,2025,0,0
Nigeria,Cross River,Biase,NGA,NG009007,NG00,January,2025,0,0
Nigeria,Cross River,Boki,NGA,NG009008,NG00,January,2025,0,0
Nigeria,Cross River,Calabar Municipal,NGA,NG009010,NG00,January,2025,0,0
Nigeria,Cross River,Calabar South,NGA,NG009009,NG00,January,2025,0,0
Nigeria,Cross River,Etung,NGA,NG009011,NG00,January,2025,0,0
Nigeria,Cross River,Ikom,NGA,NG009012,NG00,January,2025,0,0
Nigeria,Cross River,Obanliku,NGA,NG009013,NG00,January,2025,0,0
Nigeria,Cross River,Obubra,NGA,NG009014,NG00,January,2025,0,0
Nigeria,Cross River,Obudu,NGA,NG009015,NG00,January,2025,0,0
Nigeria,Cross River,Odukpani,NGA,NG009016,NG00,January,2025,1,2
Nigeria,Cross River,Ogaja,NGA,NG009017,NG00,January,2025,0,0
Nigeria,Cross River,Yakurr,NGA,NG009018,NG00,January,2025,0,0
Nigeria,Cross River,Yala,NGA,NG009019,NG00,January,2025,0,0
Nigeria,Delta,Aniocha North,NGA,NG010001,NG01,January,2025,0,0
Nigeria,Delta,Aniocha South,NGA,NG010002,NG01,January,2025,1,0
Nigeria,Delta,Bomadi,NGA,NG010003,NG01,January,2025,0,0
Nigeria,Delta,Burutu,NGA,NG010004,NG01,January,2025,0,0
Nigeria,Delta,Ethiope East,NGA,NG010005,NG01,January,2025,0,0
Nigeria,Delta,Ethiope West,NGA,NG010006,NG01,January,2025,0,0
Nigeria,Delta,Ika North East,NGA,NG010007,NG01,January,2025,2,2
Nigeria,Delta,Ika South,NGA,NG010008,NG01,January,2025,0,0
Nigeria,Delta,Isoko North,NGA,NG010009,NG01,January,2025,0,0
Nigeria,Delta,Isoko South,NGA,NG010010,NG01,January,2025,1,1
Nigeria,Delta,Ndokwa East,NGA,NG010011,NG01,January,2025,0,0
Nigeria,Delta,Ndokwa West,NGA,NG010012,NG01,January,2025,2,1
Nigeria,Delta,Okpe,NGA,NG010013,NG01,January,2025,0,0
Nigeria,Delta,Oshimili North,NGA,NG010014,NG01,January,2025,0,0
Nigeria,Delta,Oshimili South,NGA,NG010015,NG01,January,2025,2,2
Nigeria,Delta,Patani,NGA,NG010016,NG01,January,2025,0,0
Nigeria,Delta,Sapele,NGA,NG010017,NG01,January,2025,1,1
Nigeria,Delta,Udu,NGA,NG010018,NG01,January,2025,0,0
Nigeria,Delta,Ughelli North,NGA,NG010019,NG01,January,2025,0,0
Nigeria,Delta,Ughelli South,NGA,NG010020,NG01,January,2025,0,0
Nigeria,Delta,Ukwuani,NGA,NG010021,NG01,January,2025,0,0
Nigeria,Delta,Uvwie,NGA,NG010022,NG01,January,2025,0,0
Nigeria,Delta,Warri North,NGA,NG010023,NG01,January,2025,0,0
Nigeria,Delta,Warri South,NGA,NG010024,NG01,January,2025,1,0
Nigeria,Delta,Warri South-West,NGA,NG010025,NG01,January,2025,0,0
Nigeria,Ebonyi,Abakaliki,NGA,NG011001,NG01,January,2025,0,0
Nigeria,Ebonyi,Afikpo North,NGA,NG011002,NG01,January,2025,3,3
Nigeria,Ebonyi,Afikpo South,NGA,NG011003,NG01,January,2025,0,0
Nigeria,Ebonyi,Ebonyi,NGA,NG011004,NG01,January,2025,0,0
Nigeria,Ebonyi,Ezza North,NGA,NG011005,NG01,January,2025,0,0
Nigeria,Ebonyi,Ezza South,NGA,NG011006,NG01,January,2025,0,0
Nigeria,Ebonyi,Ikwo,NGA,NG011007,NG01,January,2025,1,0
Nigeria,Ebonyi,Ishielu,NGA,NG011008,NG01,January,2025,0,0
Nigeria,Ebonyi,Ivo,NGA,NG011009,NG01,January,2025,0,0
Nigeria,Ebonyi,Izzi,NGA,NG011010,NG01,January,2025,0,0
Nigeria,Ebonyi,Ohaozara,NGA,NG011011,NG01,January,2025,0,0
Nigeria,Ebonyi,Ohaukwu,NGA,NG011012,NG01,January,2025,1,13
Nigeria,Ebonyi,Onicha,NGA,NG011013,NG01,January,2025,0,0
Nigeria,Edo,Akoko Edo,NGA,NG012001,NG01,January,2025,3,0
Nigeria,Edo,Egor,NGA,NG012002,NG01,January,2025,0,0
Nigeria,Edo,Esan Central,NGA,NG012003,NG01,January,2025,1,0
Nigeria,Edo,Esan North East,NGA,NG012004,NG01,January,2025,0,0
Nigeria,Edo,Esan South East,NGA,NG012005,NG01,January,2025,1,0
Nigeria,Edo,Esan West,NGA,NG012006,NG01,January,2025,1,0
Nigeria,Edo,Etsako Central,NGA,NG012007,NG01,January,2025,0,0
Nigeria,Edo,Etsako East,NGA,NG012008,NG01,January,2025,0,0
Nigeria,Edo,Etsako West,NGA,NG012009,NG01,January,2025,0,0
Nigeria,Edo,Igueben,NGA,NG012010,NG01,January,2025,0,0
Nigeria,Edo,Ikpoba Okha,NGA,NG012011,NG01,January,2025,0,0
Nigeria,Edo,Oredo,NGA,NG012012,NG01,January,2025,5,1
Nigeria,Edo,Orhionwon,NGA,NG012013,NG01,January,2025,0,0
Nigeria,Edo,Ovia North East,NGA,NG012014,NG01,January,2025,0,0
Nigeria,Edo,Ovia South West,NGA,NG012015,NG01,January,2025,0,0
Nigeria,Edo,Owan East,NGA,NG012016,NG01,January,2025,1,0
Nigeria,Edo,Owan West,NGA,NG012017,NG01,January,2025,0,0
Nigeria,Edo,Uhunmwode,NGA,NG012018,NG01,January,2025,1,0
Nigeria,Ekiti,Ado Ekiti,NGA,NG013001,NG01,January,2025,1,0
Nigeria,Ekiti,Aiyekire,NGA,NG013002,NG01,January,2025,0,0
Nigeria,Ekiti,Efon,NGA,NG013003,NG01,January,2025,0,0
Nigeria,Ekiti,Ekiti East,NGA,NG013004,NG01,January,2025,0,0
Nigeria,Ekiti,Ekiti South West,NGA,NG013005,NG01,January,2025,0,0
Nigeria,Ekiti,Ekiti West,NGA,NG013006,NG01,January,2025,0,0
Nigeria,Ekiti,Emure,NGA,NG013007,NG01,January,2025,0,0
Nigeria,Ekiti,Ido-Osi,NGA,NG013008,NG01,January,2025,0,0
Nigeria,Ekiti,Ijero,NGA,NG013009,NG01,January,2025,0,0
Nigeria,Ekiti,Ikere,NGA,NG013010,NG01,January,2025,0,0
Nigeria,Ekiti,Ikole,NGA,NG013011,NG01,January,2025,0,0
Nigeria,Ekiti,Ilejemeji,NGA,NG013012,NG01,January,2025,0,0
Nigeria,Ekiti,Irepodun,NGA,NG013013,NG01,January,2025,0,0
Nigeria,Ekiti,Ise,NGA,NG013014,NG01,January,2025,0,0
Nigeria,Ekiti,Moba,NGA,NG013015,NG01,January,2025,0,0
Nigeria,Ekiti,Oye,NGA,NG013016,NG01,January,2025,0,0
Nigeria,Enugu,Agwu,NGA,NG014002,NG01,January,2025,0,0
Nigeria,Enugu,Aninri,NGA,NG014001,NG01,January,2025,0,0
Nigeria,Enugu,Enugu East,NGA,NG014003,NG01,January,2025,2,1
Nigeria,Enugu,Enugu North,NGA,NG014004,NG01,January,2025,2,1
Nigeria,Enugu,Enugu South,NGA,NG014005,NG01,January,2025,1,0
Nigeria,Enugu,Ezeagu,NGA,NG014006,NG01,January,2025,0,0
Nigeria,Enugu,Igbo Etiti,NGA,NG014007,NG01,January,2025,0,0
Nigeria,Enugu,Igbo Eze North,NGA,NG014008,NG01,January,2025,1,0
Nigeria,Enugu,Igbo Eze South,NGA,NG014009,NG01,January,2025,0,0
Nigeria,Enugu,Isi Uzo,NGA,NG014010,NG01,January,2025,1,1
Nigeria,Enugu,Nkanu East,NGA,NG014011,NG01,January,2025,0,0
Nigeria,Enugu,Nkanu West,NGA,NG014012,NG01,January,2025,0,0
Nigeria,Enugu,Nsukka,NGA,NG014013,NG01,January,2025,1,0
Nigeria,Enugu,Oji River,NGA,NG014014,NG01,January,2025,0,0
Nigeria,Enugu,Udenu,NGA,NG014015,NG01,January,2025,0,0
Nigeria,Enugu,Udi,NGA,NG014016,NG01,January,2025,1,1
Nigeria,Enugu,Uzo Uwani,NGA,NG014017,NG01,January,2025,0,0
Nigeria,Federal Capital Territory,Abaji,NGA,NG015001,NG01,January,2025,1,1
Nigeria,Federal Capital Territory,Abuja Municipal,NGA,NG015002,NG01,January,2025,1,0
Nigeria,Federal Capital Territory,Bwari,NGA,NG015003,NG01,January,2025,2,3
Nigeria,Federal Capital Territory,Gwagwalada,NGA,NG015004,NG01,January,2025,0,0
Nigeria,Federal Capital Territory,Kuje,NGA,NG015005,NG01,January,2025,1,1
Nigeria,Federal Capital Territory,Kwali,NGA,NG015006,NG01,January,2025,0,0
Nigeria,Gombe,Akko,NGA,NG016001,NG01,January,2025,1,0
Nigeria,Gombe,Balanga,NGA,NG016002,NG01,January,2025,0,0
Nigeria,Gombe,Billiri,NGA,NG016003,NG01,January,2025,0,0
Nigeria,Gombe,Dukku,NGA,NG016004,NG01,January,2025,0,0
Nigeria,Gombe,Funakaye,NGA,NG016005,NG01,January,2025,0,0
Nigeria,Gombe,Gombe,NGA,NG016006,NG01,January,2025,0,0
Nigeria,Gombe,Kaltungo,NGA,NG016007,NG01,January,2025,0,0
Nigeria,Gombe,Kwami,NGA,NG016008,NG01,January,2025,0,0
Nigeria,Gombe,Nafada,NGA,NG016009,NG01,January,2025,0,0
Nigeria,Gombe,Shomgom,NGA,NG016010,NG01,January,2025,0,0
Nigeria,Gombe,Yamaltu,NGA,NG016011,NG01,January,2025,0,0
Nigeria,Imo,Aboh Mbaise,NGA,NG017001,NG01,January,2025,0,0
Nigeria,Imo,Ahiazu Mbaise,NGA,NG017002,NG01,January,2025,0,0
Nigeria,Imo,Ehime Mbano,NGA,NG017003,NG01,January,2025,0,0
Nigeria,Imo,Ezinihitte Mbaise,NGA,NG017004,NG01,January,2025,0,0
Nigeria,Imo,Ideato North,NGA,NG017005,NG01,January,2025,0,0
Nigeria,Imo,Ideato South,NGA,NG017006,NG01,January,2025,0,0
Nigeria,Imo,Ihitte Uboma,NGA,NG017007,NG01,January,2025,0,0
Nigeria,Imo,Ikeduru,NGA,NG017008,NG01,January,2025,0,0
Nigeria,Imo,Isiala Mbano,NGA,NG017009,NG01,January,2025,0,0
Nigeria,Imo,Isu,NGA,NG017010,NG01,January,2025,0,0
Nigeria,Imo,Mbaitoli,NGA,NG017011,NG01,January,2025,1,0
Nigeria,Imo,Ngor Okpala,NGA,NG017012,NG01,January,2025,0,0
Nigeria,Imo,Njaba,NGA,NG017013,NG01,January,2025,0,0
Nigeria,Imo,Nkwangele,NGA,NG017015,NG01,January,2025,0,0
Nigeria,Imo,Nkwerre,NGA,NG017014,NG01,January,2025,0,0
Nigeria,Imo,Obowo,NGA,NG017016,NG01,January,2025,0,0
Nigeria,Imo,Oguta,NGA,NG017017,NG01,January,2025,0,0
Nigeria,Imo,Ohaji,NGA,NG017018,NG01,January,2025,2,2
Nigeria,Imo,Okigwe,NGA,NG017019,NG01,January,2025,2,6
Nigeria,Imo,Onuimo,NGA,NG017027,NG01,January,2025,0,0
Nigeria,Imo,Orlu,NGA,NG017020,NG01,January,2025,0,0
Nigeria,Imo,Orsu,NGA,NG017021,NG01,January,2025,6,24
Nigeria,Imo,Oru East,NGA,NG017022,NG01,January,2025,0,0
Nigeria,Imo,Oru West,NGA,NG017023,NG01,January,2025,1,1
Nigeria,Imo,Owerri Municipal,NGA,NG017026,NG01,January,2025,1,1
Nigeria,Imo,Owerri North,NGA,NG017024,NG01,January,2025,2,0
Nigeria,Imo,Owerri West,NGA,NG017025,NG01,January,2025,1,0
Nigeria,Jigawa,Auyo,NGA,NG018001,NG01,January,2025,0,0
Nigeria,Jigawa,Babura,NGA,NG018002,NG01,January,2025,0,0
Nigeria,Jigawa,Birnin Kudu,NGA,NG018004,NG01,January,2025,0,0
Nigeria,Jigawa,Birniwa,NGA,NG018003,NG01,January,2025,0,0
Nigeria,Jigawa,Buji,NGA,NG018005,NG01,January,2025,0,0
Nigeria,Jigawa,Dutse,NGA,NG018006,NG01,January,2025,0,0
Nigeria,Jigawa,Gagarawa,NGA,NG018007,NG01,January,2025,0,0
Nigeria,Jigawa,Garki,NGA,NG018008,NG01,January,2025,0,0
Nigeria,Jigawa,Gumel,NGA,NG018009,NG01,January,2025,0,0
Nigeria,Jigawa,Guri,NGA,NG018010,NG01,January,2025,0,0
Nigeria,Jigawa,Gwaram,NGA,NG018011,NG01,January,2025,0,0
Nigeria,Jigawa,Gwiwa,NGA,NG018012,NG01,January,2025,0,0
Nigeria,Jigawa,Hadejia,NGA,NG018013,NG01,January,2025,0,0
Nigeria,Jigawa,Jahun,NGA,NG018014,NG01,January,2025,3,16
Nigeria,Jigawa,Kafin Hausa,NGA,NG018015,NG01,January,2025,0,0
Nigeria,Jigawa,Kaugama,NGA,NG018016,NG01,January,2025,0,0
Nigeria,Jigawa,Kazaure,NGA,NG018017,NG01,January,2025,0,0
Nigeria,Jigawa,Kiri-Kasamma,NGA,NG018018,NG01,January,2025,0,0
Nigeria,Jigawa,Kiyawa,NGA,NG018019,NG01,January,2025,0,0
Nigeria,Jigawa,Maigatari,NGA,NG018020,NG01,January,2025,0,0
Nigeria,Jigawa,Malam Madori,NGA,NG018021,NG01,January,2025,0,0
Nigeria,Jigawa,Miga,NGA,NG018022,NG01,January,2025,1,4
Nigeria,Jigawa,Ringim,NGA,NG018023,NG01,January,2025,0,0
Nigeria,Jigawa,Roni,NGA,NG018024,NG01,January,2025,0,0
Nigeria,Jigawa,Sule Takarkar,NGA,NG018025,NG01,January,2025,0,0
Nigeria,Jigawa,Taura,NGA,NG018026,NG01,January,2025,0,0
Nigeria,Jigawa,Yankwashi,NGA,NG018027,NG01,January,2025,0,0
Nigeria,Kaduna,Birnin Gwari,NGA,NG019001,NG01,January,2025,2,0
Nigeria,Kaduna,Chikun,NGA,NG019002,NG01,January,2025,2,2
Nigeria,Kaduna,Giwa,NGA,NG019003,NG01,January,2025,0,0
Nigeria,Kaduna,Igabi,NGA,NG019004,NG01,January,2025,0,0
Nigeria,Kaduna,Ikara,NGA,NG019005,NG01,January,2025,0,0
Nigeria,Kaduna,Jaba,NGA,NG019006,NG01,January,2025,0,0
Nigeria,Kaduna,Jema'a,NGA,NG019007,NG01,January,2025,2,1
Nigeria,Kaduna,Kachia,NGA,NG019008,NG01,January,2025,6,4
Nigeria,Kaduna,Kaduna North,NGA,NG019009,NG01,January,2025,1,0
Nigeria,Kaduna,Kaduna South,NGA,NG019010,NG01,January,2025,0,0
Nigeria,Kaduna,Kagarko,NGA,NG019011,NG01,January,2025,2,1
Nigeria,Kaduna,Kajuru,NGA,NG019014,NG01,January,2025,8,5
Nigeria,Kaduna,Kaura,NGA,NG019013,NG01,January,2025,1,0
Nigeria,Kaduna,Kauru,NGA,NG019012,NG01,January,2025,6,6
Nigeria,Kaduna,Kubau,NGA,NG019015,NG01,January,2025,0,0
Nigeria,Kaduna,Kudan,NGA,NG019016,NG01,January,2025,0,0
Nigeria,Kaduna,Lere,NGA,NG019017,NG01,January,2025,0,0
Nigeria,Kaduna,Makarfi,NGA,NG019018,NG01,January,2025,2,1
Nigeria,Kaduna,Sabon Gari,NGA,NG019019,NG01,January,2025,0,0
Nigeria,Kaduna,Sanga,NGA,NG019020,NG01,January,2025,2,0
Nigeria,Kaduna,Soba,NGA,NG019021,NG01,January,2025,0,0
Nigeria,Kaduna,Zangon Kataf,NGA,NG019022,NG01,January,2025,1,0
Nigeria,Kaduna,Zaria,NGA,NG019023,NG01,January,2025,1,1
Nigeria,Kano,Ajingi,NGA,NG020001,NG02,January,2025,0,0
Nigeria,Kano,Albasu,NGA,NG020002,NG02,January,2025,0,0
Nigeria,Kano,Bagwai,NGA,NG020003,NG02,January,2025,0,0
Nigeria,Kano,Bebeji,NGA,NG020004,NG02,January,2025,0,0
Nigeria,Kano,Bichi,NGA,NG020005,NG02,January,2025,0,0
Nigeria,Kano,Bunkure,NGA,NG020006,NG02,January,2025,0,0
Nigeria,Kano,Dala,NGA,NG020007,NG02,January,2025,0,0
Nigeria,Kano,Danbatta,NGA,NG020008,NG02,January,2025,0,0
Nigeria,Kano,Dawakin Kudu,NGA,NG020009,NG02,January,2025,0,0
Nigeria,Kano,Dawakin Tofa,NGA,NG020010,NG02,January,2025,0,0
Nigeria,Kano,Doguwa,NGA,NG020011,NG02,January,2025,0,0
Nigeria,Kano,Fagge,NGA,NG020012,NG02,January,2025,1,0
Nigeria,Kano,Gabasawa,NGA,NG020013,NG02,January,2025,0,0
Nigeria,Kano,Garko,NGA,NG020014,NG02,January,2025,0,0
Nigeria,Kano,Garun Mallam,NGA,NG020015,NG02,January,2025,0,0
Nigeria,Kano,Gaya,NGA,NG020016,NG02,January,2025,0,0
Nigeria,Kano,Gezawa,NGA,NG020017,NG02,January,2025,0,0
Nigeria,Kano,Gwale,NGA,NG020018,NG02,January,2025,0,0
Nigeria,Kano,Gwarzo,NGA,NG020019,NG02,January,2025,0,0
Nigeria,Kano,Kabo,NGA,NG020020,NG02,January,2025,1,0
Nigeria,Kano,Kano Municipal,NGA,NG020021,NG02,January,2025,1,1
Nigeria,Kano,Karaye,NGA,NG020022,NG02,January,2025,0,0
Nigeria,Kano,Kibiya,NGA,NG020023,NG02,January,2025,0,0
Nigeria,Kano,Kiru,NGA,NG020024,NG02,January,2025,0,0
Nigeria,Kano,Kumbotso,NGA,NG020025,NG02,January,2025,0,0
Nigeria,Kano,Kunchi,NGA,NG020026,NG02,January,2025,0,0
Nigeria,Kano,Kura,NGA,NG020027,NG02,January,2025,0,0
Nigeria,Kano,Madobi,NGA,NG020028,NG02,January,2025,0,0
Nigeria,Kano,Makoda,NGA,NG020029,NG02,January,2025,0,0
Nigeria,Kano,Minjibir,NGA,NG020030,NG02,January,2025,0,0
Nigeria,Kano,Nassarawa,NGA,NG020031,NG02,January,2025,0,0
Nigeria,Kano,Rano,NGA,NG020032,NG02,January,2025,0,0
Nigeria,Kano,Rimin Gado,NGA,NG020033,NG02,January,2025,0,0
Nigeria,Kano,Rogo,NGA,NG020034,NG02,January,2025,0,0
Nigeria,Kano,Shanono,NGA,NG020035,NG02,January,2025,0,0
Nigeria,Kano,Sumaila,NGA,NG020036,NG02,January,2025,0,0
Nigeria,Kano,Takai,NGA,NG020037,NG02,January,2025,0,0
Nigeria,Kano,Tarauni,NGA,NG020038,NG02,January,2025,0,0
Nigeria,Kano,Tofa,NGA,NG020039,NG02,January,2025,0,0
Nigeria,Kano,Tsanyawa,NGA,NG020040,NG02,January,2025,0,0
Nigeria,Kano,Tudun Wada,NGA,NG020041,NG02,January,2025,0,0
Nigeria,Kano,Ungogo,NGA,NG020042,NG02,January,2025,0,0
Nigeria,Kano,Warawa,NGA,NG020043,NG02,January,2025,0,0
Nigeria,Kano,Wudil,NGA,NG020044,NG02,January,2025,0,0
Nigeria,Katsina,Bakori,NGA,NG021001,NG02,January,2025,5,2
Nigeria,Katsina,Batagarawa,NGA,NG021002,NG02,January,2025,0,0
Nigeria,Katsina,Batsari,NGA,NG021003,NG02,January,2025,6,18
Nigeria,Katsina,Baure,NGA,NG021004,NG02,January,2025,0,0
Nigeria,Katsina,Bindawa,NGA,NG021005,NG02,January,2025,0,0
Nigeria,Katsina,Charanchi,NGA,NG021006,NG02,January,2025,0,0
Nigeria,Katsina,Dan-Musa,NGA,NG021007,NG02,January,2025,2,1
Nigeria,Katsina,Dandume,NGA,NG021008,NG02,January,2025,5,15
Nigeria,Katsina,Danja,NGA,NG021009,NG02,January,2025,1,0
Nigeria,Katsina,Daura,NGA,NG021010,NG02,January,2025,0,0
Nigeria,Katsina,Dutsi,NGA,NG021011,NG02,January,2025,0,0
Nigeria,Katsina,Dutsinma,NGA,NG021012,NG02,January,2025,9,15
Nigeria,Katsina,Faskari,NGA,NG021013,NG02,January,2025,8,4
Nigeria,Katsina,Funtua,NGA,NG021014,NG02,January,2025,3,2
Nigeria,Katsina,Ingawa,NGA,NG021015,NG02,January,2025,0,0
Nigeria,Katsina,Jibia,NGA,NG021016,NG02,January,2025,4,85
Nigeria,Katsina,Kafur,NGA,NG021017,NG02,January,2025,2,4
Nigeria,Katsina,Kaita,NGA,NG021018,NG02,January,2025,0,0
Nigeria,Katsina,Kankara,NGA,NG021019,NG02,January,2025,8,5
Nigeria,Katsina,Kankia,NGA,NG021020,NG02,January,2025,1,0
Nigeria,Katsina,Katsina,NGA,NG021021,NG02,January,2025,0,0
Nigeria,Katsina,Kurfi,NGA,NG021022,NG02,January,2025,0,0
Nigeria,Katsina,Kusada,NGA,NG021023,NG02,January,2025,2,3
Nigeria,Katsina,Maiadua,NGA,NG021024,NG02,January,2025,0,0
Nigeria,Katsina,Malumfashi,NGA,NG021025,NG02,January,2025,4,3
Nigeria,Katsina,Mani,NGA,NG021026,NG02,January,2025,0,0
Nigeria,Katsina,Mashi,NGA,NG021027,NG02,January,2025,0,0
Nigeria,Katsina,Matazu,NGA,NG021028,NG02,January,2025,1,1
Nigeria,Katsina,Musawa,NGA,NG021029,NG02,January,2025,1,0
Nigeria,Katsina,Rimi,NGA,NG021030,NG02,January,2025,0,0
Nigeria,Katsina,Sabuwa,NGA,NG021031,NG02,January,2025,2,2
Nigeria,Katsina,Safana,NGA,NG021032,NG02,January,2025,5,39
Nigeria,Katsina,Sandamu,NGA,NG021033,NG02,January,2025,0,0
Nigeria,Katsina,Zango,NGA,NG021034,NG02,January,2025,0,0
Nigeria,Kebbi,Alieru,NGA,NG022001,NG02,January,2025,0,0
Nigeria,Kebbi,Arewa,NGA,NG022002,NG02,January,2025,1,4
Nigeria,Kebbi,Argungu,NGA,NG022003,NG02,January,2025,2,5
Nigeria,Kebbi,Augie,NGA,NG022004,NG02,January,2025,0,0
Nigeria,Kebbi,Bagudo,NGA,NG022005,NG02,January,2025,0,0
Nigeria,Kebbi,Birnin-Kebbi,NGA,NG022006,NG02,January,2025,0,0
Nigeria,Kebbi,Bunza,NGA,NG022007,NG02,January,2025,0,0
Nigeria,Kebbi,Dandi Kamba,NGA,NG022008,NG02,January,2025,1,1
Nigeria,Kebbi,Danko,NGA,NG022019,NG02,January,2025,1,0
Nigeria,Kebbi,Fakai,NGA,NG022009,NG02,January,2025,0,0
Nigeria,Kebbi,Gwandu,NGA,NG022010,NG02,January,2025,0,0
Nigeria,Kebbi,Jega,NGA,NG022011,NG02,January,2025,0,0
Nigeria,Kebbi,Kalgo,NGA,NG022012,NG02,January,2025,0,0
Nigeria,Kebbi,Koko,NGA,NG022013,NG02,January,2025,0,0
Nigeria,Kebbi,Maiyama,NGA,NG022014,NG02,January,2025,0,0
Nigeria,Kebbi,Ngaski,NGA,NG022015,NG02,January,2025,0,0
Nigeria,Kebbi,Sakaba,NGA,NG022016,NG02,January,2025,0,0
Nigeria,Kebbi,Shanga,NGA,NG022017,NG02,January,2025,0,0
Nigeria,Kebbi,Suru,NGA,NG022018,NG02,January,2025,0,0
Nigeria,Kebbi,Yauri,NGA,NG022020,NG02,January,2025,0,0
Nigeria,Kebbi,Zuru,NGA,NG022021,NG02,January,2025,1,2
Nigeria,Kogi,Adavi,NGA,NG023001,NG02,January,2025,0,0
Nigeria,Kogi,Ajaokuta,NGA,NG023002,NG02,January,2025,0,0
Nigeria,Kogi,Ankpa,NGA,NG023003,NG02,January,2025,0,0
Nigeria,Kogi,Bassa,NGA,NG023004,NG02,January,2025,0,0
Nigeria,Kogi,Dekina,NGA,NG023005,NG02,January,2025,1,0
Nigeria,Kogi,Ibaji,NGA,NG023006,NG02,January,2025,0,0
Nigeria,Kogi,Idah,NGA,NG023007,NG02,January,2025,0,0
Nigeria,Kogi,Igalamela,NGA,NG023008,NG02,January,2025,0,0
Nigeria,Kogi,Ijumu,NGA,NG023009,NG02,January,2025,0,0
Nigeria,Kogi,Kabba,NGA,NG023010,NG02,January,2025,1,2
Nigeria,Kogi,Kogi,NGA,NG023011,NG02,January,2025,0,0
Nigeria,Kogi,Lokoja,NGA,NG023012,NG02,January,2025,1,1
Nigeria,Kogi,Mopa-Muro,NGA,NG023013,NG02,January,2025,0,0
Nigeria,Kogi,Ofu,NGA,NG023014,NG02,January,2025,2,3
Nigeria,Kogi,Ogori,NGA,NG023015,NG02,January,2025,0,0
Nigeria,Kogi,Okehi,NGA,NG023016,NG02,January,2025,0,0
Nigeria,Kogi,Okene,NGA,NG023017,NG02,January,2025,1,0
Nigeria,Kogi,Olamaboro,NGA,NG023018,NG02,January,2025,0,0
Nigeria,Kogi,Omala,NGA,NG023019,NG02,January,2025,0,0
Nigeria,Kogi,Yagba East,NGA,NG023020,NG02,January,2025,0,0
Nigeria,Kogi,Yagba West,NGA,NG023021,NG02,January,2025,2,1
Nigeria,Kwara,Asa,NGA,NG024001,NG02,January,2025,1,0
Nigeria,Kwara,Baruten,NGA,NG024002,NG02,January,2025,0,0
Nigeria,Kwara,Edu,NGA,NG024003,NG02,January,2025,0,0
Nigeria,Kwara,Ekiti,NGA,NG024004,NG02,January,2025,0,0
Nigeria,Kwara,Ifelodun,NGA,NG024005,NG02,January,2025,0,0
Nigeria,Kwara,Ilorin East,NGA,NG024006,NG02,January,2025,0,0
Nigeria,Kwara,Ilorin South,NGA,NG024007,NG02,January,2025,1,1
Nigeria,Kwara,Ilorin West,NGA,NG024008,NG02,January,2025,1,0
Nigeria,Kwara,Irepodun,NGA,NG024009,NG02,January,2025,0,0
Nigeria,Kwara,Kai Ama,NGA,NG024011,NG02,January,2025,0,0
Nigeria,Kwara,Moro,NGA,NG024012,NG02,January,2025,0,0
Nigeria,Kwara,Offa,NGA,NG024013,NG02,January,2025,0,0
Nigeria,Kwara,Oke-Ero,NGA,NG024014,NG02,January,2025,0,0
Nigeria,Kwara,Osin,NGA,NG024010,NG02,January,2025,1,0
Nigeria,Kwara,Oyun,NGA,NG024015,NG02,January,2025,0,0
Nigeria,Kwara,Pategi,NGA,NG024016,NG02,January,2025,0,0
Nigeria,Lagos,Agege,NGA,NG025001,NG02,January,2025,0,0
Nigeria,Lagos,Ajeromi,NGA,NG025002,NG02,January,2025,0,0
Nigeria,Lagos,Alimosho,NGA,NG025003,NG02,January,2025,4,2
Nigeria,Lagos,Amowo-Odofin,NGA,NG025004,NG02,January,2025,3,2
Nigeria,Lagos,Apapa,NGA,NG025005,NG02,January,2025,0,0
Nigeria,Lagos,Badagry,NGA,NG025006,NG02,January,2025,0,0
Nigeria,Lagos,Epe,NGA,NG025007,NG02,January,2025,0,0
Nigeria,Lagos,Eti-Osa,NGA,NG025008,NG02,January,2025,4,3
Nigeria,Lagos,Ibeju-Lekki,NGA,NG025009,NG02,January,2025,0,0
Nigeria,Lagos,Ifako,NGA,NG025010,NG02,January,2025,1,1
Nigeria,Lagos,Ikeja,NGA,NG025011,NG02,January,2025,0,0
Nigeria,Lagos,Ikorodu,NGA,NG025012,NG02,January,2025,3,4
Nigeria,Lagos,Kosofe,NGA,NG025013,NG02,January,2025,0,0
Nigeria,Lagos,Lagos Island,NGA,NG025014,NG02,January,2025,0,0
Nigeria,Lagos,Lagos Mainland,NGA,NG025015,NG02,January,2025,0,0
Nigeria,Lagos,Mushin,NGA,NG025016,NG02,January,2025,2,0
Nigeria,Lagos,Ojo,NGA,NG025017,NG02,January,2025,1,1
Nigeria,Lagos,Oshodi,NGA,NG025018,NG02,January,2025,0,0
Nigeria,Lagos,Somolu,NGA,NG025019,NG02,January,2025,1,1
Nigeria,Lagos,Surulere,NGA,NG025020,NG02,January,2025,0,0
Nigeria,Nassarawa,Akwanga,NGA,NG026001,NG02,January,2025,1,0
Nigeria,Nassarawa,Awe,NGA,NG026002,NG02,January,2025,0,0
Nigeria,Nassarawa,Doma,NGA,NG026003,NG02,January,2025,0,0
Nigeria,Nassarawa,Karu,NGA,NG026004,NG02,January,2025,2,7
Nigeria,Nassarawa,Keana,NGA,NG026005,NG02,January,2025,0,0
Nigeria,Nassarawa,Keffi,NGA,NG026006,NG02,January,2025,0,0
Nigeria,Nassarawa,Kokona,NGA,NG026007,NG02,January,2025,0,0
Nigeria,Nassarawa,Lafia,NGA,NG026008,NG02,January,2025,0,0
Nigeria,Nassarawa,Nasarawa,NGA,NG026009,NG02,January,2025,2,2
Nigeria,Nassarawa,Nasarawa Eggon,NGA,NG026010,NG02,January,2025,0,0
Nigeria,Nassarawa,Obi,NGA,NG026011,NG02,January,2025,0,0
Nigeria,Nassarawa,Toto,NGA,NG026012,NG02,January,2025,0,0
Nigeria,Nassarawa,Wamba,NGA,NG026013,NG02,January,2025,0,0
Nigeria,Niger,Agaie,NGA,NG027001,NG02,January,2025,0,0
Nigeria,Niger,Agwara,NGA,NG027002,NG02,January,2025,0,0
Nigeria,Niger,Bida,NGA,NG027003,NG02,January,2025,0,0
Nigeria,Niger,Borgu,NGA,NG027004,NG02,January,2025,7,26
Nigeria,Niger,Bosso,NGA,NG027005,NG02,January,2025,0,0
Nigeria,Niger,Edati,NGA,NG027017,NG02,January,2025,0,0
Nigeria,Niger,Gbako,NGA,NG027008,NG02,January,2025,0,0
Nigeria,Niger,Gurara,NGA,NG027009,NG02,January,2025,0,0
Nigeria,Niger,Katcha,NGA,NG027010,NG02,January,2025,0,0
Nigeria,Niger,Kontagora,NGA,NG027011,NG02,January,2025,0,0
Nigeria,Niger,Lapai,NGA,NG027012,NG02,January,2025,0,0
Nigeria,Niger,Lavun,NGA,NG027013,NG02,January,2025,0,0
Nigeria,Niger,Magama,NGA,NG027014,NG02,January,2025,0,0
Nigeria,Niger,Mariga,NGA,NG027015,NG02,January,2025,1,1
Nigeria,Niger,Mashegu,NGA,NG027016,NG02,January,2025,0,0
Nigeria,Niger,Minna,NGA,NG027006,NG02,January,2025,1,1
Nigeria,Niger,Mokwa,NGA,NG027017,NG02,January,2025,0,0
Nigeria,Niger,Muya,NGA,NG027018,NG02,January,2025,0,0
Nigeria,Niger,Paikoro,NGA,NG027019,NG02,January,2025,0,0
Nigeria,Niger,Rafi,NGA,NG027020,NG02,January,2025,1,10
Nigeria,Niger,Rijau,NGA,NG027021,NG02,January,2025,0,0
Nigeria,Niger,Shiroro,NGA,NG027022,NG02,January,2025,4,40
Nigeria,Niger,Suleja,NGA,NG027023,NG02,January,2025,0,0
Nigeria,Niger,Tafa,NGA,NG027024,NG02,January,2025,1,1
Nigeria,Niger,Wushishi,NGA,NG027025,NG02,January,2025,0,0
Nigeria,Ogun,Abeokuta North,NGA,NG028001,NG02,January,2025,0,0
Nigeria,Ogun,Abeokuta South,NGA,NG028002,NG02,January,2025,1,1
Nigeria,Ogun,Ado-Odo,NGA,NG028003,NG02,January,2025,0,0
Nigeria,Ogun,Egbado North,NGA,NG028004,NG02,January,2025,0,0
Nigeria,Ogun,Egbado South,NGA,NG028005,NG02,January,2025,0,0
Nigeria,Ogun,Ewekoro,NGA,NG028006,NG02,January,2025,1,0
Nigeria,Ogun,Ifo,NGA,NG028007,NG02,January,2025,0,0
Nigeria,Ogun,Ijebu East,NGA,NG028008,NG02,January,2025,0,0
Nigeria,Ogun,Ijebu North,NGA,NG028009,NG02,January,2025,0,0
Nigeria,Ogun,Ijebu North East,NGA,NG028010,NG02,January,2025,0,0
Nigeria,Ogun,Ijebu Ode,NGA,NG028010,NG02,January,2025,0,0
Nigeria,Ogun,Ikenne,NGA,NG028012,NG02,January,2025,1,5
Nigeria,Ogun,Imeko-Afon,NGA,NG028013,NG02,January,2025,0,0
Nigeria,Ogun,Ipokia,NGA,NG028014,NG02,January,2025,1,1
Nigeria,Ogun,Obafemi,NGA,NG028015,NG02,January,2025,1,0
Nigeria,Ogun,Odedah,NGA,NG028016,NG02,January,2025,2,2
Nigeria,Ogun,Odogbolu,NGA,NG028017,NG02,January,2025,0,0
Nigeria,Ogun,Ogun Waterside,NGA,NG028018,NG02,January,2025,0,0
Nigeria,Ogun,Remo North,NGA,NG028019,NG02,January,2025,1,0
Nigeria,Ogun,Shagamu,NGA,NG028020,NG02,January,2025,0,0
Nigeria,Ondo,Akoko North East,NGA,NG029001,NG02,January,2025,0,0
Nigeria,Ondo,Akoko North West,NGA,NG029002,NG02,January,2025,0,0
Nigeria,Ondo,Akoko South East,NGA,NG029003,NG02,January,2025,0,0
Nigeria,Ondo,Akoko South West,NGA,NG029004,NG02,January,2025,2,2
Nigeria,Ondo,Akure North,NGA,NG029005,NG02,January,2025,1,5
Nigeria,Ondo,Akure South,NGA,NG029006,NG02,January,2025,1,0
Nigeria,Ondo,Ese-Edo,NGA,NG029007,NG02,January,2025,0,0
Nigeria,Ondo,Idanre,NGA,NG029008,NG02,January,2025,1,5
Nigeria,Ondo,Ifedore,NGA,NG029009,NG02,January,2025,0,0
Nigeria,Ondo,Ilaje,NGA,NG029010,NG02,January,2025,0,0
Nigeria,Ondo,Ile-Oluji-Okeigbo,NGA,NG029011,NG02,January,2025,0,0
Nigeria,Ondo,Irele,NGA,NG029012,NG02,January,2025,0,0
Nigeria,Ondo,Odigbo,NGA,NG029013,NG02,January,2025,0,0
Nigeria,Ondo,Okitipupa,NGA,NG029014,NG02,January,2025,0,0
Nigeria,Ondo,Ondo East,NGA,NG029015,NG02,January,2025,0,0
Nigeria,Ondo,Ondo West,NGA,NG029016,NG02,January,2025,0,0
Nigeria,Ondo,Ose,NGA,NG029017,NG02,January,2025,0,0
Nigeria,Ondo,Owo,NGA,NG029018,NG02,January,2025,2,5
Nigeria,Osun,Aiyedade,NGA,NG030001,NG03,January,2025,0,0
Nigeria,Osun,Aiyedire,NGA,NG030002,NG03,January,2025,0,0
Nigeria,Osun,Atakumosa East,NGA,NG030003,NG03,January,2025,0,0
Nigeria,Osun,Atakumosa West,NGA,NG030004,NG03,January,2025,0,0
Nigeria,Osun,Boluwaduro,NGA,NG030005,NG03,January,2025,0,0
Nigeria,Osun,Boripe,NGA,NG030006,NG03,January,2025,0,0
Nigeria,Osun,Ede North,NGA,NG030007,NG03,January,2025,0,0
Nigeria,Osun,Ede South,NGA,NG030008,NG03,January,2025,0,0
Nigeria,Osun,Egbedore,NGA,NG030009,NG03,January,2025,2,0
Nigeria,Osun,Ejigbo,NGA,NG030010,NG03,January,2025,0,0
Nigeria,Osun,Ife Central,NGA,NG030011,NG03,January,2025,0,0
Nigeria,Osun,Ife East,NGA,NG030012,NG03,January,2025,0,0
Nigeria,Osun,Ife North,NGA,NG030013,NG03,January,2025,0,0
Nigeria,Osun,Ife South,NGA,NG030014,NG03,January,2025,0,0
Nigeria,Osun,Ifedayo,NGA,NG030015,NG03,January,2025,0,0
Nigeria,Osun,Ifelodun,NGA,NG030016,NG03,January,2025,0,0
Nigeria,Osun,Ila,NGA,NG030017,NG03,January,2025,0,0
Nigeria,Osun,Ilesha East,NGA,NG030018,NG03,January,2025,0,0
Nigeria,Osun,Ilesha West,NGA,NG030019,NG03,January,2025,0,0
Nigeria,Osun,Irepodun,NGA,NG030020,NG03,January,2025,1,1
Nigeria,Osun,Irewole,NGA,NG030021,NG03,January,2025,0,0
Nigeria,Osun,Isokan,NGA,NG030022,NG03,January,2025,0,0
Nigeria,Osun,Iwo,NGA,NG030023,NG03,January,2025,0,0
Nigeria,Osun,Obokun,NGA,NG030024,NG03,January,2025,0,0
Nigeria,Osun,Odo-Otin,NGA,NG030025,NG03,January,2025,0,0
Nigeria,Osun,Ola-Oluwa,NGA,NG030026,NG03,January,2025,0,0
Nigeria,Osun,Olorunda,NGA,NG030027,NG03,January,2025,0,0
Nigeria,Osun,Oriade,NGA,NG030028,NG03,January,2025,0,0
Nigeria,Osun,Orolu,NGA,NG030029,NG03,January,2025,1,0
Nigeria,Osun,Osogbo,NGA,NG030030,NG03,January,2025,0,0
Nigeria,Oyo,Afijio,NGA,NG031001,NG03,January,2025,0,0
Nigeria,Oyo,Akinyele,NGA,NG031002,NG03,January,2025,1,0
Nigeria,Oyo,Atiba,NGA,NG031003,NG03,January,2025,0,0
Nigeria,Oyo,Atisbo,NGA,NG031004,NG03,January,2025,0,0
Nigeria,Oyo,Egbeda,NGA,NG031005,NG03,January,2025,0,0
Nigeria,Oyo,Ibadan North,NGA,NG031006,NG03,January,2025,0,0
Nigeria,Oyo,Ibadan North East,NGA,NG031007,NG03,January,2025,0,0
Nigeria,Oyo,Ibadan North West,NGA,NG031008,NG03,January,2025,0,0
Nigeria,Oyo,Ibadan South East,NGA,NG031009,NG03,January,2025,0,0
Nigeria,Oyo,Ibadan South West,NGA,NG031010,NG03,January,2025,0,0
Nigeria,Oyo,Ibarapa Central,NGA,NG031011,NG03,January,2025,0,0
Nigeria,Oyo,Ibarapa East,NGA,NG031012,NG03,January,2025,0,0
Nigeria,Oyo,Ibarapa North,NGA,NG031013,NG03,January,2025,0,0
Nigeria,Oyo,Ido,NGA,NG031014,NG03,January,2025,0,0
Nigeria,Oyo,Irepo,NGA,NG031015,NG03,January,2025,0,0
Nigeria,Oyo,Iseyin,NGA,NG031016,NG03,January,2025,1,1
Nigeria,Oyo,Itesiwaju,NGA,NG031017,NG03,January,2025,0,0
Nigeria,Oyo,Iwajowa,NGA,NG031018,NG03,January,2025,0,0
Nigeria,Oyo,Kajola,NGA,NG031019,NG03,January,2025,0,0
Nigeria,Oyo,Lagelu,NGA,NG031020,NG03,January,2025,0,0
Nigeria,Oyo,Ogbomosho North,NGA,NG031021,NG03,January,2025,0,0
Nigeria,Oyo,Ogbomosho South,NGA,NG031022,NG03,January,2025,0,0
Nigeria,Oyo,Ogo-Oluwa,NGA,NG031023,NG03,January,2025,0,0
Nigeria,Oyo,Olorunsogo,NGA,NG031024,NG03,January,2025,0,0
Nigeria,Oyo,Oluyole,NGA,NG031025,NG03,January,2025,0,0
Nigeria,Oyo,Ona-Ara,NGA,NG031026,NG03,January,2025,0,0
Nigeria,Oyo,Orelope,NGA,NG031027,NG03,January,2025,0,0
Nigeria,Oyo,Ori Ire,NGA,NG031028,NG03,January,2025,0,0
Nigeria,Oyo,Oyo East,NGA,NG031029,NG03,January,2025,0,0
Nigeria,Oyo,Oyo West,NGA,NG031030,NG03,January,2025,0,0
Nigeria,Oyo,Saki East,NGA,NG031031,NG03,January,2025,0,0
Nigeria,Oyo,Saki West,NGA,NG031032,NG03,January,2025,0,0
Nigeria,Oyo,Surulere,NGA,NG031033,NG03,January,2025,1,0
Nigeria,Plateau,Barkin Ladi,NGA,NG032001,NG03,January,2025,1,1
Nigeria,Plateau,Bassa,NGA,NG032002,NG03,January,2025,0,0
Nigeria,Plateau,Bokkos,NGA,NG032003,NG03,January,2025,1,3
Nigeria,Plateau,Jos East,NGA,NG032004,NG03,January,2025,0,0
Nigeria,Plateau,Jos North,NGA,NG032005,NG03,January,2025,0,0
Nigeria,Plateau,Jos South,NGA,NG032006,NG03,January,2025,0,0
Nigeria,Plateau,Kanam,NGA,NG032007,NG03,January,2025,0,0
Nigeria,Plateau,Kanke,NGA,NG032008,NG03,January,2025,0,0
Nigeria,Plateau,Langtang North,NGA,NG032009,NG03,January,2025,0,0
Nigeria,Plateau,Langtang South,NGA,NG032010,NG03,January,2025,0,0
Nigeria,Plateau,Mangu,NGA,NG032011,NG03,January,2025,1,7
Nigeria,Plateau,Mikang,NGA,NG032012,NG03,January,2025,0,0
Nigeria,Plateau,Pankshin,NGA,NG032013,NG03,January,2025,1,1
Nigeria,Plateau,Quan-Pan,NGA,NG032014,NG03,January,2025,0,0
Nigeria,Plateau,Riyom,NGA,NG032015,NG03,January,2025,0,0
Nigeria,Plateau,Shendam,NGA,NG032016,NG03,January,2025,0,0
Nigeria,Plateau,Wase,NGA,NG032017,NG03,January,2025,1,0
Nigeria,Rivers,Ahoada,NGA,NG033002,NG03,January,2025,0,0
Nigeria,Rivers,Ahoada West,NGA,NG033003,NG03,January,2025,1,2
Nigeria,Rivers,Akukutoru,NGA,NG033004,NG03,January,2025,0,0
Nigeria,Rivers,Andoni,NGA,NG033005,NG03,January,2025,0,0
Nigeria,Rivers,Asaritoru,NGA,NG033006,NG03,January,2025,0,0
Nigeria,Rivers,Bonny,NGA,NG033007,NG03,January,2025,0,0
Nigeria,Rivers,Degema,NGA,NG033008,NG03,January,2025,0,0
Nigeria,Rivers,Eleme,NGA,NG033009,NG03,January,2025,1,1
Nigeria,Rivers,Emohua,NGA,NG033010,NG03,January,2025,0,0
Nigeria,Rivers,Etche,NGA,NG033011,NG03,January,2025,0,0
Nigeria,Rivers,Gonaka,NGA,NG033012,NG03,January,2025,0,0
Nigeria,Rivers,Ikwerre,NGA,NG033013,NG03,January,2025,1,2
Nigeria,Rivers,Khana,NGA,NG033014,NG03,January,2025,0,0
Nigeria,Rivers,Obio,NGA,NG033015,NG03,January,2025,0,0
Nigeria,Rivers,Obua,NGA,NG033001,NG03,January,2025,0,0
Nigeria,Rivers,Ogba,NGA,NG033016,NG03,January,2025,0,0
Nigeria,Rivers,Ogu,NGA,NG033017,NG03,January,2025,0,0
Nigeria,Rivers,Okrika,NGA,NG033018,NG03,January,2025,1,2
Nigeria,Rivers,Omumma,NGA,NG033019,NG03,January,2025,0,0
Nigeria,Rivers,Opobo,NGA,NG033020,NG03,January,2025,0,0
Nigeria,Rivers,Oyigbo,NGA,NG033021,NG03,January,2025,0,0
Nigeria,Rivers,Port Harcourt,NGA,NG033022,NG03,January,2025,1,0
Nigeria,Rivers,Tai,NGA,NG033023,NG03,January,2025,0,0
Nigeria,Sokoto,Binji,NGA,NG034001,NG03,January,2025,1,1
Nigeria,Sokoto,Bodinga,NGA,NG034002,NG03,January,2025,0,0
Nigeria,Sokoto,Dange-Shuni,NGA,NG034003,NG03,January,2025,0,0
Nigeria,Sokoto,Gada,NGA,NG034004,NG03,January,2025,0,0
Nigeria,Sokoto,Goronyo,NGA,NG034006,NG03,January,2025,6,5
Nigeria,Sokoto,Gudu,NGA,NG034007,NG03,January,2025,1,11
Nigeria,Sokoto,Gwadabawa,NGA,NG034005,NG03,January,2025,0,0
Nigeria,Sokoto,Illela,NGA,NG034008,NG03,January,2025,1,0
Nigeria,Sokoto,Isa,NGA,NG034009,NG03,January,2025,6,19
Nigeria,Sokoto,Kebbe,NGA,NG034010,NG03,January,2025,0,0
Nigeria,Sokoto,Kware,NGA,NG034011,NG03,January,2025,0,0
Nigeria,Sokoto,Rabah,NGA,NG034012,NG03,January,2025,1,1
Nigeria,Sokoto,Sabon Birni,NGA,NG034013,NG03,January,2025,11,11
Nigeria,Sokoto,Shagari,NGA,NG034014,NG03,January,2025,0,0
Nigeria,Sokoto,Silame,NGA,NG034015,NG03,January,2025,0,0
Nigeria,Sokoto,Sokoto North,NGA,NG034016,NG03,January,2025,0,0
Nigeria,Sokoto,Sokoto South,NGA,NG034017,NG03,January,2025,0,0
Nigeria,Sokoto,Tambuwal,NGA,NG034018,NG03,January,2025,1,0
Nigeria,Sokoto,Tangaza,NGA,NG034019,NG03,January,2025,0,0
Nigeria,Sokoto,Tureta,NGA,NG034020,NG03,January,2025,0,0
Nigeria,Sokoto,Wamakko,NGA,NG034021,NG03,January,2025,0,0
Nigeria,Sokoto,Wurno,NGA,NG034022,NG03,January,2025,0,0
Nigeria,Sokoto,Yabo,NGA,NG034023,NG03,January,2025,0,0
Nigeria,Taraba,Ardo Kola,NGA,NG035001,NG03,January,2025,0,0
Nigeria,Taraba,Bali,NGA,NG035002,NG03,January,2025,0,0
Nigeria,Taraba,Donga,NGA,NG035003,NG03,January,2025,0,0
Nigeria,Taraba,Gashaka,NGA,NG035004,NG03,January,2025,0,0
Nigeria,Taraba,Gassol,NGA,NG035005,NG03,January,2025,0,0
Nigeria,Taraba,Ibi,NGA,NG035006,NG03,January,2025,2,0
Nigeria,Taraba,Jalingo,NGA,NG035007,NG03,January,2025,0,0
Nigeria,Taraba,Karim Lamidu,NGA,NG035008,NG03,January,2025,1,0
Nigeria,Taraba,Kurmi,NGA,NG035009,NG03,January,2025,0,0
Nigeria,Taraba,Lau,NGA,NG035010,NG03,January,2025,0,0
Nigeria,Taraba,Sardauna,NGA,NG035011,NG03,January,2025,0,0
Nigeria,Taraba,Takum,NGA,NG035012,NG03,January,2025,0,0
Nigeria,Taraba,Ussa,NGA,NG035013,NG03,January,2025,0,0
Nigeria,Taraba,Wukari,NGA,NG035014,NG03,January,2025,0,0
Nigeria,Taraba,Yorro,NGA,NG035015,NG03,January,2025,0,0
Nigeria,Taraba,Zing,NGA,NG035016,NG03,January,2025,0,0
Nigeria,Yobe,Bade,NGA,NG036001,NG03,January,2025,0,0
Nigeria,Yobe,Bursari,NGA,NG036002,NG03,January,2025,1,0
Nigeria,Yobe,Damaturu,NGA,NG036003,NG03,January,2025,0,0
Nigeria,Yobe,Fika,NGA,NG036004,NG03,January,2025,1,3
Nigeria,Yobe,Fune,NGA,NG036005,NG03,January,2025,4,1
Nigeria,Yobe,Geidam,NGA,NG036006,NG03,January,2025,1,0
Nigeria,Yobe,Gujba,NGA,NG036007,NG03,January,2025,1,4
Nigeria,Yobe,Gulami,NGA,NG036008,NG03,January,2025,0,0
Nigeria,Yobe,Jakusko,NGA,NG036009,NG03,January,2025,1,1
Nigeria,Yobe,Karasuwa,NGA,NG036010,NG03,January,2025,0,0
Nigeria,Yobe,Machina,NGA,NG036011,NG03,January,2025,0,0
Nigeria,Yobe,Nangere,NGA,NG036012,NG03,January,2025,0,0
Nigeria,Yobe,Nguru,NGA,NG036013,NG03,January,2025,0,0
Nigeria,Yobe,Potiskum,NGA,NG036014,NG03,January,2025,0,0
Nigeria,Yobe,Tarmua,NGA,NG036015,NG03,January,2025,1,0
Nigeria,Yobe,Yunusari,NGA,NG036016,NG03,January,2025,2,2
Nigeria,Yobe,Yusufari,NGA,NG036017,NG03,January,2025,0,0
Nigeria,Zamfara,Anka,NGA,NG037001,NG03,January,2025,2,2
Nigeria,Zamfara,Bakura,NGA,NG037002,NG03,January,2025,2,3
Nigeria,Zamfara,Bukkuyum,NGA,NG037004,NG03,January,2025,15,24
Nigeria,Zamfara,Bungudu,NGA,NG037005,NG03,January,2025,1,0
Nigeria,Zamfara,Gummi,NGA,NG037006,NG03,January,2025,1,0
Nigeria,Zamfara,Gusau,NGA,NG037007,NG03,January,2025,8,1
Nigeria,Zamfara,Kaura Namoda,NGA,NG037008,NG03,January,2025,3,9
Nigeria,Zamfara,Kiyawa,NGA,NG037003,NG03,January,2025,1,0
Nigeria,Zamfara,Maradun,NGA,NG037009,NG03,January,2025,9,17
Nigeria,Zamfara,Maru,NGA,NG037010,NG03,January,2025,6,4
Nigeria,Zamfara,Shinkafi,NGA,NG037011,NG03,January,2025,32,88
Nigeria,Zamfara,Talata Mafara,NGA,NG037012,NG03,January,2025,1,0
Nigeria,Zamfara,Tsafe,NGA,NG037013,NG03,January,2025,19,43
Nigeria,Zamfara,Zurmi,NGA,NG037014,NG03,January,2025,7,30
Nigeria,Abia,Aba North,NGA,NG001001,NG00,February,2025,0,0
Nigeria,Abia,Aba South,NGA,NG001002,NG00,February,2025,1,1
Nigeria,Abia,Arochukwu,NGA,NG001003,NG00,February,2025,0,0
Nigeria,Abia,Bende,NGA,NG001004,NG00,February,2025,0,0
Nigeria,Abia,Ikwuano,NGA,NG001005,NG00,February,2025,1,1
Nigeria,Abia,Isiala Ngwa North,NGA,NG001007,NG00,February,2025,0,0
Nigeria,Abia,Isiala Ngwa South,NGA,NG001006,NG00,February,2025,0,0
Nigeria,Abia,Isuikwuato,NGA,NG001008,NG00,February,2025,0,0
Nigeria,Abia,Nneochi,NGA,NG001017,NG00,February,2025,0,0
Nigeria,Abia,Obioma Ngwa,NGA,NG001009,NG00,February,2025,0,0
Nigeria,Abia,Ohafia,NGA,NG001010,NG00,February,2025,0,0
Nigeria,Abia,Osisioma,NGA,NG001011,NG00,February,2025,1,2
Nigeria,Abia,Ugwunagbo,NGA,NG001012,NG00,February,2025,0,0
Nigeria,Abia,Ukwa East,NGA,NG001013,NG00,February,2025,0,0
Nigeria,Abia,Ukwa West,NGA,NG001014,NG00,February,2025,0,0
Nigeria,Abia,Umuahia North,NGA,NG001015,NG00,February,2025,0,0
Nigeria,Abia,Umuahia South,NGA,NG001016,NG00,February,2025,0,0
Nigeria,Adamawa,Demsa,NGA,NG002001,NG00,February,2025,0,0
Nigeria,Adamawa,Fufore,NGA,NG002002,NG00,February,2025,0,0
Nigeria,Adamawa,Ganye,NGA,NG002003,NG00,February,2025,0,0
Nigeria,Adamawa,Girei,NGA,NG002005,NG00,February,2025,0,0
Nigeria,Adamawa,Gombi,NGA,NG002004,NG00,February,2025,0,0
Nigeria,Adamawa,Guyuk,NGA,NG002006,NG00,February,2025,0,0
Nigeria,Adamawa,Hong,NGA,NG002007,NG00,February,2025,1,0
Nigeria,Adamawa,Jada,NGA,NG002008,NG00,February,2025,1,0
Nigeria,Adamawa,Lamurde,NGA,NG002009,NG00,February,2025,0,0
Nigeria,Adamawa,Madagali,NGA,NG002010,NG00,February,2025,1,0
Nigeria,Adamawa,Maiha,NGA,NG002011,NG00,February,2025,0,0
Nigeria,Adamawa,Mayo-Belwa,NGA,NG002012,NG00,February,2025,0,0
Nigeria,Adamawa,Michika,NGA,NG002013,NG00,February,2025,0,0
Nigeria,Adamawa,Mubi North,NGA,NG002014,NG00,February,2025,0,0
Nigeria,Adamawa,Mubi South,NGA,NG002015,NG00,February,2025,0,0
Nigeria,Adamawa,Numan,NGA,NG002016,NG00,February,2025,1,0
Nigeria,Adamawa,Shelleng,NGA,NG002017,NG00,February,2025,0,0
Nigeria,Adamawa,Song,NGA,NG002018,NG00,February,2025,1,1
Nigeria,Adamawa,Toungo,NGA,NG002019,NG00,February,2025,0,0
Nigeria,Adamawa,Yola-North,NGA,NG002021,NG00,February,2025,0,0
Nigeria,Adamawa,Yola-South,NGA,NG002020,NG00,February,2025,0,0
Nigeria,Akwa Ibom,Abak,NGA,NG003001,NG00,February,2025,1,0
Nigeria,Akwa Ibom,Eastern Obolo,NGA,NG003002,NG00,February,2025,0,0
Nigeria,Akwa Ibom,Eket,NGA,NG003003,NG00,February,2025,0,0
Nigeria,Akwa Ibom,Ekpe Atai,NGA,NG003004,NG00,February,2025,0,0
Nigeria,Akwa Ibom,Essien Udim,NGA,NG003005,NG00,February,2025,0,0
Nigeria,Akwa Ibom,Etim Ekpo,NGA,NG003006,NG00,February,2025,0,0
Nigeria,Akwa Ibom,Etinan,NGA,NG003007,NG00,February,2025,0,0
Nigeria,Akwa Ibom,Ibeno,NGA,NG003008,NG00,February,2025,1,0
Nigeria,Akwa Ibom,Ibesikpo Asutan,NGA,NG003009,NG00,February,2025,0,0
Nigeria,Akwa Ibom,Ibiono Ibom,NGA,NG003010,NG00,February,2025,0,0
Nigeria,Akwa Ibom,Ika,NGA,NG003011,NG00,February,2025,0,0
Nigeria,Akwa Ibom,Ikono,NGA,NG003012,NG00,February,2025,0,0
Nigeria,Akwa Ibom,Ikot Abasi,NGA,NG003013,NG00,February,2025,1,0
Nigeria,Akwa Ibom,Ikot Ekpene,NGA,NG003014,NG00,February,2025,1,0
Nigeria,Akwa Ibom,Ini,NGA,NG003015,NG00,February,2025,0,0
Nigeria,Akwa Ibom,Itu,NGA,NG003016,NG00,February,2025,0,0
Nigeria,Akwa Ibom,Mbo,NGA,NG003017,NG00,February,2025,0,0
Nigeria,Akwa Ibom,Mkpat Enin,NGA,NG003018,NG00,February,2025,0,0
Nigeria,Akwa Ibom,Nsit Ibom,NGA,NG003020,NG00,February,2025,0,0
Nigeria,Akwa Ibom,Nsit Ubium,NGA,NG003021,NG00,February,2025,0,0
Nigeria,Akwa Ibom,Obat Akara,NGA,NG003022,NG00,February,2025,1,0
Nigeria,Akwa Ibom,Okobo,NGA,NG003023,NG00,February,2025,0,0
Nigeria,Akwa Ibom,Onna,NGA,NG003024,NG00,February,2025,0,0
Nigeria,Akwa Ibom,Oron,NGA,NG003025,NG00,February,2025,0,0
Nigeria,Akwa Ibom,Oruk Anam,NGA,NG003026,NG00,February,2025,0,0
Nigeria,Akwa Ibom,Udung Uko,NGA,NG003027,NG00,February,2025,0,0
Nigeria,Akwa Ibom,Ukanafun,NGA,NG003028,NG00,February,2025,0,0
Nigeria,Akwa Ibom,Uruan,NGA,NG003029,NG00,February,2025,0,0
Nigeria,Akwa Ibom,Urue Offong,NGA,NG003030,NG00,February,2025,0,0
Nigeria,Akwa Ibom,Uyo,NGA,NG003031,NG00,February,2025,2,1
Nigeria,Anambra,Aguata,NGA,NG004001,NG00,February,2025,0,0
Nigeria,Anambra,Anambra East,NGA,NG004002,NG00,February,2025,0,0
Nigeria,Anambra,Anambra West,NGA,NG004003,NG00,February,2025,0,0
Nigeria,Anambra,Aniocha,NGA,NG004004,NG00,February,2025,0,0
Nigeria,Anambra,Awka North,NGA,NG004005,NG00,February,2025,0,0
Nigeria,Anambra,Awka South,NGA,NG004006,NG00,February,2025,0,0
Nigeria,Anambra,Ayamelum,NGA,NG004007,NG00,February,2025,0,0
Nigeria,Anambra,Dunukofia,NGA,NG004008,NG00,February,2025,0,0
Nigeria,Anambra,Ekwusigwo,NGA,NG004009,NG00,February,2025,0,0
Nigeria,Anambra,Idemili North,NGA,NG004010,NG00,February,2025,2,2
Nigeria,Anambra,Idemili South,NGA,NG004011,NG00,February,2025,1,1
Nigeria,Anambra,Ihiala,NGA,NG004012,NG00,February,2025,1,3
Nigeria,Anambra,Njikoka,NGA,NG004013,NG00,February,2025,0,0
Nigeria,Anambra,Nnewi North,NGA,NG004014,NG00,February,2025,4,6
Nigeria,Anambra,Nnewi South,NGA,NG004015,NG00,February,2025,0,0
Nigeria,Anambra,Ogbaru,NGA,NG004016,NG00,February,2025,1,1
Nigeria,Anambra,Onisha North,NGA,NG004017,NG00,February,2025,3,1
Nigeria,Anambra,Onisha South,NGA,NG004018,NG00,February,2025,0,0
Nigeria,Anambra,Orumba North,NGA,NG004019,NG00,February,2025,0,0
Nigeria,Anambra,Orumba South,NGA,NG004020,NG00,February,2025,0,0
Nigeria,Anambra,Oyi,NGA,NG004021,NG00,February,2025,0,0
Nigeria,Bauchi,Alkaleri,NGA,NG005001,NG00,February,2025,2,2
Nigeria,Bauchi,Bauchi,NGA,NG005002,NG00,February,2025,0,0
Nigeria,Bauchi,Bogoro,NGA,NG005003,NG00,February,2025,0,0
Nigeria,Bauchi,Damban,NGA,NG005004,NG00,February,2025,0,0
Nigeria,Bauchi,Darazo,NGA,NG005005,NG00,February,2025,0,0
Nigeria,Bauchi,Dass,NGA,NG005006,NG00,February,2025,0,0
Nigeria,Bauchi,Gamawa,NGA,NG005007,NG00,February,2025,0,0
Nigeria,Bauchi,Ganjuwa,NGA,NG005008,NG00,February,2025,0,0
Nigeria,Bauchi,Giade,NGA,NG005009,NG00,February,2025,0,0
Nigeria,Bauchi,Itas-Gadau,NGA,NG005010,NG00,February,2025,0,0
Nigeria,Bauchi,Jamaare,NGA,NG005011,NG00,February,2025,0,0
Nigeria,Bauchi,Katagum,NGA,NG005012,NG00,February,2025,0,0
Nigeria,Bauchi,Kirfi,NGA,NG005013,NG00,February,2025,0,0
Nigeria,Bauchi,Misau,NGA,NG005014,NG00,February,2025,0,0
Nigeria,Bauchi,Ningi,NGA,NG005015,NG00,February,2025,0,0
Nigeria,Bauchi,Shira,NGA,NG005016,NG00,February,2025,0,0
Nigeria,Bauchi,Tafawa Balewa,NGA,NG005017,NG00,February,2025,0,0
Nigeria,Bauchi,Toro,NGA,NG005018,NG00,February,2025,0,0
Nigeria,Bauchi,Warji,NGA,NG005019,NG00,February,2025,0,0
Nigeria,Bauchi,Zaki,NGA,NG005020,NG00,February,2025,0,0
Nigeria,Bayelsa,Brass,NGA,NG006001,NG00,February,2025,0,0
Nigeria,Bayelsa,Ekermor,NGA,NG006002,NG00,February,2025,0,0
Nigeria,Bayelsa,Kolokuma,NGA,NG006003,NG00,February,2025,0,0
Nigeria,Bayelsa,Nembe,NGA,NG006004,NG00,February,2025,0,0
Nigeria,Bayelsa,Ogbia,NGA,NG006005,NG00,February,2025,1,0
Nigeria,Bayelsa,Sagbama,NGA,NG006006,NG00,February,2025,0,0
Nigeria,Bayelsa,Southern Ijaw,NGA,NG006007,NG00,February,2025,0,0
Nigeria,Bayelsa,Yenagoa,NGA,NG006008,NG00,February,2025,2,2
Nigeria,Benue,Ado,NGA,NG007001,NG00,February,2025,0,0
Nigeria,Benue,Agatu,NGA,NG007002,NG00,February,2025,0,0
Nigeria,Benue,Apa,NGA,NG007003,NG00,February,2025,0,0
Nigeria,Benue,Buruku,NGA,NG007004,NG00,February,2025,0,0
Nigeria,Benue,Gboko,NGA,NG007005,NG00,February,2025,0,0
Nigeria,Benue,Guma,NGA,NG007006,NG00,February,2025,0,0
Nigeria,Benue,Gwer East,NGA,NG007007,NG00,February,2025,0,0
Nigeria,Benue,Gwer West,NGA,NG007008,NG00,February,2025,0,0
Nigeria,Benue,Katsina Ala,NGA,NG007009,NG00,February,2025,0,0
Nigeria,Benue,Konshisha,NGA,NG007010,NG00,February,2025,0,0
Nigeria,Benue,Kwande,NGA,NG007011,NG00,February,2025,2,19
Nigeria,Benue,Logo,NGA,NG007012,NG00,February,2025,1,7
Nigeria,Benue,Makurdi,NGA,NG007013,NG00,February,2025,4,4
Nigeria,Benue,Obi,NGA,NG007014,NG00,February,2025,0,0
Nigeria,Benue,Ogbadibo,NGA,NG007015,NG00,February,2025,0,0
Nigeria,Benue,Ohimini,NGA,NG007016,NG00,February,2025,1,5
Nigeria,Benue,Oju,NGA,NG007017,NG00,February,2025,0,0
Nigeria,Benue,Okpokwu,NGA,NG007018,NG00,February,2025,0,0
Nigeria,Benue,Otukpo,NGA,NG007019,NG00,February,2025,2,8
Nigeria,Benue,Tarka,NGA,NG007020,NG00,February,2025,0,0
Nigeria,Benue,Ukum,NGA,NG007021,NG00,February,2025,0,0
Nigeria,Benue,Ushongo,NGA,NG007022,NG00,February,2025,0,0
Nigeria,Benue,Vandeikya,NGA,NG007023,NG00,February,2025,0,0
Nigeria,Borno,Abadan,NGA,NG008001,NG00,February,2025,3,43
Nigeria,Borno,Askira Uba,NGA,NG008002,NG00,February,2025,0,0
Nigeria,Borno,Bama,NGA,NG008003,NG00,February,2025,9,29
Nigeria,Borno,Bayo,NGA,NG008004,NG00,February,2025,0,0
Nigeria,Borno,Biu,NGA,NG008005,NG00,February,2025,1,1
Nigeria,Borno,Chibok,NGA,NG008006,NG00,February,2025,0,0
Nigeria,Borno,Damboa,NGA,NG008007,NG00,February,2025,3,11
Nigeria,Borno,Dikwa,NGA,NG008008,NG00,February,2025,0,0
Nigeria,Borno,Gubio,NGA,NG008009,NG00,February,2025,0,0
Nigeria,Borno,Guzamala,NGA,NG008010,NG00,February,2025,1,0
Nigeria,Borno,Gwoza,NGA,NG008011,NG00,February,2025,6,10
Nigeria,Borno,Hawul,NGA,NG008012,NG00,February,2025,1,2
Nigeria,Borno,Jere,NGA,NG008013,NG00,February,2025,0,0
Nigeria,Borno,Kaga,NGA,NG008014,NG00,February,2025,0,0
Nigeria,Borno,Kala Balge,NGA,NG008015,NG00,February,2025,0,0
Nigeria,Borno,Konduga,NGA,NG008016,NG00,February,2025,1,1
Nigeria,Borno,Kukawa,NGA,NG008017,NG00,February,2025,1,0
Nigeria,Borno,Kwaya Kusar,NGA,NG008018,NG00,February,2025,0,0
Nigeria,Borno,Mafa,NGA,NG008019,NG00,February,2025,1,0
Nigeria,Borno,Magumeri,NGA,NG008020,NG00,February,2025,0,0
Nigeria,Borno,Maiduguri Metro,NGA,NG008021,NG00,February,2025,1,0
Nigeria,Borno,Marte,NGA,NG008022,NG00,February,2025,0,0
Nigeria,Borno,Mobbar,NGA,NG008023,NG00,February,2025,1,2
Nigeria,Borno,Monguno,NGA,NG008024,NG00,February,2025,1,0
Nigeria,Borno,Ngala,NGA,NG008025,NG00,February,2025,2,1
Nigeria,Borno,Nganzai,NGA,NG008026,NG00,February,2025,0,0
Nigeria,Borno,Shani,NGA,NG008027,NG00,February,2025,0,0
Nigeria,Cross River,Abi,NGA,NG009001,NG00,February,2025,0,0
Nigeria,Cross River,Akamkpa,NGA,NG009002,NG00,February,2025,0,0
Nigeria,Cross River,Akpabuyo,NGA,NG009003,NG00,February,2025,0,0
Nigeria,Cross River,Bekwara,NGA,NG009006,NG00,February,2025,0,0
Nigeria,Cross River,Biase,NGA,NG009007,NG00,February,2025,0,0
Nigeria,Cross River,Boki,NGA,NG009008,NG00,February,2025,0,0
Nigeria,Cross River,Calabar Municipal,NGA,NG009010,NG00,February,2025,1,1
Nigeria,Cross River,Calabar South,NGA,NG009009,NG00,February,2025,0,0
Nigeria,Cross River,Etung,NGA,NG009011,NG00,February,2025,0,0
Nigeria,Cross River,Ikom,NGA,NG009012,NG00,February,2025,0,0
Nigeria,Cross River,Obanliku,NGA,NG009013,NG00,February,2025,0,0
Nigeria,Cross River,Obubra,NGA,NG009014,NG00,February,2025,0,0
Nigeria,Cross River,Obudu,NGA,NG009015,NG00,February,2025,0,0
Nigeria,Cross River,Odukpani,NGA,NG009016,NG00,February,2025,0,0
Nigeria,Cross River,Ogaja,NGA,NG009017,NG00,February,2025,0,0
Nigeria,Cross River,Yakurr,NGA,NG009018,NG00,February,2025,1,3
Nigeria,Cross River,Yala,NGA,NG009019,NG00,February,2025,0,0
Nigeria,Delta,Aniocha North,NGA,NG010001,NG01,February,2025,0,0
Nigeria,Delta,Aniocha South,NGA,NG010002,NG01,February,2025,5,2
Nigeria,Delta,Bomadi,NGA,NG010003,NG01,February,2025,0,0
Nigeria,Delta,Burutu,NGA,NG010004,NG01,February,2025,0,0
Nigeria,Delta,Ethiope East,NGA,NG010005,NG01,February,2025,0,0
Nigeria,Delta,Ethiope West,NGA,NG010006,NG01,February,2025,1,2
Nigeria,Delta,Ika North East,NGA,NG010007,NG01,February,2025,0,0
Nigeria,Delta,Ika South,NGA,NG010008,NG01,February,2025,0,0
Nigeria,Delta,Isoko North,NGA,NG010009,NG01,February,2025,1,0
Nigeria,Delta,Isoko South,NGA,NG010010,NG01,February,2025,0,0
Nigeria,Delta,Ndokwa East,NGA,NG010011,NG01,February,2025,0,0
Nigeria,Delta,Ndokwa West,NGA,NG010012,NG01,February,2025,0,0
Nigeria,Delta,Okpe,NGA,NG010013,NG01,February,2025,1,0
Nigeria,Delta,Oshimili North,NGA,NG010014,NG01,February,2025,0,0
Nigeria,Delta,Oshimili South,NGA,NG010015,NG01,February,2025,0,0
Nigeria,Delta,Patani,NGA,NG010016,NG01,February,2025,0,0
Nigeria,Delta,Sapele,NGA,NG010017,NG01,February,2025,0,0
Nigeria,Delta,Udu,NGA,NG010018,NG01,February,2025,1,1
Nigeria,Delta,Ughelli North,NGA,NG010019,NG01,February,2025,1,0
Nigeria,Delta,Ughelli South,NGA,NG010020,NG01,February,2025,0,0
Nigeria,Delta,Ukwuani,NGA,NG010021,NG01,February,2025,0,0
Nigeria,Delta,Uvwie,NGA,NG010022,NG01,February,2025,0,0
Nigeria,Delta,Warri North,NGA,NG010023,NG01,February,2025,1,0
Nigeria,Delta,Warri South,NGA,NG010024,NG01,February,2025,0,0
Nigeria,Delta,Warri South-West,NGA,NG010025,NG01,February,2025,0,0
Nigeria,Ebonyi,Abakaliki,NGA,NG011001,NG01,February,2025,0,0
Nigeria,Ebonyi,Afikpo North,NGA,NG011002,NG01,February,2025,0,0
Nigeria,Ebonyi,Afikpo South,NGA,NG011003,NG01,February,2025,0,0
Nigeria,Ebonyi,Ebonyi,NGA,NG011004,NG01,February,2025,0,0
Nigeria,Ebonyi,Ezza North,NGA,NG011005,NG01,February,2025,0,0
Nigeria,Ebonyi,Ezza South,NGA,NG011006,NG01,February,2025,0,0
Nigeria,Ebonyi,Ikwo,NGA,NG011007,NG01,February,2025,0,0
Nigeria,Ebonyi,Ishielu,NGA,NG011008,NG01,February,2025,1,10
Nigeria,Ebonyi,Ivo,NGA,NG011009,NG01,February,2025,2,4
Nigeria,Ebonyi,Izzi,NGA,NG011010,NG01,February,2025,1,1
Nigeria,Ebonyi,Ohaozara,NGA,NG011011,NG01,February,2025,0,0
Nigeria,Ebonyi,Ohaukwu,NGA,NG011012,NG01,February,2025,0,0
Nigeria,Ebonyi,Onicha,NGA,NG011013,NG01,February,2025,0,0
Nigeria,Edo,Akoko Edo,NGA,NG012001,NG01,February,2025,0,0
Nigeria,Edo,Egor,NGA,NG012002,NG01,February,2025,0,0
Nigeria,Edo,Esan Central,NGA,NG012003,NG01,February,2025,0,0
Nigeria,Edo,Esan North East,NGA,NG012004,NG01,February,2025,0,0
Nigeria,Edo,Esan South East,NGA,NG012005,NG01,February,2025,2,0
Nigeria,Edo,Esan West,NGA,NG012006,NG01,February,2025,0,0
Nigeria,Edo,Etsako Central,NGA,NG012007,NG01,February,2025,0,0
Nigeria,Edo,Etsako East,NGA,NG012008,NG01,February,2025,1,2
Nigeria,Edo,Etsako West,NGA,NG012009,NG01,February,2025,2,2
Nigeria,Edo,Igueben,NGA,NG012010,NG01,February,2025,1,1
Nigeria,Edo,Ikpoba Okha,NGA,NG012011,NG01,February,2025,1,0
Nigeria,Edo,Oredo,NGA,NG012012,NG01,February,2025,3,1
Nigeria,Edo,Orhionwon,NGA,NG012013,NG01,February,2025,0,0
Nigeria,Edo,Ovia North East,NGA,NG012014,NG01,February,2025,0,0
Nigeria,Edo,Ovia South West,NGA,NG012015,NG01,February,2025,2,26
Nigeria,Edo,Owan East,NGA,NG012016,NG01,February,2025,1,1
Nigeria,Edo,Owan West,NGA,NG012017,NG01,February,2025,0,0
Nigeria,Edo,Uhunmwode,NGA,NG012018,NG01,February,2025,1,1
Nigeria,Ekiti,Ado Ekiti,NGA,NG013001,NG01,February,2025,0,0
Nigeria,Ekiti,Aiyekire,NGA,NG013002,NG01,February,2025,0,0
Nigeria,Ekiti,Efon,NGA,NG013003,NG01,February,2025,0,0
Nigeria,Ekiti,Ekiti East,NGA,NG013004,NG01,February,2025,0,0
Nigeria,Ekiti,Ekiti South West,NGA,NG013005,NG01,February,2025,0,0
Nigeria,Ekiti,Ekiti West,NGA,NG013006,NG01,February,2025,0,0
Nigeria,Ekiti,Emure,NGA,NG013007,NG01,February,2025,0,0
Nigeria,Ekiti,Ido-Osi,NGA,NG013008,NG01,February,2025,0,0
Nigeria,Ekiti,Ijero,NGA,NG013009,NG01,February,2025,0,0
Nigeria,Ekiti,Ikere,NGA,NG013010,NG01,February,2025,0,0
Nigeria,Ekiti,Ikole,NGA,NG013011,NG01,February,2025,0,0
Nigeria,Ekiti,Ilejemeji,NGA,NG013012,NG01,February,2025,0,0
Nigeria,Ekiti,Irepodun,NGA,NG013013,NG01,February,2025,0,0
Nigeria,Ekiti,Ise,NGA,NG013014,NG01,February,2025,0,0
Nigeria,Ekiti,Moba,NGA,NG013015,NG01,February,2025,0,0
Nigeria,Ekiti,Oye,NGA,NG013016,NG01,February,2025,0,0
Nigeria,Enugu,Agwu,NGA,NG014002,NG01,February,2025,0,0
Nigeria,Enugu,Aninri,NGA,NG014001,NG01,February,2025,0,0
Nigeria,Enugu,Enugu East,NGA,NG014003,NG01,February,2025,0,0
Nigeria,Enugu,Enugu North,NGA,NG014004,NG01,February,2025,1,1
Nigeria,Enugu,Enugu South,NGA,NG014005,NG01,February,2025,0,0
Nigeria,Enugu,Ezeagu,NGA,NG014006,NG01,February,2025,0,0
Nigeria,Enugu,Igbo Etiti,NGA,NG014007,NG01,February,2025,0,0
Nigeria,Enugu,Igbo Eze North,NGA,NG014008,NG01,February,2025,0,0
Nigeria,Enugu,Igbo Eze South,NGA,NG014009,NG01,February,2025,0,0
Nigeria,Enugu,Isi Uzo,NGA,NG014010,NG01,February,2025,3,2
Nigeria,Enugu,Nkanu East,NGA,NG014011,NG01,February,2025,0,0
Nigeria,Enugu,Nkanu West,NGA,NG014012,NG01,February,2025,1,0
Nigeria,Enugu,Nsukka,NGA,NG014013,NG01,February,2025,0,0
Nigeria,Enugu,Oji River,NGA,NG014014,NG01,February,2025,0,0
Nigeria,Enugu,Udenu,NGA,NG014015,NG01,February,2025,0,0
Nigeria,Enugu,Udi,NGA,NG014016,NG01,February,2025,1,1
Nigeria,Enugu,Uzo Uwani,NGA,NG014017,NG01,February,2025,0,0
Nigeria,Federal Capital Territory,Abaji,NGA,NG015001,NG01,February,2025,0,0
Nigeria,Federal Capital Territory,Abuja Municipal,NGA,NG015002,NG01,February,2025,5,3
Nigeria,Federal Capital Territory,Bwari,NGA,NG015003,NG01,February,2025,2,0
Nigeria,Federal Capital Territory,Gwagwalada,NGA,NG015004,NG01,February,2025,2,1
Nigeria,Federal Capital Territory,Kuje,NGA,NG015005,NG01,February,2025,2,0
Nigeria,Federal Capital Territory,Kwali,NGA,NG015006,NG01,February,2025,0,0
Nigeria,Gombe,Akko,NGA,NG016001,NG01,February,2025,1,0
Nigeria,Gombe,Balanga,NGA,NG016002,NG01,February,2025,0,0
Nigeria,Gombe,Billiri,NGA,NG016003,NG01,February,2025,0,0
Nigeria,Gombe,Dukku,NGA,NG016004,NG01,February,2025,0,0
Nigeria,Gombe,Funakaye,NGA,NG016005,NG01,February,2025,0,0
Nigeria,Gombe,Gombe,NGA,NG016006,NG01,February,2025,0,0
Nigeria,Gombe,Kaltungo,NGA,NG016007,NG01,February,2025,0,0
Nigeria,Gombe,Kwami,NGA,NG016008,NG01,February,2025,0,0
Nigeria,Gombe,Nafada,NGA,NG016009,NG01,February,2025,0,0
Nigeria,Gombe,Shomgom,NGA,NG016010,NG01,February,2025,0,0
Nigeria,Gombe,Yamaltu,NGA,NG016011,NG01,February,2025,1,1
Nigeria,Imo,Aboh Mbaise,NGA,NG017001,NG01,February,2025,0,0
Nigeria,Imo,Ahiazu Mbaise,NGA,NG017002,NG01,February,2025,0,0
Nigeria,Imo,Ehime Mbano,NGA,NG017003,NG01,February,2025,0,0
Nigeria,Imo,Ezinihitte Mbaise,NGA,NG017004,NG01,February,2025,0,0
Nigeria,Imo,Ideato North,NGA,NG017005,NG01,February,2025,0,0
Nigeria,Imo,Ideato South,NGA,NG017006,NG01,February,2025,0,0
Nigeria,Imo,Ihitte Uboma,NGA,NG017007,NG01,February,2025,0,0
Nigeria,Imo,Ikeduru,NGA,NG017008,NG01,February,2025,0,0
Nigeria,Imo,Isiala Mbano,NGA,NG017009,NG01,February,2025,0,0
Nigeria,Imo,Isu,NGA,NG017010,NG01,February,2025,0,0
Nigeria,Imo,Mbaitoli,NGA,NG017011,NG01,February,2025,2,2
Nigeria,Imo,Ngor Okpala,NGA,NG017012,NG01,February,2025,0,0
Nigeria,Imo,Njaba,NGA,NG017013,NG01,February,2025,1,1
Nigeria,Imo,Nkwangele,NGA,NG017015,NG01,February,2025,0,0
Nigeria,Imo,Nkwerre,NGA,NG017014,NG01,February,2025,0,0
Nigeria,Imo,Obowo,NGA,NG017016,NG01,February,2025,0,0
Nigeria,Imo,Oguta,NGA,NG017017,NG01,February,2025,0,0
Nigeria,Imo,Ohaji,NGA,NG017018,NG01,February,2025,0,0
Nigeria,Imo,Okigwe,NGA,NG017019,NG01,February,2025,1,1
Nigeria,Imo,Onuimo,NGA,NG017027,NG01,February,2025,0,0
Nigeria,Imo,Orlu,NGA,NG017020,NG01,February,2025,0,0
Nigeria,Imo,Orsu,NGA,NG017021,NG01,February,2025,0,0
Nigeria,Imo,Oru East,NGA,NG017022,NG01,February,2025,1,1
Nigeria,Imo,Oru West,NGA,NG017023,NG01,February,2025,0,0
Nigeria,Imo,Owerri Municipal,NGA,NG017026,NG01,February,2025,2,0
Nigeria,Imo,Owerri North,NGA,NG017024,NG01,February,2025,1,0
Nigeria,Imo,Owerri West,NGA,NG017025,NG01,February,2025,4,1
Nigeria,Jigawa,Auyo,NGA,NG018001,NG01,February,2025,0,0
Nigeria,Jigawa,Babura,NGA,NG018002,NG01,February,2025,0,0
Nigeria,Jigawa,Birnin Kudu,NGA,NG018004,NG01,February,2025,0,0
Nigeria,Jigawa,Birniwa,NGA,NG018003,NG01,February,2025,0,0
Nigeria,Jigawa,Buji,NGA,NG018005,NG01,February,2025,0,0
Nigeria,Jigawa,Dutse,NGA,NG018006,NG01,February,2025,0,0
Nigeria,Jigawa,Gagarawa,NGA,NG018007,NG01,February,2025,0,0
Nigeria,Jigawa,Garki,NGA,NG018008,NG01,February,2025,0,0
Nigeria,Jigawa,Gumel,NGA,NG018009,NG01,February,2025,0,0
Nigeria,Jigawa,Guri,NGA,NG018010,NG01,February,2025,0,0
Nigeria,Jigawa,Gwaram,NGA,NG018011,NG01,February,2025,0,0
Nigeria,Jigawa,Gwiwa,NGA,NG018012,NG01,February,2025,0,0
Nigeria,Jigawa,Hadejia,NGA,NG018013,NG01,February,2025,0,0
Nigeria,Jigawa,Jahun,NGA,NG018014,NG01,February,2025,0,0
Nigeria,Jigawa,Kafin Hausa,NGA,NG018015,NG01,February,2025,0,0
Nigeria,Jigawa,Kaugama,NGA,NG018016,NG01,February,2025,0,0
Nigeria,Jigawa,Kazaure,NGA,NG018017,NG01,February,2025,0,0
Nigeria,Jigawa,Kiri-Kasamma,NGA,NG018018,NG01,February,2025,0,0
Nigeria,Jigawa,Kiyawa,NGA,NG018019,NG01,February,2025,0,0
Nigeria,Jigawa,Maigatari,NGA,NG018020,NG01,February,2025,0,0
Nigeria,Jigawa,Malam Madori,NGA,NG018021,NG01,February,2025,0,0
Nigeria,Jigawa,Miga,NGA,NG018022,NG01,February,2025,1,2
Nigeria,Jigawa,Ringim,NGA,NG018023,NG01,February,2025,0,0
Nigeria,Jigawa,Roni,NGA,NG018024,NG01,February,2025,0,0
Nigeria,Jigawa,Sule Takarkar,NGA,NG018025,NG01,February,2025,0,0
Nigeria,Jigawa,Taura,NGA,NG018026,NG01,February,2025,0,0
Nigeria,Jigawa,Yankwashi,NGA,NG018027,NG01,February,2025,0,0
Nigeria,Kaduna,Birnin Gwari,NGA,NG019001,NG01,February,2025,1,3
Nigeria,Kaduna,Chikun,NGA,NG019002,NG01,February,2025,1,4
Nigeria,Kaduna,Giwa,NGA,NG019003,NG01,February,2025,0,0
Nigeria,Kaduna,Igabi,NGA,NG019004,NG01,February,2025,1,1
Nigeria,Kaduna,Ikara,NGA,NG019005,NG01,February,2025,0,0
Nigeria,Kaduna,Jaba,NGA,NG019006,NG01,February,2025,0,0
Nigeria,Kaduna,Jema'a,NGA,NG019007,NG01,February,2025,1,1
Nigeria,Kaduna,Kachia,NGA,NG019008,NG01,February,2025,11,6
Nigeria,Kaduna,Kaduna North,NGA,NG019009,NG01,February,2025,1,1
Nigeria,Kaduna,Kaduna South,NGA,NG019010,NG01,February,2025,0,0
Nigeria,Kaduna,Kagarko,NGA,NG019011,NG01,February,2025,3,0
Nigeria,Kaduna,Kajuru,NGA,NG019014,NG01,February,2025,5,2
Nigeria,Kaduna,Kaura,NGA,NG019013,NG01,February,2025,0,0
Nigeria,Kaduna,Kauru,NGA,NG019012,NG01,February,2025,8,36
Nigeria,Kaduna,Kubau,NGA,NG019015,NG01,February,2025,1,0
Nigeria,Kaduna,Kudan,NGA,NG019016,NG01,February,2025,0,0
Nigeria,Kaduna,Lere,NGA,NG019017,NG01,February,2025,1,4
Nigeria,Kaduna,Makarfi,NGA,NG019018,NG01,February,2025,0,0
Nigeria,Kaduna,Sabon Gari,NGA,NG019019,NG01,February,2025,0,0
Nigeria,Kaduna,Sanga,NGA,NG019020,NG01,February,2025,2,0
Nigeria,Kaduna,Soba,NGA,NG019021,NG01,February,2025,0,0
Nigeria,Kaduna,Zangon Kataf,NGA,NG019022,NG01,February,2025,4,3
Nigeria,Kaduna,Zaria,NGA,NG019023,NG01,February,2025,0,0
Nigeria,Kano,Ajingi,NGA,NG020001,NG02,February,2025,0,0
Nigeria,Kano,Albasu,NGA,NG020002,NG02,February,2025,0,0
Nigeria,Kano,Bagwai,NGA,NG020003,NG02,February,2025,0,0
Nigeria,Kano,Bebeji,NGA,NG020004,NG02,February,2025,0,0
Nigeria,Kano,Bichi,NGA,NG020005,NG02,February,2025,1,0
Nigeria,Kano,Bunkure,NGA,NG020006,NG02,February,2025,0,0
Nigeria,Kano,Dala,NGA,NG020007,NG02,February,2025,0,0
Nigeria,Kano,Danbatta,NGA,NG020008,NG02,February,2025,0,0
Nigeria,Kano,Dawakin Kudu,NGA,NG020009,NG02,February,2025,0,0
Nigeria,Kano,Dawakin Tofa,NGA,NG020010,NG02,February,2025,0,0
Nigeria,Kano,Doguwa,NGA,NG020011,NG02,February,2025,0,0
Nigeria,Kano,Fagge,NGA,NG020012,NG02,February,2025,0,0
Nigeria,Kano,Gabasawa,NGA,NG020013,NG02,February,2025,0,0
Nigeria,Kano,Garko,NGA,NG020014,NG02,February,2025,0,0
Nigeria,Kano,Garun Mallam,NGA,NG020015,NG02,February,2025,0,0
Nigeria,Kano,Gaya,NGA,NG020016,NG02,February,2025,0,0
Nigeria,Kano,Gezawa,NGA,NG020017,NG02,February,2025,0,0
Nigeria,Kano,Gwale,NGA,NG020018,NG02,February,2025,0,0
Nigeria,Kano,Gwarzo,NGA,NG020019,NG02,February,2025,0,0
Nigeria,Kano,Kabo,NGA,NG020020,NG02,February,2025,0,0
Nigeria,Kano,Kano Municipal,NGA,NG020021,NG02,February,2025,0,0
Nigeria,Kano,Karaye,NGA,NG020022,NG02,February,2025,0,0
Nigeria,Kano,Kibiya,NGA,NG020023,NG02,February,2025,0,0
Nigeria,Kano,Kiru,NGA,NG020024,NG02,February,2025,0,0
Nigeria,Kano,Kumbotso,NGA,NG020025,NG02,February,2025,0,0
Nigeria,Kano,Kunchi,NGA,NG020026,NG02,February,2025,0,0
Nigeria,Kano,Kura,NGA,NG020027,NG02,February,2025,0,0
Nigeria,Kano,Madobi,NGA,NG020028,NG02,February,2025,0,0
Nigeria,Kano,Makoda,NGA,NG020029,NG02,February,2025,0,0
Nigeria,Kano,Minjibir,NGA,NG020030,NG02,February,2025,0,0
Nigeria,Kano,Nassarawa,NGA,NG020031,NG02,February,2025,0,0
Nigeria,Kano,Rano,NGA,NG020032,NG02,February,2025,0,0
Nigeria,Kano,Rimin Gado,NGA,NG020033,NG02,February,2025,0,0
Nigeria,Kano,Rogo,NGA,NG020034,NG02,February,2025,0,0
Nigeria,Kano,Shanono,NGA,NG020035,NG02,February,2025,0,0
Nigeria,Kano,Sumaila,NGA,NG020036,NG02,February,2025,0,0
Nigeria,Kano,Takai,NGA,NG020037,NG02,February,2025,0,0
Nigeria,Kano,Tarauni,NGA,NG020038,NG02,February,2025,0,0
Nigeria,Kano,Tofa,NGA,NG020039,NG02,February,2025,0,0
Nigeria,Kano,Tsanyawa,NGA,NG020040,NG02,February,2025,0,0
Nigeria,Kano,Tudun Wada,NGA,NG020041,NG02,February,2025,0,0
Nigeria,Kano,Ungogo,NGA,NG020042,NG02,February,2025,1,4
Nigeria,Kano,Warawa,NGA,NG020043,NG02,February,2025,0,0
Nigeria,Kano,Wudil,NGA,NG020044,NG02,February,2025,0,0
Nigeria,Katsina,Bakori,NGA,NG021001,NG02,February,2025,5,1
Nigeria,Katsina,Batagarawa,NGA,NG021002,NG02,February,2025,0,0
Nigeria,Katsina,Batsari,NGA,NG021003,NG02,February,2025,0,0
Nigeria,Katsina,Baure,NGA,NG021004,NG02,February,2025,0,0
Nigeria,Katsina,Bindawa,NGA,NG021005,NG02,February,2025,0,0
Nigeria,Katsina,Charanchi,NGA,NG021006,NG02,February,2025,0,0
Nigeria,Katsina,Dan-Musa,NGA,NG021007,NG02,February,2025,3,10
Nigeria,Katsina,Dandume,NGA,NG021008,NG02,February,2025,3,1
Nigeria,Katsina,Danja,NGA,NG021009,NG02,February,2025,1,0
Nigeria,Katsina,Daura,NGA,NG021010,NG02,February,2025,0,0
Nigeria,Katsina,Dutsi,NGA,NG021011,NG02,February,2025,0,0
Nigeria,Katsina,Dutsinma,NGA,NG021012,NG02,February,2025,7,9
Nigeria,Katsina,Faskari,NGA,NG021013,NG02,February,2025,15,45
Nigeria,Katsina,Funtua,NGA,NG021014,NG02,February,2025,3,1
Nigeria,Katsina,Ingawa,NGA,NG021015,NG02,February,2025,0,0
Nigeria,Katsina,Jibia,NGA,NG021016,NG02,February,2025,1,0
Nigeria,Katsina,Kafur,NGA,NG021017,NG02,February,2025,1,1
Nigeria,Katsina,Kaita,NGA,NG021018,NG02,February,2025,0,0
Nigeria,Katsina,Kankara,NGA,NG021019,NG02,February,2025,5,4
Nigeria,Katsina,Kankia,NGA,NG021020,NG02,February,2025,1,0
Nigeria,Katsina,Katsina,NGA,NG021021,NG02,February,2025,0,0
Nigeria,Katsina,Kurfi,NGA,NG021022,NG02,February,2025,0,0
Nigeria,Katsina,Kusada,NGA,NG021023,NG02,February,2025,0,0
Nigeria,Katsina,Maiadua,NGA,NG021024,NG02,February,2025,0,0
Nigeria,Katsina,Malumfashi,NGA,NG021025,NG02,February,2025,7,6
Nigeria,Katsina,Mani,NGA,NG021026,NG02,February,2025,1,2
Nigeria,Katsina,Mashi,NGA,NG021027,NG02,February,2025,1,1
Nigeria,Katsina,Matazu,NGA,NG021028,NG02,February,2025,1,1
Nigeria,Katsina,Musawa,NGA,NG021029,NG02,February,2025,1,2
Nigeria,Katsina,Rimi,NGA,NG021030,NG02,February,2025,0,0
Nigeria,Katsina,Sabuwa,NGA,NG021031,NG02,February,2025,4,6
Nigeria,Katsina,Safana,NGA,NG021032,NG02,February,2025,2,10
Nigeria,Katsina,Sandamu,NGA,NG021033,NG02,February,2025,0,0
Nigeria,Katsina,Zango,NGA,NG021034,NG02,February,2025,0,0
Nigeria,Kebbi,Alieru,NGA,NG022001,NG02,February,2025,0,0
Nigeria,Kebbi,Arewa,NGA,NG022002,NG02,February,2025,1,6
Nigeria,Kebbi,Argungu,NGA,NG022003,NG02,February,2025,1,1
Nigeria,Kebbi,Augie,NGA,NG022004,NG02,February,2025,0,0
Nigeria,Kebbi,Bagudo,NGA,NG022005,NG02,February,2025,0,0
Nigeria,Kebbi,Birnin-Kebbi,NGA,NG022006,NG02,February,2025,1,0
Nigeria,Kebbi,Bunza,NGA,NG022007,NG02,February,2025,0,0
Nigeria,Kebbi,Dandi Kamba,NGA,NG022008,NG02,February,2025,0,0
Nigeria,Kebbi,Danko,NGA,NG022019,NG02,February,2025,0,0
Nigeria,Kebbi,Fakai,NGA,NG022009,NG02,February,2025,0,0
Nigeria,Kebbi,Gwandu,NGA,NG022010,NG02,February,2025,0,0
Nigeria,Kebbi,Jega,NGA,NG022011,NG02,February,2025,0,0
Nigeria,Kebbi,Kalgo,NGA,NG022012,NG02,February,2025,1,0
Nigeria,Kebbi,Koko,NGA,NG022013,NG02,February,2025,0,0
Nigeria,Kebbi,Maiyama,NGA,NG022014,NG02,February,2025,0,0
Nigeria,Kebbi,Ngaski,NGA,NG022015,NG02,February,2025,0,0
Nigeria,Kebbi,Sakaba,NGA,NG022016,NG02,February,2025,0,0
Nigeria,Kebbi,Shanga,NGA,NG022017,NG02,February,2025,0,0
Nigeria,Kebbi,Suru,NGA,NG022018,NG02,February,2025,2,5
Nigeria,Kebbi,Yauri,NGA,NG022020,NG02,February,2025,0,0
Nigeria,Kebbi,Zuru,NGA,NG022021,NG02,February,2025,0,0
Nigeria,Kogi,Adavi,NGA,NG023001,NG02,February,2025,0,0
Nigeria,Kogi,Ajaokuta,NGA,NG023002,NG02,February,2025,0,0
Nigeria,Kogi,Ankpa,NGA,NG023003,NG02,February,2025,0,0
Nigeria,Kogi,Bassa,NGA,NG023004,NG02,February,2025,0,0
Nigeria,Kogi,Dekina,NGA,NG023005,NG02,February,2025,0,0
Nigeria,Kogi,Ibaji,NGA,NG023006,NG02,February,2025,0,0
Nigeria,Kogi,Idah,NGA,NG023007,NG02,February,2025,0,0
Nigeria,Kogi,Igalamela,NGA,NG023008,NG02,February,2025,0,0
Nigeria,Kogi,Ijumu,NGA,NG023009,NG02,February,2025,0,0
Nigeria,Kogi,Kabba,NGA,NG023010,NG02,February,2025,0,0
Nigeria,Kogi,Kogi,NGA,NG023011,NG02,February,2025,1,2
Nigeria,Kogi,Lokoja,NGA,NG023012,NG02,February,2025,1,0
Nigeria,Kogi,Mopa-Muro,NGA,NG023013,NG02,February,2025,0,0
Nigeria,Kogi,Ofu,NGA,NG023014,NG02,February,2025,0,0
Nigeria,Kogi,Ogori,NGA,NG023015,NG02,February,2025,0,0
Nigeria,Kogi,Okehi,NGA,NG023016,NG02,February,2025,0,0
Nigeria,Kogi,Okene,NGA,NG023017,NG02,February,2025,0,0
Nigeria,Kogi,Olamaboro,NGA,NG023018,NG02,February,2025,0,0
Nigeria,Kogi,Omala,NGA,NG023019,NG02,February,2025,0,0
Nigeria,Kogi,Yagba East,NGA,NG023020,NG02,February,2025,0,0
Nigeria,Kogi,Yagba West,NGA,NG023021,NG02,February,2025,0,0
Nigeria,Kwara,Asa,NGA,NG024001,NG02,February,2025,0,0
Nigeria,Kwara,Baruten,NGA,NG024002,NG02,February,2025,1,2
Nigeria,Kwara,Edu,NGA,NG024003,NG02,February,2025,0,0
Nigeria,Kwara,Ekiti,NGA,NG024004,NG02,February,2025,0,0
Nigeria,Kwara,Ifelodun,NGA,NG024005,NG02,February,2025,2,1
Nigeria,Kwara,Ilorin East,NGA,NG024006,NG02,February,2025,1,1
Nigeria,Kwara,Ilorin South,NGA,NG024007,NG02,February,2025,0,0
Nigeria,Kwara,Ilorin West,NGA,NG024008,NG02,February,2025,0,0
Nigeria,Kwara,Irepodun,NGA,NG024009,NG02,February,2025,1,0
Nigeria,Kwara,Kai Ama,NGA,NG024011,NG02,February,2025,0,0
Nigeria,Kwara,Moro,NGA,NG024012,NG02,February,2025,0,0
Nigeria,Kwara,Offa,NGA,NG024013,NG02,February,2025,0,0
Nigeria,Kwara,Oke-Ero,NGA,NG024014,NG02,February,2025,0,0
Nigeria,Kwara,Osin,NGA,NG024010,NG02,February,2025,0,0
Nigeria,Kwara,Oyun,NGA,NG024015,NG02,February,2025,0,0
Nigeria,Kwara,Pategi,NGA,NG024016,NG02,February,2025,0,0
Nigeria,Lagos,Agege,NGA,NG025001,NG02,February,2025,0,0
Nigeria,Lagos,Ajeromi,NGA,NG025002,NG02,February,2025,0,0
Nigeria,Lagos,Alimosho,NGA,NG025003,NG02,February,2025,3,3
Nigeria,Lagos,Amowo-Odofin,NGA,NG025004,NG02,February,2025,3,4
Nigeria,Lagos,Apapa,NGA,NG025005,NG02,February,2025,0,0
Nigeria,Lagos,Badagry,NGA,NG025006,NG02,February,2025,0,0
Nigeria,Lagos,Epe,NGA,NG025007,NG02,February,2025,0,0
Nigeria,Lagos,Eti-Osa,NGA,NG025008,NG02,February,2025,1,1
Nigeria,Lagos,Ibeju-Lekki,NGA,NG025009,NG02,February,2025,0,0
Nigeria,Lagos,Ifako,NGA,NG025010,NG02,February,2025,0,0
Nigeria,Lagos,Ikeja,NGA,NG025011,NG02,February,2025,1,2
Nigeria,Lagos,Ikorodu,NGA,NG025012,NG02,February,2025,0,0
Nigeria,Lagos,Kosofe,NGA,NG025013,NG02,February,2025,0,0
Nigeria,Lagos,Lagos Island,NGA,NG025014,NG02,February,2025,1,0
Nigeria,Lagos,Lagos Mainland,NGA,NG025015,NG02,February,2025,0,0
Nigeria,Lagos,Mushin,NGA,NG025016,NG02,February,2025,1,0
Nigeria,Lagos,Ojo,NGA,NG025017,NG02,February,2025,0,0
Nigeria,Lagos,Oshodi,NGA,NG025018,NG02,February,2025,1,0
Nigeria,Lagos,Somolu,NGA,NG025019,NG02,February,2025,0,0
Nigeria,Lagos,Surulere,NGA,NG025020,NG02,February,2025,0,0
Nigeria,Nassarawa,Akwanga,NGA,NG026001,NG02,February,2025,0,0
Nigeria,Nassarawa,Awe,NGA,NG026002,NG02,February,2025,0,0
Nigeria,Nassarawa,Doma,NGA,NG026003,NG02,February,2025,0,0
Nigeria,Nassarawa,Karu,NGA,NG026004,NG02,February,2025,1,1
Nigeria,Nassarawa,Keana,NGA,NG026005,NG02,February,2025,0,0
Nigeria,Nassarawa,Keffi,NGA,NG026006,NG02,February,2025,0,0
Nigeria,Nassarawa,Kokona,NGA,NG026007,NG02,February,2025,0,0
Nigeria,Nassarawa,Lafia,NGA,NG026008,NG02,February,2025,0,0
Nigeria,Nassarawa,Nasarawa,NGA,NG026009,NG02,February,2025,1,2
Nigeria,Nassarawa,Nasarawa Eggon,NGA,NG026010,NG02,February,2025,0,0
Nigeria,Nassarawa,Obi,NGA,NG026011,NG02,February,2025,0,0
Nigeria,Nassarawa,Toto,NGA,NG026012,NG02,February,2025,0,0
Nigeria,Nassarawa,Wamba,NGA,NG026013,NG02,February,2025,0,0
Nigeria,Niger,Agaie,NGA,NG027001,NG02,February,2025,0,0
Nigeria,Niger,Agwara,NGA,NG027002,NG02,February,2025,0,0
Nigeria,Niger,Bida,NGA,NG027003,NG02,February,2025,0,0
Nigeria,Niger,Borgu,NGA,NG027004,NG02,February,2025,1,0
Nigeria,Niger,Bosso,NGA,NG027005,NG02,February,2025,0,0
Nigeria,Niger,Edati,NGA,NG027017,NG02,February,2025,0,0
Nigeria,Niger,Gbako,NGA,NG027008,NG02,February,2025,0,0
Nigeria,Niger,Gurara,NGA,NG027009,NG02,February,2025,0,0
Nigeria,Niger,Katcha,NGA,NG027010,NG02,February,2025,0,0
Nigeria,Niger,Kontagora,NGA,NG027011,NG02,February,2025,0,0
Nigeria,Niger,Lapai,NGA,NG027012,NG02,February,2025,0,0
Nigeria,Niger,Lavun,NGA,NG027013,NG02,February,2025,0,0
Nigeria,Niger,Magama,NGA,NG027014,NG02,February,2025,0,0
Nigeria,Niger,Mariga,NGA,NG027015,NG02,February,2025,0,0
Nigeria,Niger,Mashegu,NGA,NG027016,NG02,February,2025,0,0
Nigeria,Niger,Minna,NGA,NG027006,NG02,February,2025,2,2
Nigeria,Niger,Mokwa,NGA,NG027017,NG02,February,2025,0,0
Nigeria,Niger,Muya,NGA,NG027018,NG02,February,2025,3,0
Nigeria,Niger,Paikoro,NGA,NG027019,NG02,February,2025,0,0
Nigeria,Niger,Rafi,NGA,NG027020,NG02,February,2025,6,3
Nigeria,Niger,Rijau,NGA,NG027021,NG02,February,2025,0,0
Nigeria,Niger,Shiroro,NGA,NG027022,NG02,February,2025,12,11
Nigeria,Niger,Suleja,NGA,NG027023,NG02,February,2025,0,0
Nigeria,Niger,Tafa,NGA,NG027024,NG02,February,2025,0,0
Nigeria,Niger,Wushishi,NGA,NG027025,NG02,February,2025,5,11
Nigeria,Ogun,Abeokuta North,NGA,NG028001,NG02,February,2025,0,0
Nigeria,Ogun,Abeokuta South,NGA,NG028002,NG02,February,2025,1,1
Nigeria,Ogun,Ado-Odo,NGA,NG028003,NG02,February,2025,1,1
Nigeria,Ogun,Egbado North,NGA,NG028004,NG02,February,2025,0,0
Nigeria,Ogun,Egbado South,NGA,NG028005,NG02,February,2025,0,0
Nigeria,Ogun,Ewekoro,NGA,NG028006,NG02,February,2025,0,0
Nigeria,Ogun,Ifo,NGA,NG028007,NG02,February,2025,0,0
Nigeria,Ogun,Ijebu East,NGA,NG028008,NG02,February,2025,0,0
Nigeria,Ogun,Ijebu North,NGA,NG028009,NG02,February,2025,0,0
Nigeria,Ogun,Ijebu North East,NGA,NG028010,NG02,February,2025,0,0
Nigeria,Ogun,Ijebu Ode,NGA,NG028010,NG02,February,2025,1,1
Nigeria,Ogun,Ikenne,NGA,NG028012,NG02,February,2025,0,0
Nigeria,Ogun,Imeko-Afon,NGA,NG028013,NG02,February,2025,0,0
Nigeria,Ogun,Ipokia,NGA,NG028014,NG02,February,2025,0,0
Nigeria,Ogun,Obafemi,NGA,NG028015,NG02,February,2025,1,4
Nigeria,Ogun,Odedah,NGA,NG028016,NG02,February,2025,0,0
Nigeria,Ogun,Odogbolu,NGA,NG028017,NG02,February,2025,0,0
Nigeria,Ogun,Ogun Waterside,NGA,NG028018,NG02,February,2025,0,0
Nigeria,Ogun,Remo North,NGA,NG028019,NG02,February,2025,0,0
Nigeria,Ogun,Shagamu,NGA,NG028020,NG02,February,2025,0,0
Nigeria,Ondo,Akoko North East,NGA,NG029001,NG02,February,2025,0,0
Nigeria,Ondo,Akoko North West,NGA,NG029002,NG02,February,2025,0,0
Nigeria,Ondo,Akoko South East,NGA,NG029003,NG02,February,2025,1,0
Nigeria,Ondo,Akoko South West,NGA,NG029004,NG02,February,2025,0,0
Nigeria,Ondo,Akure North,NGA,NG029005,NG02,February,2025,2,0
Nigeria,Ondo,Akure South,NGA,NG029006,NG02,February,2025,1,1
Nigeria,Ondo,Ese-Edo,NGA,NG029007,NG02,February,2025,0,0
Nigeria,Ondo,Idanre,NGA,NG029008,NG02,February,2025,0,0
Nigeria,Ondo,Ifedore,NGA,NG029009,NG02,February,2025,0,0
Nigeria,Ondo,Ilaje,NGA,NG029010,NG02,February,2025,1,1
Nigeria,Ondo,Ile-Oluji-Okeigbo,NGA,NG029011,NG02,February,2025,0,0
Nigeria,Ondo,Irele,NGA,NG029012,NG02,February,2025,0,0
Nigeria,Ondo,Odigbo,NGA,NG029013,NG02,February,2025,2,0
Nigeria,Ondo,Okitipupa,NGA,NG029014,NG02,February,2025,0,0
Nigeria,Ondo,Ondo East,NGA,NG029015,NG02,February,2025,0,0
Nigeria,Ondo,Ondo West,NGA,NG029016,NG02,February,2025,1,0
Nigeria,Ondo,Ose,NGA,NG029017,NG02,February,2025,0,0
Nigeria,Ondo,Owo,NGA,NG029018,NG02,February,2025,3,1
Nigeria,Osun,Aiyedade,NGA,NG030001,NG03,February,2025,0,0
Nigeria,Osun,Aiyedire,NGA,NG030002,NG03,February,2025,0,0
Nigeria,Osun,Atakumosa East,NGA,NG030003,NG03,February,2025,0,0
Nigeria,Osun,Atakumosa West,NGA,NG030004,NG03,February,2025,0,0
Nigeria,Osun,Boluwaduro,NGA,NG030005,NG03,February,2025,0,0
Nigeria,Osun,Boripe,NGA,NG030006,NG03,February,2025,2,2
Nigeria,Osun,Ede North,NGA,NG030007,NG03,February,2025,0,0
Nigeria,Osun,Ede South,NGA,NG030008,NG03,February,2025,0,0
Nigeria,Osun,Egbedore,NGA,NG030009,NG03,February,2025,2,0
Nigeria,Osun,Ejigbo,NGA,NG030010,NG03,February,2025,0,0
Nigeria,Osun,Ife Central,NGA,NG030011,NG03,February,2025,0,0
Nigeria,Osun,Ife East,NGA,NG030012,NG03,February,2025,1,0
Nigeria,Osun,Ife North,NGA,NG030013,NG03,February,2025,0,0
Nigeria,Osun,Ife South,NGA,NG030014,NG03,February,2025,0,0
Nigeria,Osun,Ifedayo,NGA,NG030015,NG03,February,2025,0,0
Nigeria,Osun,Ifelodun,NGA,NG030016,NG03,February,2025,0,0
Nigeria,Osun,Ila,NGA,NG030017,NG03,February,2025,0,0
Nigeria,Osun,Ilesha East,NGA,NG030018,NG03,February,2025,4,1
Nigeria,Osun,Ilesha West,NGA,NG030019,NG03,February,2025,1,0
Nigeria,Osun,Irepodun,NGA,NG030020,NG03,February,2025,0,0
Nigeria,Osun,Irewole,NGA,NG030021,NG03,February,2025,1,1
Nigeria,Osun,Isokan,NGA,NG030022,NG03,February,2025,1,0
Nigeria,Osun,Iwo,NGA,NG030023,NG03,February,2025,0,0
Nigeria,Osun,Obokun,NGA,NG030024,NG03,February,2025,2,4
Nigeria,Osun,Odo-Otin,NGA,NG030025,NG03,February,2025,0,0
Nigeria,Osun,Ola-Oluwa,NGA,NG030026,NG03,February,2025,1,2
Nigeria,Osun,Olorunda,NGA,NG030027,NG03,February,2025,0,0
Nigeria,Osun,Oriade,NGA,NG030028,NG03,February,2025,0,0
Nigeria,Osun,Orolu,NGA,NG030029,NG03,February,2025,0,0
Nigeria,Osun,Osogbo,NGA,NG030030,NG03,February,2025,0,0
Nigeria,Oyo,Afijio,NGA,NG031001,NG03,February,2025,0,0
Nigeria,Oyo,Akinyele,NGA,NG031002,NG03,February,2025,2,1
Nigeria,Oyo,Atiba,NGA,NG031003,NG03,February,2025,0,0
Nigeria,Oyo,Atisbo,NGA,NG031004,NG03,February,2025,0,0
Nigeria,Oyo,Egbeda,NGA,NG031005,NG03,February,2025,0,0
Nigeria,Oyo,Ibadan North,NGA,NG031006,NG03,February,2025,0,0
Nigeria,Oyo,Ibadan North East,NGA,NG031007,NG03,February,2025,0,0
Nigeria,Oyo,Ibadan North West,NGA,NG031008,NG03,February,2025,3,3
Nigeria,Oyo,Ibadan South East,NGA,NG031009,NG03,February,2025,0,0
Nigeria,Oyo,Ibadan South West,NGA,NG031010,NG03,February,2025,0,0
Nigeria,Oyo,Ibarapa Central,NGA,NG031011,NG03,February,2025,0,0
Nigeria,Oyo,Ibarapa East,NGA,NG031012,NG03,February,2025,0,0
Nigeria,Oyo,Ibarapa North,NGA,NG031013,NG03,February,2025,0,0
Nigeria,Oyo,Ido,NGA,NG031014,NG03,February,2025,0,0
Nigeria,Oyo,Irepo,NGA,NG031015,NG03,February,2025,0,0
Nigeria,Oyo,Iseyin,NGA,NG031016,NG03,February,2025,0,0
Nigeria,Oyo,Itesiwaju,NGA,NG031017,NG03,February,2025,0,0
Nigeria,Oyo,Iwajowa,NGA,NG031018,NG03,February,2025,0,0
Nigeria,Oyo,Kajola,NGA,NG031019,NG03,February,2025,0,0
Nigeria,Oyo,Lagelu,NGA,NG031020,NG03,February,2025,0,0
Nigeria,Oyo,Ogbomosho North,NGA,NG031021,NG03,February,2025,0,0
Nigeria,Oyo,Ogbomosho South,NGA,NG031022,NG03,February,2025,0,0
Nigeria,Oyo,Ogo-Oluwa,NGA,NG031023,NG03,February,2025,0,0
Nigeria,Oyo,Olorunsogo,NGA,NG031024,NG03,February,2025,0,0
Nigeria,Oyo,Oluyole,NGA,NG031025,NG03,February,2025,0,0
Nigeria,Oyo,Ona-Ara,NGA,NG031026,NG03,February,2025,0,0
Nigeria,Oyo,Orelope,NGA,NG031027,NG03,February,2025,0,0
Nigeria,Oyo,Ori Ire,NGA,NG031028,NG03,February,2025,0,0
Nigeria,Oyo,Oyo East,NGA,NG031029,NG03,February,2025,0,0
Nigeria,Oyo,Oyo West,NGA,NG031030,NG03,February,2025,0,0
Nigeria,Oyo,Saki East,NGA,NG031031,NG03,February,2025,0,0
Nigeria,Oyo,Saki West,NGA,NG031032,NG03,February,2025,0,0
Nigeria,Oyo,Surulere,NGA,NG031033,NG03,February,2025,0,0
Nigeria,Plateau,Barkin Ladi,NGA,NG032001,NG03,February,2025,1,1
Nigeria,Plateau,Bassa,NGA,NG032002,NG03,February,2025,0,0
Nigeria,Plateau,Bokkos,NGA,NG032003,NG03,February,2025,0,0
Nigeria,Plateau,Jos East,NGA,NG032004,NG03,February,2025,0,0
Nigeria,Plateau,Jos North,NGA,NG032005,NG03,February,2025,1,1
Nigeria,Plateau,Jos South,NGA,NG032006,NG03,February,2025,2,3
Nigeria,Plateau,Kanam,NGA,NG032007,NG03,February,2025,0,0
Nigeria,Plateau,Kanke,NGA,NG032008,NG03,February,2025,0,0
Nigeria,Plateau,Langtang North,NGA,NG032009,NG03,February,2025,0,0
Nigeria,Plateau,Langtang South,NGA,NG032010,NG03,February,2025,0,0
Nigeria,Plateau,Mangu,NGA,NG032011,NG03,February,2025,3,2
Nigeria,Plateau,Mikang,NGA,NG032012,NG03,February,2025,0,0
Nigeria,Plateau,Pankshin,NGA,NG032013,NG03,February,2025,0,0
Nigeria,Plateau,Quan-Pan,NGA,NG032014,NG03,February,2025,1,1
Nigeria,Plateau,Riyom,NGA,NG032015,NG03,February,2025,1,2
Nigeria,Plateau,Shendam,NGA,NG032016,NG03,February,2025,0,0
Nigeria,Plateau,Wase,NGA,NG032017,NG03,February,2025,1,0
Nigeria,Rivers,Ahoada,NGA,NG033002,NG03,February,2025,1,0
Nigeria,Rivers,Ahoada West,NGA,NG033003,NG03,February,2025,0,0
Nigeria,Rivers,Akukutoru,NGA,NG033004,NG03,February,2025,0,0
Nigeria,Rivers,Andoni,NGA,NG033005,NG03,February,2025,0,0
Nigeria,Rivers,Asaritoru,NGA,NG033006,NG03,February,2025,0,0
Nigeria,Rivers,Bonny,NGA,NG033007,NG03,February,2025,0,0
Nigeria,Rivers,Degema,NGA,NG033008,NG03,February,2025,0,0
Nigeria,Rivers,Eleme,NGA,NG033009,NG03,February,2025,0,0
Nigeria,Rivers,Emohua,NGA,NG033010,NG03,February,2025,3,17
Nigeria,Rivers,Etche,NGA,NG033011,NG03,February,2025,0,0
Nigeria,Rivers,Gonaka,NGA,NG033012,NG03,February,2025,0,0
Nigeria,Rivers,Ikwerre,NGA,NG033013,NG03,February,2025,2,1
Nigeria,Rivers,Khana,NGA,NG033014,NG03,February,2025,0,0
Nigeria,Rivers,Obio,NGA,NG033015,NG03,February,2025,0,0
Nigeria,Rivers,Obua,NGA,NG033001,NG03,February,2025,0,0
Nigeria,Rivers,Ogba,NGA,NG033016,NG03,February,2025,0,0
Nigeria,Rivers,Ogu,NGA,NG033017,NG03,February,2025,0,0
Nigeria,Rivers,Okrika,NGA,NG033018,NG03,February,2025,2,1
Nigeria,Rivers,Omumma,NGA,NG033019,NG03,February,2025,0,0
Nigeria,Rivers,Opobo,NGA,NG033020,NG03,February,2025,0,0
Nigeria,Rivers,Oyigbo,NGA,NG033021,NG03,February,2025,0,0
Nigeria,Rivers,Port Harcourt,NGA,NG033022,NG03,February,2025,0,0
Nigeria,Rivers,Tai,NGA,NG033023,NG03,February,2025,0,0
Nigeria,Sokoto,Binji,NGA,NG034001,NG03,February,2025,1,0
Nigeria,Sokoto,Bodinga,NGA,NG034002,NG03,February,2025,0,0
Nigeria,Sokoto,Dange-Shuni,NGA,NG034003,NG03,February,2025,0,0
Nigeria,Sokoto,Gada,NGA,NG034004,NG03,February,2025,0,0
Nigeria,Sokoto,Goronyo,NGA,NG034006,NG03,February,2025,0,0
Nigeria,Sokoto,Gudu,NGA,NG034007,NG03,February,2025,0,0
Nigeria,Sokoto,Gwadabawa,NGA,NG034005,NG03,February,2025,0,0
Nigeria,Sokoto,Illela,NGA,NG034008,NG03,February,2025,0,0
Nigeria,Sokoto,Isa,NGA,NG034009,NG03,February,2025,1,0
Nigeria,Sokoto,Kebbe,NGA,NG034010,NG03,February,2025,0,0
Nigeria,Sokoto,Kware,NGA,NG034011,NG03,February,2025,3,5
Nigeria,Sokoto,Rabah,NGA,NG034012,NG03,February,2025,3,2
Nigeria,Sokoto,Sabon Birni,NGA,NG034013,NG03,February,2025,5,11
Nigeria,Sokoto,Shagari,NGA,NG034014,NG03,February,2025,0,0
Nigeria,Sokoto,Silame,NGA,NG034015,NG03,February,2025,0,0
Nigeria,Sokoto,Sokoto North,NGA,NG034016,NG03,February,2025,0,0
Nigeria,Sokoto,Sokoto South,NGA,NG034017,NG03,February,2025,0,0
Nigeria,Sokoto,Tambuwal,NGA,NG034018,NG03,February,2025,1,0
Nigeria,Sokoto,Tangaza,NGA,NG034019,NG03,February,2025,0,0
Nigeria,Sokoto,Tureta,NGA,NG034020,NG03,February,2025,0,0
Nigeria,Sokoto,Wamakko,NGA,NG034021,NG03,February,2025,2,0
Nigeria,Sokoto,Wurno,NGA,NG034022,NG03,February,2025,0,0
Nigeria,Sokoto,Yabo,NGA,NG034023,NG03,February,2025,0,0
Nigeria,Taraba,Ardo Kola,NGA,NG035001,NG03,February,2025,0,0
Nigeria,Taraba,Bali,NGA,NG035002,NG03,February,2025,0,0
Nigeria,Taraba,Donga,NGA,NG035003,NG03,February,2025,0,0
Nigeria,Taraba,Gashaka,NGA,NG035004,NG03,February,2025,0,0
Nigeria,Taraba,Gassol,NGA,NG035005,NG03,February,2025,0,0
Nigeria,Taraba,Ibi,NGA,NG035006,NG03,February,2025,0,0
Nigeria,Taraba,Jalingo,NGA,NG035007,NG03,February,2025,0,0
Nigeria,Taraba,Karim Lamidu,NGA,NG035008,NG03,February,2025,1,1
Nigeria,Taraba,Kurmi,NGA,NG035009,NG03,February,2025,0,0
Nigeria,Taraba,Lau,NGA,NG035010,NG03,February,2025,1,1
Nigeria,Taraba,Sardauna,NGA,NG035011,NG03,February,2025,0,0
Nigeria,Taraba,Takum,NGA,NG035012,NG03,February,2025,0,0
Nigeria,Taraba,Ussa,NGA,NG035013,NG03,February,2025,0,0
Nigeria,Taraba,Wukari,NGA,NG035014,NG03,February,2025,1,2
Nigeria,Taraba,Yorro,NGA,NG035015,NG03,February,2025,0,0
Nigeria,Taraba,Zing,NGA,NG035016,NG03,February,2025,0,0
Nigeria,Yobe,Bade,NGA,NG036001,NG03,February,2025,0,0
Nigeria,Yobe,Bursari,NGA,NG036002,NG03,February,2025,0,0
Nigeria,Yobe,Damaturu,NGA,NG036003,NG03,February,2025,0,0
Nigeria,Yobe,Fika,NGA,NG036004,NG03,February,2025,0,0
Nigeria,Yobe,Fune,NGA,NG036005,NG03,February,2025,1,2
Nigeria,Yobe,Geidam,NGA,NG036006,NG03,February,2025,0,0
Nigeria,Yobe,Gujba,NGA,NG036007,NG03,February,2025,2,1
Nigeria,Yobe,Gulami,NGA,NG036008,NG03,February,2025,0,0
Nigeria,Yobe,Jakusko,NGA,NG036009,NG03,February,2025,0,0
Nigeria,Yobe,Karasuwa,NGA,NG036010,NG03,February,2025,0,0
Nigeria,Yobe,Machina,NGA,NG036011,NG03,February,2025,0,0
Nigeria,Yobe,Nangere,NGA,NG036012,NG03,February,2025,0,0
Nigeria,Yobe,Nguru,NGA,NG036013,NG03,February,2025,0,0
Nigeria,Yobe,Potiskum,NGA,NG036014,NG03,February,2025,0,0
Nigeria,Yobe,Tarmua,NGA,NG036015,NG03,February,2025,0,0
Nigeria,Yobe,Yunusari,NGA,NG036016,NG03,February,2025,0,0
Nigeria,Yobe,Yusufari,NGA,NG036017,NG03,February,2025,0,0
Nigeria,Zamfara,Anka,NGA,NG037001,NG03,February,2025,7,16
Nigeria,Zamfara,Bakura,NGA,NG037002,NG03,February,2025,0,0
Nigeria,Zamfara,Bukkuyum,NGA,NG037004,NG03,February,2025,6,17
Nigeria,Zamfara,Bungudu,NGA,NG037005,NG03,February,2025,3,4
Nigeria,Zamfara,Gummi,NGA,NG037006,NG03,February,2025,1,2
Nigeria,Zamfara,Gusau,NGA,NG037007,NG03,February,2025,13,23
Nigeria,Zamfara,Kaura Namoda,NGA,NG037008,NG03,February,2025,2,5
Nigeria,Zamfara,Kiyawa,NGA,NG037003,NG03,February,2025,1,1
Nigeria,Zamfara,Maradun,NGA,NG037009,NG03,February,2025,5,13
Nigeria,Zamfara,Maru,NGA,NG037010,NG03,February,2025,6,16
Nigeria,Zamfara,Shinkafi,NGA,NG037011,NG03,February,2025,5,25
Nigeria,Zamfara,Talata Mafara,NGA,NG037012,NG03,February,2025,3,11
Nigeria,Zamfara,Tsafe,NGA,NG037013,NG03,February,2025,4,26
Nigeria,Zamfara,Zurmi,NGA,NG037014,NG03,February,2025,4,55
Nigeria,Abia,Aba North,NGA,NG001001,NG00,March,2025,0,0
Nigeria,Abia,Aba South,NGA,NG001002,NG00,March,2025,0,0
Nigeria,Abia,Arochukwu,NGA,NG001003,NG00,March,2025,0,0
Nigeria,Abia,Bende,NGA,NG001004,NG00,March,2025,0,0
Nigeria,Abia,Ikwuano,NGA,NG001005,NG00,March,2025,0,0
Nigeria,Abia,Isiala Ngwa North,NGA,NG001007,NG00,March,2025,0,0
Nigeria,Abia,Isiala Ngwa South,NGA,NG001006,NG00,March,2025,0,0
Nigeria,Abia,Isuikwuato,NGA,NG001008,NG00,March,2025,1,1
Nigeria,Abia,Nneochi,NGA,NG001017,NG00,March,2025,0,0
Nigeria,Abia,Obioma Ngwa,NGA,NG001009,NG00,March,2025,2,0
Nigeria,Abia,Ohafia,NGA,NG001010,NG00,March,2025,0,0
Nigeria,Abia,Osisioma,NGA,NG001011,NG00,March,2025,1,6
Nigeria,Abia,Ugwunagbo,NGA,NG001012,NG00,March,2025,0,0
Nigeria,Abia,Ukwa East,NGA,NG001013,NG00,March,2025,2,4
Nigeria,Abia,Ukwa West,NGA,NG001014,NG00,March,2025,0,0
Nigeria,Abia,Umuahia North,NGA,NG001015,NG00,March,2025,0,0
Nigeria,Abia,Umuahia South,NGA,NG001016,NG00,March,2025,0,0
Nigeria,Adamawa,Demsa,NGA,NG002001,NG00,March,2025,0,0
Nigeria,Adamawa,Fufore,NGA,NG002002,NG00,March,2025,1,0
Nigeria,Adamawa,Ganye,NGA,NG002003,NG00,March,2025,0,0
Nigeria,Adamawa,Girei,NGA,NG002005,NG00,March,2025,0,0
Nigeria,Adamawa,Gombi,NGA,NG002004,NG00,March,2025,1,1
Nigeria,Adamawa,Guyuk,NGA,NG002006,NG00,March,2025,1,0
Nigeria,Adamawa,Hong,NGA,NG002007,NG00,March,2025,0,0
Nigeria,Adamawa,Jada,NGA,NG002008,NG00,March,2025,0,0
Nigeria,Adamawa,Lamurde,NGA,NG002009,NG00,March,2025,0,0
Nigeria,Adamawa,Madagali,NGA,NG002010,NG00,March,2025,1,1
Nigeria,Adamawa,Maiha,NGA,NG002011,NG00,March,2025,0,0
Nigeria,Adamawa,Mayo-Belwa,NGA,NG002012,NG00,March,2025,0,0
Nigeria,Adamawa,Michika,NGA,NG002013,NG00,March,2025,0,0
Nigeria,Adamawa,Mubi North,NGA,NG002014,NG00,March,2025,1,0
Nigeria,Adamawa,Mubi South,NGA,NG002015,NG00,March,2025,0,0
Nigeria,Adamawa,Numan,NGA,NG002016,NG00,March,2025,0,0
Nigeria,Adamawa,Shelleng,NGA,NG002017,NG00,March,2025,0,0
Nigeria,Adamawa,Song,NGA,NG002018,NG00,March,2025,0,0
Nigeria,Adamawa,Toungo,NGA,NG002019,NG00,March,2025,0,0
Nigeria,Adamawa,Yola-North,NGA,NG002021,NG00,March,2025,1,0
Nigeria,Adamawa,Yola-South,NGA,NG002020,NG00,March,2025,0,0
Nigeria,Akwa Ibom,Abak,NGA,NG003001,NG00,March,2025,0,0
Nigeria,Akwa Ibom,Eastern Obolo,NGA,NG003002,NG00,March,2025,0,0
Nigeria,Akwa Ibom,Eket,NGA,NG003003,NG00,March,2025,1,0
Nigeria,Akwa Ibom,Ekpe Atai,NGA,NG003004,NG00,March,2025,0,0
Nigeria,Akwa Ibom,Essien Udim,NGA,NG003005,NG00,March,2025,1,1
Nigeria,Akwa Ibom,Etim Ekpo,NGA,NG003006,NG00,March,2025,0,0
Nigeria,Akwa Ibom,Etinan,NGA,NG003007,NG00,March,2025,0,0
Nigeria,Akwa Ibom,Ibeno,NGA,NG003008,NG00,March,2025,0,0
Nigeria,Akwa Ibom,Ibesikpo Asutan,NGA,NG003009,NG00,March,2025,0,0
Nigeria,Akwa Ibom,Ibiono Ibom,NGA,NG003010,NG00,March,2025,0,0
Nigeria,Akwa Ibom,Ika,NGA,NG003011,NG00,March,2025,0,0
Nigeria,Akwa Ibom,Ikono,NGA,NG003012,NG00,March,2025,0,0
Nigeria,Akwa Ibom,Ikot Abasi,NGA,NG003013,NG00,March,2025,0,0
Nigeria,Akwa Ibom,Ikot Ekpene,NGA,NG003014,NG00,March,2025,0,0
Nigeria,Akwa Ibom,Ini,NGA,NG003015,NG00,March,2025,0,0
Nigeria,Akwa Ibom,Itu,NGA,NG003016,NG00,March,2025,0,0
Nigeria,Akwa Ibom,Mbo,NGA,NG003017,NG00,March,2025,0,0
Nigeria,Akwa Ibom,Mkpat Enin,NGA,NG003018,NG00,March,2025,0,0
Nigeria,Akwa Ibom,Nsit Ibom,NGA,NG003020,NG00,March,2025,0,0
Nigeria,Akwa Ibom,Nsit Ubium,NGA,NG003021,NG00,March,2025,0,0
Nigeria,Akwa Ibom,Obat Akara,NGA,NG003022,NG00,March,2025,0,0
Nigeria,Akwa Ibom,Okobo,NGA,NG003023,NG00,March,2025,0,0
Nigeria,Akwa Ibom,Onna,NGA,NG003024,NG00,March,2025,0,0
Nigeria,Akwa Ibom,Oron,NGA,NG003025,NG00,March,2025,0,0
Nigeria,Akwa Ibom,Oruk Anam,NGA,NG003026,NG00,March,2025,0,0
Nigeria,Akwa Ibom,Udung Uko,NGA,NG003027,NG00,March,2025,0,0
Nigeria,Akwa Ibom,Ukanafun,NGA,NG003028,NG00,March,2025,0,0
Nigeria,Akwa Ibom,Uruan,NGA,NG003029,NG00,March,2025,0,0
Nigeria,Akwa Ibom,Urue Offong,NGA,NG003030,NG00,March,2025,0,0
Nigeria,Akwa Ibom,Uyo,NGA,NG003031,NG00,March,2025,1,0
Nigeria,Anambra,Aguata,NGA,NG004001,NG00,March,2025,0,0
Nigeria,Anambra,Anambra East,NGA,NG004002,NG00,March,2025,2,1
Nigeria,Anambra,Anambra West,NGA,NG004003,NG00,March,2025,0,0
Nigeria,Anambra,Aniocha,NGA,NG004004,NG00,March,2025,1,0
Nigeria,Anambra,Awka North,NGA,NG004005,NG00,March,2025,0,0
Nigeria,Anambra,Awka South,NGA,NG004006,NG00,March,2025,1,1
Nigeria,Anambra,Ayamelum,NGA,NG004007,NG00,March,2025,0,0
Nigeria,Anambra,Dunukofia,NGA,NG004008,NG00,March,2025,0,0
Nigeria,Anambra,Ekwusigwo,NGA,NG004009,NG00,March,2025,0,0
Nigeria,Anambra,Idemili North,NGA,NG004010,NG00,March,2025,0,0
Nigeria,Anambra,Idemili South,NGA,NG004011,NG00,March,2025,1,1
Nigeria,Anambra,Ihiala,NGA,NG004012,NG00,March,2025,3,6
Nigeria,Anambra,Njikoka,NGA,NG004013,NG00,March,2025,0,0
Nigeria,Anambra,Nnewi North,NGA,NG004014,NG00,March,2025,0,0
Nigeria,Anambra,Nnewi South,NGA,NG004015,NG00,March,2025,0,0
Nigeria,Anambra,Ogbaru,NGA,NG004016,NG00,March,2025,0,0
Nigeria,Anambra,Onisha North,NGA,NG004017,NG00,March,2025,1,0
Nigeria,Anambra,Onisha South,NGA,NG004018,NG00,March,2025,0,0
Nigeria,Anambra,Orumba North,NGA,NG004019,NG00,March,2025,0,0
Nigeria,Anambra,Orumba South,NGA,NG004020,NG00,March,2025,0,0
Nigeria,Anambra,Oyi,NGA,NG004021,NG00,March,2025,1,0
Nigeria,Bauchi,Alkaleri,NGA,NG005001,NG00,March,2025,0,0
Nigeria,Bauchi,Bauchi,NGA,NG005002,NG00,March,2025,1,1
Nigeria,Bauchi,Bogoro,NGA,NG005003,NG00,March,2025,0,0
Nigeria,Bauchi,Damban,NGA,NG005004,NG00,March,2025,0,0
Nigeria,Bauchi,Darazo,NGA,NG005005,NG00,March,2025,0,0
Nigeria,Bauchi,Dass,NGA,NG005006,NG00,March,2025,0,0
Nigeria,Bauchi,Gamawa,NGA,NG005007,NG00,March,2025,0,0
Nigeria,Bauchi,Ganjuwa,NGA,NG005008,NG00,March,2025,0,0
Nigeria,Bauchi,Giade,NGA,NG005009,NG00,March,2025,0,0
Nigeria,Bauchi,Itas-Gadau,NGA,NG005010,NG00,March,2025,0,0
Nigeria,Bauchi,Jamaare,NGA,NG005011,NG00,March,2025,0,0
Nigeria,Bauchi,Katagum,NGA,NG005012,NG00,March,2025,0,0
Nigeria,Bauchi,Kirfi,NGA,NG005013,NG00,March,2025,0,0
Nigeria,Bauchi,Misau,NGA,NG005014,NG00,March,2025,0,0
Nigeria,Bauchi,Ningi,NGA,NG005015,NG00,March,2025,0,0
Nigeria,Bauchi,Shira,NGA,NG005016,NG00,March,2025,0,0
Nigeria,Bauchi,Tafawa Balewa,NGA,NG005017,NG00,March,2025,0,0
Nigeria,Bauchi,Toro,NGA,NG005018,NG00,March,2025,0,0
Nigeria,Bauchi,Warji,NGA,NG005019,NG00,March,2025,0,0
Nigeria,Bauchi,Zaki,NGA,NG005020,NG00,March,2025,0,0
Nigeria,Bayelsa,Brass,NGA,NG006001,NG00,March,2025,0,0
Nigeria,Bayelsa,Ekermor,NGA,NG006002,NG00,March,2025,0,0
Nigeria,Bayelsa,Kolokuma,NGA,NG006003,NG00,March,2025,0,0
Nigeria,Bayelsa,Nembe,NGA,NG006004,NG00,March,2025,0,0
Nigeria,Bayelsa,Ogbia,NGA,NG006005,NG00,March,2025,4,1
Nigeria,Bayelsa,Sagbama,NGA,NG006006,NG00,March,2025,0,0
Nigeria,Bayelsa,Southern Ijaw,NGA,NG006007,NG00,March,2025,2,1
Nigeria,Bayelsa,Yenagoa,NGA,NG006008,NG00,March,2025,1,0
Nigeria,Benue,Ado,NGA,NG007001,NG00,March,2025,0,0
Nigeria,Benue,Agatu,NGA,NG007002,NG00,March,2025,0,0
Nigeria,Benue,Apa,NGA,NG007003,NG00,March,2025,0,0
Nigeria,Benue,Buruku,NGA,NG007004,NG00,March,2025,1,13
Nigeria,Benue,Gboko,NGA,NG007005,NG00,March,2025,0,0
Nigeria,Benue,Guma,NGA,NG007006,NG00,March,2025,0,0
Nigeria,Benue,Gwer East,NGA,NG007007,NG00,March,2025,0,0
Nigeria,Benue,Gwer West,NGA,NG007008,NG00,March,2025,1,3
Nigeria,Benue,Katsina Ala,NGA,NG007009,NG00,March,2025,6,24
Nigeria,Benue,Konshisha,NGA,NG007010,NG00,March,2025,0,0
Nigeria,Benue,Kwande,NGA,NG007011,NG00,March,2025,3,9
Nigeria,Benue,Logo,NGA,NG007012,NG00,March,2025,0,0
Nigeria,Benue,Makurdi,NGA,NG007013,NG00,March,2025,1,0
Nigeria,Benue,Obi,NGA,NG007014,NG00,March,2025,0,0
Nigeria,Benue,Ogbadibo,NGA,NG007015,NG00,March,2025,0,0
Nigeria,Benue,Ohimini,NGA,NG007016,NG00,March,2025,1,1
Nigeria,Benue,Oju,NGA,NG007017,NG00,March,2025,0,0
Nigeria,Benue,Okpokwu,NGA,NG007018,NG00,March,2025,1,1
Nigeria,Benue,Otukpo,NGA,NG007019,NG00,March,2025,1,10
Nigeria,Benue,Tarka,NGA,NG007020,NG00,March,2025,1,0
Nigeria,Benue,Ukum,NGA,NG007021,NG00,March,2025,1,6
Nigeria,Benue,Ushongo,NGA,NG007022,NG00,March,2025,0,0
Nigeria,Benue,Vandeikya,NGA,NG007023,NG00,March,2025,1,1
Nigeria,Borno,Abadan,NGA,NG008001,NG00,March,2025,2,20
Nigeria,Borno,Askira Uba,NGA,NG008002,NG00,March,2025,0,0
Nigeria,Borno,Bama,NGA,NG008003,NG00,March,2025,4,12
Nigeria,Borno,Bayo,NGA,NG008004,NG00,March,2025,0,0
Nigeria,Borno,Biu,NGA,NG008005,NG00,March,2025,1,0
Nigeria,Borno,Chibok,NGA,NG008006,NG00,March,2025,0,0
Nigeria,Borno,Damboa,NGA,NG008007,NG00,March,2025,10,56
Nigeria,Borno,Dikwa,NGA,NG008008,NG00,March,2025,0,0
Nigeria,Borno,Gubio,NGA,NG008009,NG00,March,2025,0,0
Nigeria,Borno,Guzamala,NGA,NG008010,NG00,March,2025,0,0
Nigeria,Borno,Gwoza,NGA,NG008011,NG00,March,2025,10,72
Nigeria,Borno,Hawul,NGA,NG008012,NG00,March,2025,0,0
Nigeria,Borno,Jere,NGA,NG008013,NG00,March,2025,2,5
Nigeria,Borno,Kaga,NGA,NG008014,NG00,March,2025,2,4
Nigeria,Borno,Kala Balge,NGA,NG008015,NG00,March,2025,0,0
Nigeria,Borno,Konduga,NGA,NG008016,NG00,March,2025,2,0
Nigeria,Borno,Kukawa,NGA,NG008017,NG00,March,2025,0,0
Nigeria,Borno,Kwaya Kusar,NGA,NG008018,NG00,March,2025,0,0
Nigeria,Borno,Mafa,NGA,NG008019,NG00,March,2025,0,0
Nigeria,Borno,Magumeri,NGA,NG008020,NG00,March,2025,0,0
Nigeria,Borno,Maiduguri Metro,NGA,NG008021,NG00,March,2025,0,0
Nigeria,Borno,Marte,NGA,NG008022,NG00,March,2025,1,10
Nigeria,Borno,Mobbar,NGA,NG008023,NG00,March,2025,0,0
Nigeria,Borno,Monguno,NGA,NG008024,NG00,March,2025,3,1
Nigeria,Borno,Ngala,NGA,NG008025,NG00,March,2025,1,19
Nigeria,Borno,Nganzai,NGA,NG008026,NG00,March,2025,0,0
Nigeria,Borno,Shani,NGA,NG008027,NG00,March,2025,0,0
Nigeria,Cross River,Abi,NGA,NG009001,NG00,March,2025,0,0
Nigeria,Cross River,Akamkpa,NGA,NG009002,NG00,March,2025,0,0
Nigeria,Cross River,Akpabuyo,NGA,NG009003,NG00,March,2025,0,0
Nigeria,Cross River,Bekwara,NGA,NG009006,NG00,March,2025,0,0
Nigeria,Cross River,Biase,NGA,NG009007,NG00,March,2025,0,0
Nigeria,Cross River,Boki,NGA,NG009008,NG00,March,2025,0,0
Nigeria,Cross River,Calabar Municipal,NGA,NG009010,NG00,March,2025,0,0
Nigeria,Cross River,Calabar South,NGA,NG009009,NG00,March,2025,0,0
Nigeria,Cross River,Etung,NGA,NG009011,NG00,March,2025,0,0
Nigeria,Cross River,Ikom,NGA,NG009012,NG00,March,2025,0,0
Nigeria,Cross River,Obanliku,NGA,NG009013,NG00,March,2025,0,0
Nigeria,Cross River,Obubra,NGA,NG009014,NG00,March,2025,0,0
Nigeria,Cross River,Obudu,NGA,NG009015,NG00,March,2025,0,0
Nigeria,Cross River,Odukpani,NGA,NG009016,NG00,March,2025,1,2
Nigeria,Cross River,Ogaja,NGA,NG009017,NG00,March,2025,0,0
Nigeria,Cross River,Yakurr,NGA,NG009018,NG00,March,2025,0,0
Nigeria,Cross River,Yala,NGA,NG009019,NG00,March,2025,0,0
Nigeria,Delta,Aniocha North,NGA,NG010001,NG01,March,2025,0,0
Nigeria,Delta,Aniocha South,NGA,NG010002,NG01,March,2025,4,1
Nigeria,Delta,Bomadi,NGA,NG010003,NG01,March,2025,0,0
Nigeria,Delta,Burutu,NGA,NG010004,NG01,March,2025,0,0
Nigeria,Delta,Ethiope East,NGA,NG010005,NG01,March,2025,0,0
Nigeria,Delta,Ethiope West,NGA,NG010006,NG01,March,2025,0,0
Nigeria,Delta,Ika North East,NGA,NG010007,NG01,March,2025,0,0
Nigeria,Delta,Ika South,NGA,NG010008,NG01,March,2025,1,0
Nigeria,Delta,Isoko North,NGA,NG010009,NG01,March,2025,1,0
Nigeria,Delta,Isoko South,NGA,NG010010,NG01,March,2025,0,0
Nigeria,Delta,Ndokwa East,NGA,NG010011,NG01,March,2025,0,0
Nigeria,Delta,Ndokwa West,NGA,NG010012,NG01,March,2025,0,0
Nigeria,Delta,Okpe,NGA,NG010013,NG01,March,2025,0,0
Nigeria,Delta,Oshimili North,NGA,NG010014,NG01,March,2025,2,1
Nigeria,Delta,Oshimili South,NGA,NG010015,NG01,March,2025,0,0
Nigeria,Delta,Patani,NGA,NG010016,NG01,March,2025,0,0
Nigeria,Delta,Sapele,NGA,NG010017,NG01,March,2025,0,0
Nigeria,Delta,Udu,NGA,NG010018,NG01,March,2025,1,1
Nigeria,Delta,Ughelli North,NGA,NG010019,NG01,March,2025,5,11
Nigeria,Delta,Ughelli South,NGA,NG010020,NG01,March,2025,0,0
Nigeria,Delta,Ukwuani,NGA,NG010021,NG01,March,2025,3,1
Nigeria,Delta,Uvwie,NGA,NG010022,NG01,March,2025,0,0
Nigeria,Delta,Warri North,NGA,NG010023,NG01,March,2025,0,0
Nigeria,Delta,Warri South,NGA,NG010024,NG01,March,2025,0,0
Nigeria,Delta,Warri South-West,NGA,NG010025,NG01,March,2025,0,0
Nigeria,Ebonyi,Abakaliki,NGA,NG011001,NG01,March,2025,1,0
Nigeria,Ebonyi,Afikpo North,NGA,NG011002,NG01,March,2025,0,0
Nigeria,Ebonyi,Afikpo South,NGA,NG011003,NG01,March,2025,0,0
Nigeria,Ebonyi,Ebonyi,NGA,NG011004,NG01,March,2025,1,1
Nigeria,Ebonyi,Ezza North,NGA,NG011005,NG01,March,2025,0,0
Nigeria,Ebonyi,Ezza South,NGA,NG011006,NG01,March,2025,0,0
Nigeria,Ebonyi,Ikwo,NGA,NG011007,NG01,March,2025,0,0
Nigeria,Ebonyi,Ishielu,NGA,NG011008,NG01,March,2025,0,0
Nigeria,Ebonyi,Ivo,NGA,NG011009,NG01,March,2025,1,2
Nigeria,Ebonyi,Izzi,NGA,NG011010,NG01,March,2025,0,0
Nigeria,Ebonyi,Ohaozara,NGA,NG011011,NG01,March,2025,0,0
Nigeria,Ebonyi,Ohaukwu,NGA,NG011012,NG01,March,2025,0,0
Nigeria,Ebonyi,Onicha,NGA,NG011013,NG01,March,2025,0,0
Nigeria,Edo,Akoko Edo,NGA,NG012001,NG01,March,2025,0,0
Nigeria,Edo,Egor,NGA,NG012002,NG01,March,2025,0,0
Nigeria,Edo,Esan Central,NGA,NG012003,NG01,March,2025,0,0
Nigeria,Edo,Esan North East,NGA,NG012004,NG01,March,2025,1,16
Nigeria,Edo,Esan South East,NGA,NG012005,NG01,March,2025,0,0
Nigeria,Edo,Esan West,NGA,NG012006,NG01,March,2025,2,2
Nigeria,Edo,Etsako Central,NGA,NG012007,NG01,March,2025,0,0
Nigeria,Edo,Etsako East,NGA,NG012008,NG01,March,2025,1,2
Nigeria,Edo,Etsako West,NGA,NG012009,NG01,March,2025,1,0
Nigeria,Edo,Igueben,NGA,NG012010,NG01,March,2025,0,0
Nigeria,Edo,Ikpoba Okha,NGA,NG012011,NG01,March,2025,1,1
Nigeria,Edo,Oredo,NGA,NG012012,NG01,March,2025,1,0
Nigeria,Edo,Orhionwon,NGA,NG012013,NG01,March,2025,0,0
Nigeria,Edo,Ovia North East,NGA,NG012014,NG01,March,2025,0,0
Nigeria,Edo,Ovia South West,NGA,NG012015,NG01,March,2025,0,0
Nigeria,Edo,Owan East,NGA,NG012016,NG01,March,2025,0,0
Nigeria,Edo,Owan West,NGA,NG012017,NG01,March,2025,0,0
Nigeria,Edo,Uhunmwode,NGA,NG012018,NG01,March,2025,0,0
Nigeria,Ekiti,Ado Ekiti,NGA,NG013001,NG01,March,2025,0,0
Nigeria,Ekiti,Aiyekire,NGA,NG013002,NG01,March,2025,0,0
Nigeria,Ekiti,Efon,NGA,NG013003,NG01,March,2025,0,0
Nigeria,Ekiti,Ekiti East,NGA,NG013004,NG01,March,2025,0,0
Nigeria,Ekiti,Ekiti South West,NGA,NG013005,NG01,March,2025,0,0
Nigeria,Ekiti,Ekiti West,NGA,NG013006,NG01,March,2025,0,0
Nigeria,Ekiti,Emure,NGA,NG013007,NG01,March,2025,0,0
Nigeria,Ekiti,Ido-Osi,NGA,NG013008,NG01,March,2025,0,0
Nigeria,Ekiti,Ijero,NGA,NG013009,NG01,March,2025,0,0
Nigeria,Ekiti,Ikere,NGA,NG013010,NG01,March,2025,0,0
Nigeria,Ekiti,Ikole,NGA,NG013011,NG01,March,2025,0,0
Nigeria,Ekiti,Ilejemeji,NGA,NG013012,NG01,March,2025,0,0
Nigeria,Ekiti,Irepodun,NGA,NG013013,NG01,March,2025,0,0
Nigeria,Ekiti,Ise,NGA,NG013014,NG01,March,2025,0,0
Nigeria,Ekiti,Moba,NGA,NG013015,NG01,March,2025,0,0
Nigeria,Ekiti,Oye,NGA,NG013016,NG01,March,2025,0,0
Nigeria,Enugu,Agwu,NGA,NG014002,NG01,March,2025,1,1
Nigeria,Enugu,Aninri,NGA,NG014001,NG01,March,2025,0,0
Nigeria,Enugu,Enugu East,NGA,NG014003,NG01,March,2025,0,0
Nigeria,Enugu,Enugu North,NGA,NG014004,NG01,March,2025,1,1
Nigeria,Enugu,Enugu South,NGA,NG014005,NG01,March,2025,0,0
Nigeria,Enugu,Ezeagu,NGA,NG014006,NG01,March,2025,0,0
Nigeria,Enugu,Igbo Etiti,NGA,NG014007,NG01,March,2025,1,0
Nigeria,Enugu,Igbo Eze North,NGA,NG014008,NG01,March,2025,0,0
Nigeria,Enugu,Igbo Eze South,NGA,NG014009,NG01,March,2025,0,0
Nigeria,Enugu,Isi Uzo,NGA,NG014010,NG01,March,2025,5,3
Nigeria,Enugu,Nkanu East,NGA,NG014011,NG01,March,2025,0,0
Nigeria,Enugu,Nkanu West,NGA,NG014012,NG01,March,2025,0,0
Nigeria,Enugu,Nsukka,NGA,NG014013,NG01,March,2025,0,0
Nigeria,Enugu,Oji River,NGA,NG014014,NG01,March,2025,1,0
Nigeria,Enugu,Udenu,NGA,NG014015,NG01,March,2025,0,0
Nigeria,Enugu,Udi,NGA,NG014016,NG01,March,2025,0,0
Nigeria,Enugu,Uzo Uwani,NGA,NG014017,NG01,March,2025,1,5
Nigeria,Federal Capital Territory,Abaji,NGA,NG015001,NG01,March,2025,1,2
Nigeria,Federal Capital Territory,Abuja Municipal,NGA,NG015002,NG01,March,2025,6,2
Nigeria,Federal Capital Territory,Bwari,NGA,NG015003,NG01,March,2025,2,0
Nigeria,Federal Capital Territory,Gwagwalada,NGA,NG015004,NG01,March,2025,0,0
Nigeria,Federal Capital Territory,Kuje,NGA,NG015005,NG01,March,2025,1,1
Nigeria,Federal Capital Territory,Kwali,NGA,NG015006,NG01,March,2025,0,0
Nigeria,Gombe,Akko,NGA,NG016001,NG01,March,2025,0,0
Nigeria,Gombe,Balanga,NGA,NG016002,NG01,March,2025,0,0
Nigeria,Gombe,Billiri,NGA,NG016003,NG01,March,2025,0,0
Nigeria,Gombe,Dukku,NGA,NG016004,NG01,March,2025,1,0
Nigeria,Gombe,Funakaye,NGA,NG016005,NG01,March,2025,0,0
Nigeria,Gombe,Gombe,NGA,NG016006,NG01,March,2025,0,0
Nigeria,Gombe,Kaltungo,NGA,NG016007,NG01,March,2025,0,0
Nigeria,Gombe,Kwami,NGA,NG016008,NG01,March,2025,0,0
Nigeria,Gombe,Nafada,NGA,NG016009,NG01,March,2025,0,0
Nigeria,Gombe,Shomgom,NGA,NG016010,NG01,March,2025,0,0
Nigeria,Gombe,Yamaltu,NGA,NG016011,NG01,March,2025,1,1
Nigeria,Imo,Aboh Mbaise,NGA,NG017001,NG01,March,2025,0,0
Nigeria,Imo,Ahiazu Mbaise,NGA,NG017002,NG01,March,2025,0,0
Nigeria,Imo,Ehime Mbano,NGA,NG017003,NG01,March,2025,0,0
Nigeria,Imo,Ezinihitte Mbaise,NGA,NG017004,NG01,March,2025,0,0
Nigeria,Imo,Ideato North,NGA,NG017005,NG01,March,2025,0,0
Nigeria,Imo,Ideato South,NGA,NG017006,NG01,March,2025,0,0
Nigeria,Imo,Ihitte Uboma,NGA,NG017007,NG01,March,2025,0,0
Nigeria,Imo,Ikeduru,NGA,NG017008,NG01,March,2025,0,0
Nigeria,Imo,Isiala Mbano,NGA,NG017009,NG01,March,2025,0,0
Nigeria,Imo,Isu,NGA,NG017010,NG01,March,2025,0,0
Nigeria,Imo,Mbaitoli,NGA,NG017011,NG01,March,2025,0,0
Nigeria,Imo,Ngor Okpala,NGA,NG017012,NG01,March,2025,0,0
Nigeria,Imo,Njaba,NGA,NG017013,NG01,March,2025,0,0
Nigeria,Imo,Nkwangele,NGA,NG017015,NG01,March,2025,0,0
Nigeria,Imo,Nkwerre,NGA,NG017014,NG01,March,2025,0,0
Nigeria,Imo,Obowo,NGA,NG017016,NG01,March,2025,0,0
Nigeria,Imo,Oguta,NGA,NG017017,NG01,March,2025,1,0
Nigeria,Imo,Ohaji,NGA,NG017018,NG01,March,2025,0,0
Nigeria,Imo,Okigwe,NGA,NG017019,NG01,March,2025,1,0
Nigeria,Imo,Onuimo,NGA,NG017027,NG01,March,2025,0,0
Nigeria,Imo,Orlu,NGA,NG017020,NG01,March,2025,0,0
Nigeria,Imo,Orsu,NGA,NG017021,NG01,March,2025,0,0
Nigeria,Imo,Oru East,NGA,NG017022,NG01,March,2025,0,0
Nigeria,Imo,Oru West,NGA,NG017023,NG01,March,2025,0,0
Nigeria,Imo,Owerri Municipal,NGA,NG017026,NG01,March,2025,0,0
Nigeria,Imo,Owerri North,NGA,NG017024,NG01,March,2025,0,0
Nigeria,Imo,Owerri West,NGA,NG017025,NG01,March,2025,1,1
Nigeria,Jigawa,Auyo,NGA,NG018001,NG01,March,2025,0,0
Nigeria,Jigawa,Babura,NGA,NG018002,NG01,March,2025,0,0
Nigeria,Jigawa,Birnin Kudu,NGA,NG018004,NG01,March,2025,0,0
Nigeria,Jigawa,Birniwa,NGA,NG018003,NG01,March,2025,0,0
Nigeria,Jigawa,Buji,NGA,NG018005,NG01,March,2025,0,0
Nigeria,Jigawa,Dutse,NGA,NG018006,NG01,March,2025,0,0
Nigeria,Jigawa,Gagarawa,NGA,NG018007,NG01,March,2025,0,0
Nigeria,Jigawa,Garki,NGA,NG018008,NG01,March,2025,0,0
Nigeria,Jigawa,Gumel,NGA,NG018009,NG01,March,2025,0,0
Nigeria,Jigawa,Guri,NGA,NG018010,NG01,March,2025,0,0
Nigeria,Jigawa,Gwaram,NGA,NG018011,NG01,March,2025,0,0
Nigeria,Jigawa,Gwiwa,NGA,NG018012,NG01,March,2025,0,0
Nigeria,Jigawa,Hadejia,NGA,NG018013,NG01,March,2025,0,0
Nigeria,Jigawa,Jahun,NGA,NG018014,NG01,March,2025,0,0
Nigeria,Jigawa,Kafin Hausa,NGA,NG018015,NG01,March,2025,0,0
Nigeria,Jigawa,Kaugama,NGA,NG018016,NG01,March,2025,0,0
Nigeria,Jigawa,Kazaure,NGA,NG018017,NG01,March,2025,0,0
Nigeria,Jigawa,Kiri-Kasamma,NGA,NG018018,NG01,March,2025,0,0
Nigeria,Jigawa,Kiyawa,NGA,NG018019,NG01,March,2025,0,0
Nigeria,Jigawa,Maigatari,NGA,NG018020,NG01,March,2025,0,0
Nigeria,Jigawa,Malam Madori,NGA,NG018021,NG01,March,2025,0,0
Nigeria,Jigawa,Miga,NGA,NG018022,NG01,March,2025,0,0
Nigeria,Jigawa,Ringim,NGA,NG018023,NG01,March,2025,1,3
Nigeria,Jigawa,Roni,NGA,NG018024,NG01,March,2025,0,0
Nigeria,Jigawa,Sule Takarkar,NGA,NG018025,NG01,March,2025,0,0
Nigeria,Jigawa,Taura,NGA,NG018026,NG01,March,2025,1,0
Nigeria,Jigawa,Yankwashi,NGA,NG018027,NG01,March,2025,0,0
Nigeria,Kaduna,Birnin Gwari,NGA,NG019001,NG01,March,2025,0,0
Nigeria,Kaduna,Chikun,NGA,NG019002,NG01,March,2025,1,3
Nigeria,Kaduna,Giwa,NGA,NG019003,NG01,March,2025,0,0
Nigeria,Kaduna,Igabi,NGA,NG019004,NG01,March,2025,2,1
Nigeria,Kaduna,Ikara,NGA,NG019005,NG01,March,2025,0,0
Nigeria,Kaduna,Jaba,NGA,NG019006,NG01,March,2025,0,0
Nigeria,Kaduna,Jema'a,NGA,NG019007,NG01,March,2025,0,0
Nigeria,Kaduna,Kachia,NGA,NG019008,NG01,March,2025,1,1
Nigeria,Kaduna,Kaduna North,NGA,NG019009,NG01,March,2025,0,0
Nigeria,Kaduna,Kaduna South,NGA,NG019010,NG01,March,2025,0,0
Nigeria,Kaduna,Kagarko,NGA,NG019011,NG01,March,2025,2,2
Nigeria,Kaduna,Kajuru,NGA,NG019014,NG01,March,2025,3,0
Nigeria,Kaduna,Kaura,NGA,NG019013,NG01,March,2025,1,1
Nigeria,Kaduna,Kauru,NGA,NG019012,NG01,March,2025,3,6
Nigeria,Kaduna,Kubau,NGA,NG019015,NG01,March,2025,0,0
Nigeria,Kaduna,Kudan,NGA,NG019016,NG01,March,2025,0,0
Nigeria,Kaduna,Lere,NGA,NG019017,NG01,March,2025,0,0
Nigeria,Kaduna,Makarfi,NGA,NG019018,NG01,March,2025,0,0
Nigeria,Kaduna,Sabon Gari,NGA,NG019019,NG01,March,2025,0,0
Nigeria,Kaduna,Sanga,NGA,NG019020,NG01,March,2025,0,0
Nigeria,Kaduna,Soba,NGA,NG019021,NG01,March,2025,0,0
Nigeria,Kaduna,Zangon Kataf,NGA,NG019022,NG01,March,2025,2,1
Nigeria,Kaduna,Zaria,NGA,NG019023,NG01,March,2025,0,0
Nigeria,Kano,Ajingi,NGA,NG020001,NG02,March,2025,0,0
Nigeria,Kano,Albasu,NGA,NG020002,NG02,March,2025,0,0
Nigeria,Kano,Bagwai,NGA,NG020003,NG02,March,2025,0,0
Nigeria,Kano,Bebeji,NGA,NG020004,NG02,March,2025,0,0
Nigeria,Kano,Bichi,NGA,NG020005,NG02,March,2025,0,0
Nigeria,Kano,Bunkure,NGA,NG020006,NG02,March,2025,0,0
Nigeria,Kano,Dala,NGA,NG020007,NG02,March,2025,0,0
Nigeria,Kano,Danbatta,NGA,NG020008,NG02,March,2025,0,0
Nigeria,Kano,Dawakin Kudu,NGA,NG020009,NG02,March,2025,0,0
Nigeria,Kano,Dawakin Tofa,NGA,NG020010,NG02,March,2025,0,0
Nigeria,Kano,Doguwa,NGA,NG020011,NG02,March,2025,0,0
Nigeria,Kano,Fagge,NGA,NG020012,NG02,March,2025,0,0
Nigeria,Kano,Gabasawa,NGA,NG020013,NG02,March,2025,1,0
Nigeria,Kano,Garko,NGA,NG020014,NG02,March,2025,0,0
Nigeria,Kano,Garun Mallam,NGA,NG020015,NG02,March,2025,0,0
Nigeria,Kano,Gaya,NGA,NG020016,NG02,March,2025,0,0
Nigeria,Kano,Gezawa,NGA,NG020017,NG02,March,2025,0,0
Nigeria,Kano,Gwale,NGA,NG020018,NG02,March,2025,0,0
Nigeria,Kano,Gwarzo,NGA,NG020019,NG02,March,2025,0,0
Nigeria,Kano,Kabo,NGA,NG020020,NG02,March,2025,0,0
Nigeria,Kano,Kano Municipal,NGA,NG020021,NG02,March,2025,2,1
Nigeria,Kano,Karaye,NGA,NG020022,NG02,March,2025,1,2
Nigeria,Kano,Kibiya,NGA,NG020023,NG02,March,2025,0,0
Nigeria,Kano,Kiru,NGA,NG020024,NG02,March,2025,0,0
Nigeria,Kano,Kumbotso,NGA,NG020025,NG02,March,2025,0,0
Nigeria,Kano,Kunchi,NGA,NG020026,NG02,March,2025,0,0
Nigeria,Kano,Kura,NGA,NG020027,NG02,March,2025,0,0
Nigeria,Kano,Madobi,NGA,NG020028,NG02,March,2025,0,0
Nigeria,Kano,Makoda,NGA,NG020029,NG02,March,2025,0,0
Nigeria,Kano,Minjibir,NGA,NG020030,NG02,March,2025,0,0
Nigeria,Kano,Nassarawa,NGA,NG020031,NG02,March,2025,0,0
Nigeria,Kano,Rano,NGA,NG020032,NG02,March,2025,0,0
Nigeria,Kano,Rimin Gado,NGA,NG020033,NG02,March,2025,0,0
Nigeria,Kano,Rogo,NGA,NG020034,NG02,March,2025,0,0
Nigeria,Kano,Shanono,NGA,NG020035,NG02,March,2025,0,0
Nigeria,Kano,Sumaila,NGA,NG020036,NG02,March,2025,0,0
Nigeria,Kano,Takai,NGA,NG020037,NG02,March,2025,0,0
Nigeria,Kano,Tarauni,NGA,NG020038,NG02,March,2025,0,0
Nigeria,Kano,Tofa,NGA,NG020039,NG02,March,2025,0,0
Nigeria,Kano,Tsanyawa,NGA,NG020040,NG02,March,2025,0,0
Nigeria,Kano,Tudun Wada,NGA,NG020041,NG02,March,2025,0,0
Nigeria,Kano,Ungogo,NGA,NG020042,NG02,March,2025,0,0
Nigeria,Kano,Warawa,NGA,NG020043,NG02,March,2025,0,0
Nigeria,Kano,Wudil,NGA,NG020044,NG02,March,2025,0,0
Nigeria,Katsina,Bakori,NGA,NG021001,NG02,March,2025,4,0
Nigeria,Katsina,Batagarawa,NGA,NG021002,NG02,March,2025,0,0
Nigeria,Katsina,Batsari,NGA,NG021003,NG02,March,2025,1,1
Nigeria,Katsina,Baure,NGA,NG021004,NG02,March,2025,0,0
Nigeria,Katsina,Bindawa,NGA,NG021005,NG02,March,2025,0,0
Nigeria,Katsina,Charanchi,NGA,NG021006,NG02,March,2025,0,0
Nigeria,Katsina,Dan-Musa,NGA,NG021007,NG02,March,2025,3,2
Nigeria,Katsina,Dandume,NGA,NG021008,NG02,March,2025,1,1
Nigeria,Katsina,Danja,NGA,NG021009,NG02,March,2025,0,0
Nigeria,Katsina,Daura,NGA,NG021010,NG02,March,2025,0,0
Nigeria,Katsina,Dutsi,NGA,NG021011,NG02,March,2025,0,0
Nigeria,Katsina,Dutsinma,NGA,NG021012,NG02,March,2025,7,22
Nigeria,Katsina,Faskari,NGA,NG021013,NG02,March,2025,10,34
Nigeria,Katsina,Funtua,NGA,NG021014,NG02,March,2025,1,0
Nigeria,Katsina,Ingawa,NGA,NG021015,NG02,March,2025,0,0
Nigeria,Katsina,Jibia,NGA,NG021016,NG02,March,2025,0,0
Nigeria,Katsina,Kafur,NGA,NG021017,NG02,March,2025,0,0
Nigeria,Katsina,Kaita,NGA,NG021018,NG02,March,2025,0,0
Nigeria,Katsina,Kankara,NGA,NG021019,NG02,March,2025,3,14
Nigeria,Katsina,Kankia,NGA,NG021020,NG02,March,2025,4,5
Nigeria,Katsina,Katsina,NGA,NG021021,NG02,March,2025,0,0
Nigeria,Katsina,Kurfi,NGA,NG021022,NG02,March,2025,0,0
Nigeria,Katsina,Kusada,NGA,NG021023,NG02,March,2025,0,0
Nigeria,Katsina,Maiadua,NGA,NG021024,NG02,March,2025,0,0
Nigeria,Katsina,Malumfashi,NGA,NG021025,NG02,March,2025,0,0
Nigeria,Katsina,Mani,NGA,NG021026,NG02,March,2025,0,0
Nigeria,Katsina,Mashi,NGA,NG021027,NG02,March,2025,0,0
Nigeria,Katsina,Matazu,NGA,NG021028,NG02,March,2025,0,0
Nigeria,Katsina,Musawa,NGA,NG021029,NG02,March,2025,0,0
Nigeria,Katsina,Rimi,NGA,NG021030,NG02,March,2025,0,0
Nigeria,Katsina,Sabuwa,NGA,NG021031,NG02,March,2025,0,0
Nigeria,Katsina,Safana,NGA,NG021032,NG02,March,2025,1,2
Nigeria,Katsina,Sandamu,NGA,NG021033,NG02,March,2025,0,0
Nigeria,Katsina,Zango,NGA,NG021034,NG02,March,2025,0,0
Nigeria,Kebbi,Alieru,NGA,NG022001,NG02,March,2025,0,0
Nigeria,Kebbi,Arewa,NGA,NG022002,NG02,March,2025,7,21
Nigeria,Kebbi,Argungu,NGA,NG022003,NG02,March,2025,0,0
Nigeria,Kebbi,Augie,NGA,NG022004,NG02,March,2025,0,0
Nigeria,Kebbi,Bagudo,NGA,NG022005,NG02,March,2025,0,0
Nigeria,Kebbi,Birnin-Kebbi,NGA,NG022006,NG02,March,2025,0,0
Nigeria,Kebbi,Bunza,NGA,NG022007,NG02,March,2025,0,0
Nigeria,Kebbi,Dandi Kamba,NGA,NG022008,NG02,March,2025,2,2
Nigeria,Kebbi,Danko,NGA,NG022019,NG02,March,2025,0,0
Nigeria,Kebbi,Fakai,NGA,NG022009,NG02,March,2025,0,0
Nigeria,Kebbi,Gwandu,NGA,NG022010,NG02,March,2025,0,0
Nigeria,Kebbi,Jega,NGA,NG022011,NG02,March,2025,0,0
Nigeria,Kebbi,Kalgo,NGA,NG022012,NG02,March,2025,0,0
Nigeria,Kebbi,Koko,NGA,NG022013,NG02,March,2025,0,0
Nigeria,Kebbi,Maiyama,NGA,NG022014,NG02,March,2025,0,0
Nigeria,Kebbi,Ngaski,NGA,NG022015,NG02,March,2025,0,0
Nigeria,Kebbi,Sakaba,NGA,NG022016,NG02,March,2025,0,0
Nigeria,Kebbi,Shanga,NGA,NG022017,NG02,March,2025,0,0
Nigeria,Kebbi,Suru,NGA,NG022018,NG02,March,2025,0,0
Nigeria,Kebbi,Yauri,NGA,NG022020,NG02,March,2025,0,0
Nigeria,Kebbi,Zuru,NGA,NG022021,NG02,March,2025,0,0
Nigeria,Kogi,Adavi,NGA,NG023001,NG02,March,2025,1,0
Nigeria,Kogi,Ajaokuta,NGA,NG023002,NG02,March,2025,0,0
Nigeria,Kogi,Ankpa,NGA,NG023003,NG02,March,2025,0,0
Nigeria,Kogi,Bassa,NGA,NG023004,NG02,March,2025,0,0
Nigeria,Kogi,Dekina,NGA,NG023005,NG02,March,2025,0,0
Nigeria,Kogi,Ibaji,NGA,NG023006,NG02,March,2025,0,0
Nigeria,Kogi,Idah,NGA,NG023007,NG02,March,2025,0,0
Nigeria,Kogi,Igalamela,NGA,NG023008,NG02,March,2025,0,0
Nigeria,Kogi,Ijumu,NGA,NG023009,NG02,March,2025,0,0
Nigeria,Kogi,Kabba,NGA,NG023010,NG02,March,2025,3,1
Nigeria,Kogi,Kogi,NGA,NG023011,NG02,March,2025,1,1
Nigeria,Kogi,Lokoja,NGA,NG023012,NG02,March,2025,2,0
Nigeria,Kogi,Mopa-Muro,NGA,NG023013,NG02,March,2025,0,0
Nigeria,Kogi,Ofu,NGA,NG023014,NG02,March,2025,0,0
Nigeria,Kogi,Ogori,NGA,NG023015,NG02,March,2025,0,0
Nigeria,Kogi,Okehi,NGA,NG023016,NG02,March,2025,0,0
Nigeria,Kogi,Okene,NGA,NG023017,NG02,March,2025,0,0
Nigeria,Kogi,Olamaboro,NGA,NG023018,NG02,March,2025,0,0
Nigeria,Kogi,Omala,NGA,NG023019,NG02,March,2025,0,0
Nigeria,Kogi,Yagba East,NGA,NG023020,NG02,March,2025,0,0
Nigeria,Kogi,Yagba West,NGA,NG023021,NG02,March,2025,1,6
Nigeria,Kwara,Asa,NGA,NG024001,NG02,March,2025,0,0
Nigeria,Kwara,Baruten,NGA,NG024002,NG02,March,2025,0,0
Nigeria,Kwara,Edu,NGA,NG024003,NG02,March,2025,0,0
Nigeria,Kwara,Ekiti,NGA,NG024004,NG02,March,2025,0,0
Nigeria,Kwara,Ifelodun,NGA,NG024005,NG02,March,2025,1,3
Nigeria,Kwara,Ilorin East,NGA,NG024006,NG02,March,2025,1,1
Nigeria,Kwara,Ilorin South,NGA,NG024007,NG02,March,2025,0,0
Nigeria,Kwara,Ilorin West,NGA,NG024008,NG02,March,2025,0,0
Nigeria,Kwara,Irepodun,NGA,NG024009,NG02,March,2025,0,0
Nigeria,Kwara,Kai Ama,NGA,NG024011,NG02,March,2025,0,0
Nigeria,Kwara,Moro,NGA,NG024012,NG02,March,2025,1,1
Nigeria,Kwara,Offa,NGA,NG024013,NG02,March,2025,0,0
Nigeria,Kwara,Oke-Ero,NGA,NG024014,NG02,March,2025,0,0
Nigeria,Kwara,Osin,NGA,NG024010,NG02,March,2025,0,0
Nigeria,Kwara,Oyun,NGA,NG024015,NG02,March,2025,0,0
Nigeria,Kwara,Pategi,NGA,NG024016,NG02,March,2025,0,0
Nigeria,Lagos,Agege,NGA,NG025001,NG02,March,2025,1,1
Nigeria,Lagos,Ajeromi,NGA,NG025002,NG02,March,2025,0,0
Nigeria,Lagos,Alimosho,NGA,NG025003,NG02,March,2025,0,0
Nigeria,Lagos,Amowo-Odofin,NGA,NG025004,NG02,March,2025,0,0
Nigeria,Lagos,Apapa,NGA,NG025005,NG02,March,2025,0,0
Nigeria,Lagos,Badagry,NGA,NG025006,NG02,March,2025,1,0
Nigeria,Lagos,Epe,NGA,NG025007,NG02,March,2025,0,0
Nigeria,Lagos,Eti-Osa,NGA,NG025008,NG02,March,2025,0,0
Nigeria,Lagos,Ibeju-Lekki,NGA,NG025009,NG02,March,2025,1,0
Nigeria,Lagos,Ifako,NGA,NG025010,NG02,March,2025,0,0
Nigeria,Lagos,Ikeja,NGA,NG025011,NG02,March,2025,1,0
Nigeria,Lagos,Ikorodu,NGA,NG025012,NG02,March,2025,2,1
Nigeria,Lagos,Kosofe,NGA,NG025013,NG02,March,2025,0,0
Nigeria,Lagos,Lagos Island,NGA,NG025014,NG02,March,2025,0,0
Nigeria,Lagos,Lagos Mainland,NGA,NG025015,NG02,March,2025,0,0
Nigeria,Lagos,Mushin,NGA,NG025016,NG02,March,2025,0,0
Nigeria,Lagos,Ojo,NGA,NG025017,NG02,March,2025,2,2
Nigeria,Lagos,Oshodi,NGA,NG025018,NG02,March,2025,0,0
Nigeria,Lagos,Somolu,NGA,NG025019,NG02,March,2025,0,0
Nigeria,Lagos,Surulere,NGA,NG025020,NG02,March,2025,0,0
Nigeria,Nassarawa,Akwanga,NGA,NG026001,NG02,March,2025,1,1
Nigeria,Nassarawa,Awe,NGA,NG026002,NG02,March,2025,1,1
Nigeria,Nassarawa,Doma,NGA,NG026003,NG02,March,2025,0,0
Nigeria,Nassarawa,Karu,NGA,NG026004,NG02,March,2025,1,1
Nigeria,Nassarawa,Keana,NGA,NG026005,NG02,March,2025,0,0
Nigeria,Nassarawa,Keffi,NGA,NG026006,NG02,March,2025,0,0
Nigeria,Nassarawa,Kokona,NGA,NG026007,NG02,March,2025,0,0
Nigeria,Nassarawa,Lafia,NGA,NG026008,NG02,March,2025,1,0
Nigeria,Nassarawa,Nasarawa,NGA,NG026009,NG02,March,2025,3,11
Nigeria,Nassarawa,Nasarawa Eggon,NGA,NG026010,NG02,March,2025,0,0
Nigeria,Nassarawa,Obi,NGA,NG026011,NG02,March,2025,1,1
Nigeria,Nassarawa,Toto,NGA,NG026012,NG02,March,2025,1,16
Nigeria,Nassarawa,Wamba,NGA,NG026013,NG02,March,2025,0,0
Nigeria,Niger,Agaie,NGA,NG027001,NG02,March,2025,0,0
Nigeria,Niger,Agwara,NGA,NG027002,NG02,March,2025,0,0
Nigeria,Niger,Bida,NGA,NG027003,NG02,March,2025,0,0
Nigeria,Niger,Borgu,NGA,NG027004,NG02,March,2025,1,10
Nigeria,Niger,Bosso,NGA,NG027005,NG02,March,2025,0,0
Nigeria,Niger,Edati,NGA,NG027017,NG02,March,2025,0,0
Nigeria,Niger,Gbako,NGA,NG027008,NG02,March,2025,0,0
Nigeria,Niger,Gurara,NGA,NG027009,NG02,March,2025,0,0
Nigeria,Niger,Katcha,NGA,NG027010,NG02,March,2025,0,0
Nigeria,Niger,Kontagora,NGA,NG027011,NG02,March,2025,2,0
Nigeria,Niger,Lapai,NGA,NG027012,NG02,March,2025,0,0
Nigeria,Niger,Lavun,NGA,NG027013,NG02,March,2025,0,0
Nigeria,Niger,Magama,NGA,NG027014,NG02,March,2025,1,5
Nigeria,Niger,Mariga,NGA,NG027015,NG02,March,2025,0,0
Nigeria,Niger,Mashegu,NGA,NG027016,NG02,March,2025,0,0
Nigeria,Niger,Minna,NGA,NG027006,NG02,March,2025,0,0
Nigeria,Niger,Mokwa,NGA,NG027017,NG02,March,2025,1,1
Nigeria,Niger,Muya,NGA,NG027018,NG02,March,2025,3,1
Nigeria,Niger,Paikoro,NGA,NG027019,NG02,March,2025,1,0
Nigeria,Niger,Rafi,NGA,NG027020,NG02,March,2025,2,2
Nigeria,Niger,Rijau,NGA,NG027021,NG02,March,2025,1,0
Nigeria,Niger,Shiroro,NGA,NG027022,NG02,March,2025,2,10
Nigeria,Niger,Suleja,NGA,NG027023,NG02,March,2025,1,0
Nigeria,Niger,Tafa,NGA,NG027024,NG02,March,2025,0,0
Nigeria,Niger,Wushishi,NGA,NG027025,NG02,March,2025,0,0
Nigeria,Ogun,Abeokuta North,NGA,NG028001,NG02,March,2025,0,0
Nigeria,Ogun,Abeokuta South,NGA,NG028002,NG02,March,2025,0,0
Nigeria,Ogun,Ado-Odo,NGA,NG028003,NG02,March,2025,0,0
Nigeria,Ogun,Egbado North,NGA,NG028004,NG02,March,2025,1,1
Nigeria,Ogun,Egbado South,NGA,NG028005,NG02,March,2025,0,0
Nigeria,Ogun,Ewekoro,NGA,NG028006,NG02,March,2025,0,0
Nigeria,Ogun,Ifo,NGA,NG028007,NG02,March,2025,0,0
Nigeria,Ogun,Ijebu East,NGA,NG028008,NG02,March,2025,0,0
Nigeria,Ogun,Ijebu North,NGA,NG028009,NG02,March,2025,0,0
Nigeria,Ogun,Ijebu North East,NGA,NG028010,NG02,March,2025,0,0
Nigeria,Ogun,Ijebu Ode,NGA,NG028010,NG02,March,2025,0,0
Nigeria,Ogun,Ikenne,NGA,NG028012,NG02,March,2025,0,0
Nigeria,Ogun,Imeko-Afon,NGA,NG028013,NG02,March,2025,0,0
Nigeria,Ogun,Ipokia,NGA,NG028014,NG02,March,2025,1,1
Nigeria,Ogun,Obafemi,NGA,NG028015,NG02,March,2025,0,0
Nigeria,Ogun,Odedah,NGA,NG028016,NG02,March,2025,3,3
Nigeria,Ogun,Odogbolu,NGA,NG028017,NG02,March,2025,0,0
Nigeria,Ogun,Ogun Waterside,NGA,NG028018,NG02,March,2025,0,0
Nigeria,Ogun,Remo North,NGA,NG028019,NG02,March,2025,0,0
Nigeria,Ogun,Shagamu,NGA,NG028020,NG02,March,2025,1,0
Nigeria,Ondo,Akoko North East,NGA,NG029001,NG02,March,2025,0,0
Nigeria,Ondo,Akoko North West,NGA,NG029002,NG02,March,2025,0,0
Nigeria,Ondo,Akoko South East,NGA,NG029003,NG02,March,2025,0,0
Nigeria,Ondo,Akoko South West,NGA,NG029004,NG02,March,2025,0,0
Nigeria,Ondo,Akure North,NGA,NG029005,NG02,March,2025,3,19
Nigeria,Ondo,Akure South,NGA,NG029006,NG02,March,2025,1,0
Nigeria,Ondo,Ese-Edo,NGA,NG029007,NG02,March,2025,0,0
Nigeria,Ondo,Idanre,NGA,NG029008,NG02,March,2025,0,0
Nigeria,Ondo,Ifedore,NGA,NG029009,NG02,March,2025,0,0
Nigeria,Ondo,Ilaje,NGA,NG029010,NG02,March,2025,0,0
Nigeria,Ondo,Ile-Oluji-Okeigbo,NGA,NG029011,NG02,March,2025,0,0
Nigeria,Ondo,Irele,NGA,NG029012,NG02,March,2025,0,0
Nigeria,Ondo,Odigbo,NGA,NG029013,NG02,March,2025,1,1
Nigeria,Ondo,Okitipupa,NGA,NG029014,NG02,March,2025,0,0
Nigeria,Ondo,Ondo East,NGA,NG029015,NG02,March,2025,0,0
Nigeria,Ondo,Ondo West,NGA,NG029016,NG02,March,2025,0,0
Nigeria,Ondo,Ose,NGA,NG029017,NG02,March,2025,0,0
Nigeria,Ondo,Owo,NGA,NG029018,NG02,March,2025,2,1
Nigeria,Osun,Aiyedade,NGA,NG030001,NG03,March,2025,0,0
Nigeria,Osun,Aiyedire,NGA,NG030002,NG03,March,2025,0,0
Nigeria,Osun,Atakumosa East,NGA,NG030003,NG03,March,2025,0,0
Nigeria,Osun,Atakumosa West,NGA,NG030004,NG03,March,2025,0,0
Nigeria,Osun,Boluwaduro,NGA,NG030005,NG03,March,2025,0,0
Nigeria,Osun,Boripe,NGA,NG030006,NG03,March,2025,0,0
Nigeria,Osun,Ede North,NGA,NG030007,NG03,March,2025,1,0
Nigeria,Osun,Ede South,NGA,NG030008,NG03,March,2025,0,0
Nigeria,Osun,Egbedore,NGA,NG030009,NG03,March,2025,0,0
Nigeria,Osun,Ejigbo,NGA,NG030010,NG03,March,2025,0,0
Nigeria,Osun,Ife Central,NGA,NG030011,NG03,March,2025,0,0
Nigeria,Osun,Ife East,NGA,NG030012,NG03,March,2025,0,0
Nigeria,Osun,Ife North,NGA,NG030013,NG03,March,2025,0,0
Nigeria,Osun,Ife South,NGA,NG030014,NG03,March,2025,0,0
Nigeria,Osun,Ifedayo,NGA,NG030015,NG03,March,2025,0,0
Nigeria,Osun,Ifelodun,NGA,NG030016,NG03,March,2025,0,0
Nigeria,Osun,Ila,NGA,NG030017,NG03,March,2025,0,0
Nigeria,Osun,Ilesha East,NGA,NG030018,NG03,March,2025,0,0
Nigeria,Osun,Ilesha West,NGA,NG030019,NG03,March,2025,0,0
Nigeria,Osun,Irepodun,NGA,NG030020,NG03,March,2025,2,0
Nigeria,Osun,Irewole,NGA,NG030021,NG03,March,2025,1,0
Nigeria,Osun,Isokan,NGA,NG030022,NG03,March,2025,0,0
Nigeria,Osun,Iwo,NGA,NG030023,NG03,March,2025,0,0
Nigeria,Osun,Obokun,NGA,NG030024,NG03,March,2025,0,0
Nigeria,Osun,Odo-Otin,NGA,NG030025,NG03,March,2025,0,0
Nigeria,Osun,Ola-Oluwa,NGA,NG030026,NG03,March,2025,0,0
Nigeria,Osun,Olorunda,NGA,NG030027,NG03,March,2025,0,0
Nigeria,Osun,Oriade,NGA,NG030028,NG03,March,2025,0,0
Nigeria,Osun,Orolu,NGA,NG030029,NG03,March,2025,1,1
Nigeria,Osun,Osogbo,NGA,NG030030,NG03,March,2025,0,0
Nigeria,Oyo,Afijio,NGA,NG031001,NG03,March,2025,1,0
Nigeria,Oyo,Akinyele,NGA,NG031002,NG03,March,2025,0,0
Nigeria,Oyo,Atiba,NGA,NG031003,NG03,March,2025,0,0
Nigeria,Oyo,Atisbo,NGA,NG031004,NG03,March,2025,0,0
Nigeria,Oyo,Egbeda,NGA,NG031005,NG03,March,2025,0,0
Nigeria,Oyo,Ibadan North,NGA,NG031006,NG03,March,2025,0,0
Nigeria,Oyo,Ibadan North East,NGA,NG031007,NG03,March,2025,1,0
Nigeria,Oyo,Ibadan North West,NGA,NG031008,NG03,March,2025,0,0
Nigeria,Oyo,Ibadan South East,NGA,NG031009,NG03,March,2025,0,0
Nigeria,Oyo,Ibadan South West,NGA,NG031010,NG03,March,2025,0,0
Nigeria,Oyo,Ibarapa Central,NGA,NG031011,NG03,March,2025,0,0
Nigeria,Oyo,Ibarapa East,NGA,NG031012,NG03,March,2025,0,0
Nigeria,Oyo,Ibarapa North,NGA,NG031013,NG03,March,2025,0,0
Nigeria,Oyo,Ido,NGA,NG031014,NG03,March,2025,0,0
Nigeria,Oyo,Irepo,NGA,NG031015,NG03,March,2025,0,0
Nigeria,Oyo,Iseyin,NGA,NG031016,NG03,March,2025,0,0
Nigeria,Oyo,Itesiwaju,NGA,NG031017,NG03,March,2025,0,0
Nigeria,Oyo,Iwajowa,NGA,NG031018,NG03,March,2025,0,0
Nigeria,Oyo,Kajola,NGA,NG031019,NG03,March,2025,0,0
Nigeria,Oyo,Lagelu,NGA,NG031020,NG03,March,2025,0,0
Nigeria,Oyo,Ogbomosho North,NGA,NG031021,NG03,March,2025,0,0
Nigeria,Oyo,Ogbomosho South,NGA,NG031022,NG03,March,2025,0,0
Nigeria,Oyo,Ogo-Oluwa,NGA,NG031023,NG03,March,2025,0,0
Nigeria,Oyo,Olorunsogo,NGA,NG031024,NG03,March,2025,0,0
Nigeria,Oyo,Oluyole,NGA,NG031025,NG03,March,2025,0,0
Nigeria,Oyo,Ona-Ara,NGA,NG031026,NG03,March,2025,0,0
Nigeria,Oyo,Orelope,NGA,NG031027,NG03,March,2025,0,0
Nigeria,Oyo,Ori Ire,NGA,NG031028,NG03,March,2025,0,0
Nigeria,Oyo,Oyo East,NGA,NG031029,NG03,March,2025,0,0
Nigeria,Oyo,Oyo West,NGA,NG031030,NG03,March,2025,0,0
Nigeria,Oyo,Saki East,NGA,NG031031,NG03,March,2025,0,0
Nigeria,Oyo,Saki West,NGA,NG031032,NG03,March,2025,0,0
Nigeria,Oyo,Surulere,NGA,NG031033,NG03,March,2025,0,0
Nigeria,Plateau,Barkin Ladi,NGA,NG032001,NG03,March,2025,1,1
Nigeria,Plateau,Bassa,NGA,NG032002,NG03,March,2025,1,3
Nigeria,Plateau,Bokkos,NGA,NG032003,NG03,March,2025,2,14
Nigeria,Plateau,Jos East,NGA,NG032004,NG03,March,2025,0,0
Nigeria,Plateau,Jos North,NGA,NG032005,NG03,March,2025,3,4
Nigeria,Plateau,Jos South,NGA,NG032006,NG03,March,2025,2,3
Nigeria,Plateau,Kanam,NGA,NG032007,NG03,March,2025,0,0
Nigeria,Plateau,Kanke,NGA,NG032008,NG03,March,2025,0,0
Nigeria,Plateau,Langtang North,NGA,NG032009,NG03,March,2025,0,0
Nigeria,Plateau,Langtang South,NGA,NG032010,NG03,March,2025,0,0
Nigeria,Plateau,Mangu,NGA,NG032011,NG03,March,2025,1,0
Nigeria,Plateau,Mikang,NGA,NG032012,NG03,March,2025,0,0
Nigeria,Plateau,Pankshin,NGA,NG032013,NG03,March,2025,1,0
Nigeria,Plateau,Quan-Pan,NGA,NG032014,NG03,March,2025,0,0
Nigeria,Plateau,Riyom,NGA,NG032015,NG03,March,2025,2,0
Nigeria,Plateau,Shendam,NGA,NG032016,NG03,March,2025,2,0
Nigeria,Plateau,Wase,NGA,NG032017,NG03,March,2025,1,1
Nigeria,Rivers,Ahoada,NGA,NG033002,NG03,March,2025,0,0
Nigeria,Rivers,Ahoada West,NGA,NG033003,NG03,March,2025,0,0
Nigeria,Rivers,Akukutoru,NGA,NG033004,NG03,March,2025,0,0
Nigeria,Rivers,Andoni,NGA,NG033005,NG03,March,2025,0,0
Nigeria,Rivers,Asaritoru,NGA,NG033006,NG03,March,2025,0,0
Nigeria,Rivers,Bonny,NGA,NG033007,NG03,March,2025,1,0
Nigeria,Rivers,Degema,NGA,NG033008,NG03,March,2025,3,1
Nigeria,Rivers,Eleme,NGA,NG033009,NG03,March,2025,0,0
Nigeria,Rivers,Emohua,NGA,NG033010,NG03,March,2025,1,5
Nigeria,Rivers,Etche,NGA,NG033011,NG03,March,2025,0,0
Nigeria,Rivers,Gonaka,NGA,NG033012,NG03,March,2025,1,0
Nigeria,Rivers,Ikwerre,NGA,NG033013,NG03,March,2025,1,0
Nigeria,Rivers,Khana,NGA,NG033014,NG03,March,2025,0,0
Nigeria,Rivers,Obio,NGA,NG033015,NG03,March,2025,0,0
Nigeria,Rivers,Obua,NGA,NG033001,NG03,March,2025,0,0
Nigeria,Rivers,Ogba,NGA,NG033016,NG03,March,2025,0,0
Nigeria,Rivers,Ogu,NGA,NG033017,NG03,March,2025,0,0
Nigeria,Rivers,Okrika,NGA,NG033018,NG03,March,2025,0,0
Nigeria,Rivers,Omumma,NGA,NG033019,NG03,March,2025,0,0
Nigeria,Rivers,Opobo,NGA,NG033020,NG03,March,2025,0,0
Nigeria,Rivers,Oyigbo,NGA,NG033021,NG03,March,2025,0,0
Nigeria,Rivers,Port Harcourt,NGA,NG033022,NG03,March,2025,1,1
Nigeria,Rivers,Tai,NGA,NG033023,NG03,March,2025,0,0
Nigeria,Sokoto,Binji,NGA,NG034001,NG03,March,2025,0,0
Nigeria,Sokoto,Bodinga,NGA,NG034002,NG03,March,2025,0,0
Nigeria,Sokoto,Dange-Shuni,NGA,NG034003,NG03,March,2025,0,0
Nigeria,Sokoto,Gada,NGA,NG034004,NG03,March,2025,0,0
Nigeria,Sokoto,Goronyo,NGA,NG034006,NG03,March,2025,0,0
Nigeria,Sokoto,Gudu,NGA,NG034007,NG03,March,2025,0,0
Nigeria,Sokoto,Gwadabawa,NGA,NG034005,NG03,March,2025,1,0
Nigeria,Sokoto,Illela,NGA,NG034008,NG03,March,2025,0,0
Nigeria,Sokoto,Isa,NGA,NG034009,NG03,March,2025,1,1
Nigeria,Sokoto,Kebbe,NGA,NG034010,NG03,March,2025,0,0
Nigeria,Sokoto,Kware,NGA,NG034011,NG03,March,2025,0,0
Nigeria,Sokoto,Rabah,NGA,NG034012,NG03,March,2025,2,2
Nigeria,Sokoto,Sabon Birni,NGA,NG034013,NG03,March,2025,2,1
Nigeria,Sokoto,Shagari,NGA,NG034014,NG03,March,2025,0,0
Nigeria,Sokoto,Silame,NGA,NG034015,NG03,March,2025,0,0
Nigeria,Sokoto,Sokoto North,NGA,NG034016,NG03,March,2025,0,0
Nigeria,Sokoto,Sokoto South,NGA,NG034017,NG03,March,2025,0,0
Nigeria,Sokoto,Tambuwal,NGA,NG034018,NG03,March,2025,0,0
Nigeria,Sokoto,Tangaza,NGA,NG034019,NG03,March,2025,3,2
Nigeria,Sokoto,Tureta,NGA,NG034020,NG03,March,2025,0,0
Nigeria,Sokoto,Wamakko,NGA,NG034021,NG03,March,2025,0,0
Nigeria,Sokoto,Wurno,NGA,NG034022,NG03,March,2025,1,0
Nigeria,Sokoto,Yabo,NGA,NG034023,NG03,March,2025,0,0
Nigeria,Taraba,Ardo Kola,NGA,NG035001,NG03,March,2025,0,0
Nigeria,Taraba,Bali,NGA,NG035002,NG03,March,2025,0,0
Nigeria,Taraba,Donga,NGA,NG035003,NG03,March,2025,0,0
Nigeria,Taraba,Gashaka,NGA,NG035004,NG03,March,2025,0,0
Nigeria,Taraba,Gassol,NGA,NG035005,NG03,March,2025,0,0
Nigeria,Taraba,Ibi,NGA,NG035006,NG03,March,2025,0,0
Nigeria,Taraba,Jalingo,NGA,NG035007,NG03,March,2025,0,0
Nigeria,Taraba,Karim Lamidu,NGA,NG035008,NG03,March,2025,2,2
Nigeria,Taraba,Kurmi,NGA,NG035009,NG03,March,2025,0,0
Nigeria,Taraba,Lau,NGA,NG035010,NG03,March,2025,1,0
Nigeria,Taraba,Sardauna,NGA,NG035011,NG03,March,2025,0,0
Nigeria,Taraba,Takum,NGA,NG035012,NG03,March,2025,2,2
Nigeria,Taraba,Ussa,NGA,NG035013,NG03,March,2025,0,0
Nigeria,Taraba,Wukari,NGA,NG035014,NG03,March,2025,1,3
Nigeria,Taraba,Yorro,NGA,NG035015,NG03,March,2025,0,0
Nigeria,Taraba,Zing,NGA,NG035016,NG03,March,2025,0,0
Nigeria,Yobe,Bade,NGA,NG036001,NG03,March,2025,0,0
Nigeria,Yobe,Bursari,NGA,NG036002,NG03,March,2025,0,0
Nigeria,Yobe,Damaturu,NGA,NG036003,NG03,March,2025,1,3
Nigeria,Yobe,Fika,NGA,NG036004,NG03,March,2025,0,0
Nigeria,Yobe,Fune,NGA,NG036005,NG03,March,2025,0,0
Nigeria,Yobe,Geidam,NGA,NG036006,NG03,March,2025,0,0
Nigeria,Yobe,Gujba,NGA,NG036007,NG03,March,2025,14,24
Nigeria,Yobe,Gulami,NGA,NG036008,NG03,March,2025,0,0
Nigeria,Yobe,Jakusko,NGA,NG036009,NG03,March,2025,0,0
Nigeria,Yobe,Karasuwa,NGA,NG036010,NG03,March,2025,0,0
Nigeria,Yobe,Machina,NGA,NG036011,NG03,March,2025,0,0
Nigeria,Yobe,Nangere,NGA,NG036012,NG03,March,2025,0,0
Nigeria,Yobe,Nguru,NGA,NG036013,NG03,March,2025,0,0
Nigeria,Yobe,Potiskum,NGA,NG036014,NG03,March,2025,0,0
Nigeria,Yobe,Tarmua,NGA,NG036015,NG03,March,2025,0,0
Nigeria,Yobe,Yunusari,NGA,NG036016,NG03,March,2025,1,0
Nigeria,Yobe,Yusufari,NGA,NG036017,NG03,March,2025,0,0
Nigeria,Zamfara,Anka,NGA,NG037001,NG03,March,2025,5,50
Nigeria,Zamfara,Bakura,NGA,NG037002,NG03,March,2025,0,0
Nigeria,Zamfara,Bukkuyum,NGA,NG037004,NG03,March,2025,4,26
Nigeria,Zamfara,Bungudu,NGA,NG037005,NG03,March,2025,0,0
Nigeria,Zamfara,Gummi,NGA,NG037006,NG03,March,2025,0,0
Nigeria,Zamfara,Gusau,NGA,NG037007,NG03,March,2025,2,11
Nigeria,Zamfara,Kaura Namoda,NGA,NG037008,NG03,March,2025,4,88
Nigeria,Zamfara,Kiyawa,NGA,NG037003,NG03,March,2025,0,0
Nigeria,Zamfara,Maradun,NGA,NG037009,NG03,March,2025,3,8
Nigeria,Zamfara,Maru,NGA,NG037010,NG03,March,2025,1,4
Nigeria,Zamfara,Shinkafi,NGA,NG037011,NG03,March,2025,1,1
Nigeria,Zamfara,Talata Mafara,NGA,NG037012,NG03,March,2025,1,0
Nigeria,Zamfara,Tsafe,NGA,NG037013,NG03,March,2025,7,32
Nigeria,Zamfara,Zurmi,NGA,NG037014,NG03,March,2025,1,0
Nigeria,Abia,Aba North,NGA,NG001001,NG00,April,2025,0,0
Nigeria,Abia,Aba South,NGA,NG001002,NG00,April,2025,2,2
Nigeria,Abia,Arochukwu,NGA,NG001003,NG00,April,2025,1,1
Nigeria,Abia,Bende,NGA,NG001004,NG00,April,2025,1,1
Nigeria,Abia,Ikwuano,NGA,NG001005,NG00,April,2025,0,0
Nigeria,Abia,Isiala Ngwa North,NGA,NG001007,NG00,April,2025,0,0
Nigeria,Abia,Isiala Ngwa South,NGA,NG001006,NG00,April,2025,0,0
Nigeria,Abia,Isuikwuato,NGA,NG001008,NG00,April,2025,1,3
Nigeria,Abia,Nneochi,NGA,NG001017,NG00,April,2025,0,0
Nigeria,Abia,Obioma Ngwa,NGA,NG001009,NG00,April,2025,0,0
Nigeria,Abia,Ohafia,NGA,NG001010,NG00,April,2025,0,0
Nigeria,Abia,Osisioma,NGA,NG001011,NG00,April,2025,0,0
Nigeria,Abia,Ugwunagbo,NGA,NG001012,NG00,April,2025,0,0
Nigeria,Abia,Ukwa East,NGA,NG001013,NG00,April,2025,0,0
Nigeria,Abia,Ukwa West,NGA,NG001014,NG00,April,2025,0,0
Nigeria,Abia,Umuahia North,NGA,NG001015,NG00,April,2025,0,0
Nigeria,Abia,Umuahia South,NGA,NG001016,NG00,April,2025,0,0
Nigeria,Adamawa,Demsa,NGA,NG002001,NG00,April,2025,1,0
Nigeria,Adamawa,Fufore,NGA,NG002002,NG00,April,2025,0,0
Nigeria,Adamawa,Ganye,NGA,NG002003,NG00,April,2025,0,0
Nigeria,Adamawa,Girei,NGA,NG002005,NG00,April,2025,0,0
Nigeria,Adamawa,Gombi,NGA,NG002004,NG00,April,2025,0,0
Nigeria,Adamawa,Guyuk,NGA,NG002006,NG00,April,2025,0,0
Nigeria,Adamawa,Hong,NGA,NG002007,NG00,April,2025,6,21
Nigeria,Adamawa,Jada,NGA,NG002008,NG00,April,2025,0,0
Nigeria,Adamawa,Lamurde,NGA,NG002009,NG00,April,2025,1,0
Nigeria,Adamawa,Madagali,NGA,NG002010,NG00,April,2025,0,0
Nigeria,Adamawa,Maiha,NGA,NG002011,NG00,April,2025,0,0
Nigeria,Adamawa,Mayo-Belwa,NGA,NG002012,NG00,April,2025,0,0
Nigeria,Adamawa,Michika,NGA,NG002013,NG00,April,2025,0,0
Nigeria,Adamawa,Mubi North,NGA,NG002014,NG00,April,2025,0,0
Nigeria,Adamawa,Mubi South,NGA,NG002015,NG00,April,2025,0,0
Nigeria,Adamawa,Numan,NGA,NG002016,NG00,April,2025,0,0
Nigeria,Adamawa,Shelleng,NGA,NG002017,NG00,April,2025,0,0
Nigeria,Adamawa,Song,NGA,NG002018,NG00,April,2025,0,0
Nigeria,Adamawa,Toungo,NGA,NG002019,NG00,April,2025,0,0
Nigeria,Adamawa,Yola-North,NGA,NG002021,NG00,April,2025,0,0
Nigeria,Adamawa,Yola-South,NGA,NG002020,NG00,April,2025,0,0
Nigeria,Akwa Ibom,Abak,NGA,NG003001,NG00,April,2025,0,0
Nigeria,Akwa Ibom,Eastern Obolo,NGA,NG003002,NG00,April,2025,0,0
Nigeria,Akwa Ibom,Eket,NGA,NG003003,NG00,April,2025,1,0
Nigeria,Akwa Ibom,Ekpe Atai,NGA,NG003004,NG00,April,2025,0,0
Nigeria,Akwa Ibom,Essien Udim,NGA,NG003005,NG00,April,2025,0,0
Nigeria,Akwa Ibom,Etim Ekpo,NGA,NG003006,NG00,April,2025,0,0
Nigeria,Akwa Ibom,Etinan,NGA,NG003007,NG00,April,2025,0,0
Nigeria,Akwa Ibom,Ibeno,NGA,NG003008,NG00,April,2025,0,0
Nigeria,Akwa Ibom,Ibesikpo Asutan,NGA,NG003009,NG00,April,2025,0,0
Nigeria,Akwa Ibom,Ibiono Ibom,NGA,NG003010,NG00,April,2025,0,0
Nigeria,Akwa Ibom,Ika,NGA,NG003011,NG00,April,2025,0,0
Nigeria,Akwa Ibom,Ikono,NGA,NG003012,NG00,April,2025,0,0
Nigeria,Akwa Ibom,Ikot Abasi,NGA,NG003013,NG00,April,2025,0,0
Nigeria,Akwa Ibom,Ikot Ekpene,NGA,NG003014,NG00,April,2025,0,0
Nigeria,Akwa Ibom,Ini,NGA,NG003015,NG00,April,2025,0,0
Nigeria,Akwa Ibom,Itu,NGA,NG003016,NG00,April,2025,0,0
Nigeria,Akwa Ibom,Mbo,NGA,NG003017,NG00,April,2025,0,0
Nigeria,Akwa Ibom,Mkpat Enin,NGA,NG003018,NG00,April,2025,0,0
Nigeria,Akwa Ibom,Nsit Ibom,NGA,NG003020,NG00,April,2025,0,0
Nigeria,Akwa Ibom,Nsit Ubium,NGA,NG003021,NG00,April,2025,0,0
Nigeria,Akwa Ibom,Obat Akara,NGA,NG003022,NG00,April,2025,0,0
Nigeria,Akwa Ibom,Okobo,NGA,NG003023,NG00,April,2025,0,0
Nigeria,Akwa Ibom,Onna,NGA,NG003024,NG00,April,2025,0,0
Nigeria,Akwa Ibom,Oron,NGA,NG003025,NG00,April,2025,1,0
Nigeria,Akwa Ibom,Oruk Anam,NGA,NG003026,NG00,April,2025,0,0
Nigeria,Akwa Ibom,Udung Uko,NGA,NG003027,NG00,April,2025,0,0
Nigeria,Akwa Ibom,Ukanafun,NGA,NG003028,NG00,April,2025,0,0
Nigeria,Akwa Ibom,Uruan,NGA,NG003029,NG00,April,2025,0,0
Nigeria,Akwa Ibom,Urue Offong,NGA,NG003030,NG00,April,2025,0,0
Nigeria,Akwa Ibom,Uyo,NGA,NG003031,NG00,April,2025,0,0
Nigeria,Anambra,Aguata,NGA,NG004001,NG00,April,2025,1,0
Nigeria,Anambra,Anambra East,NGA,NG004002,NG00,April,2025,0,0
Nigeria,Anambra,Anambra West,NGA,NG004003,NG00,April,2025,0,0
Nigeria,Anambra,Aniocha,NGA,NG004004,NG00,April,2025,0,0
Nigeria,Anambra,Awka North,NGA,NG004005,NG00,April,2025,0,0
Nigeria,Anambra,Awka South,NGA,NG004006,NG00,April,2025,1,0
Nigeria,Anambra,Ayamelum,NGA,NG004007,NG00,April,2025,0,0
Nigeria,Anambra,Dunukofia,NGA,NG004008,NG00,April,2025,0,0
Nigeria,Anambra,Ekwusigwo,NGA,NG004009,NG00,April,2025,0,0
Nigeria,Anambra,Idemili North,NGA,NG004010,NG00,April,2025,0,0
Nigeria,Anambra,Idemili South,NGA,NG004011,NG00,April,2025,0,0
Nigeria,Anambra,Ihiala,NGA,NG004012,NG00,April,2025,2,0
Nigeria,Anambra,Njikoka,NGA,NG004013,NG00,April,2025,0,0
Nigeria,Anambra,Nnewi North,NGA,NG004014,NG00,April,2025,0,0
Nigeria,Anambra,Nnewi South,NGA,NG004015,NG00,April,2025,0,0
Nigeria,Anambra,Ogbaru,NGA,NG004016,NG00,April,2025,0,0
Nigeria,Anambra,Onisha North,NGA,NG004017,NG00,April,2025,0,0
Nigeria,Anambra,Onisha South,NGA,NG004018,NG00,April,2025,0,0
Nigeria,Anambra,Orumba North,NGA,NG004019,NG00,April,2025,0,0
Nigeria,Anambra,Orumba South,NGA,NG004020,NG00,April,2025,1,0
Nigeria,Anambra,Oyi,NGA,NG004021,NG00,April,2025,1,2
Nigeria,Bauchi,Alkaleri,NGA,NG005001,NG00,April,2025,0,0
Nigeria,Bauchi,Bauchi,NGA,NG005002,NG00,April,2025,1,1
Nigeria,Bauchi,Bogoro,NGA,NG005003,NG00,April,2025,0,0
Nigeria,Bauchi,Damban,NGA,NG005004,NG00,April,2025,0,0
Nigeria,Bauchi,Darazo,NGA,NG005005,NG00,April,2025,0,0
Nigeria,Bauchi,Dass,NGA,NG005006,NG00,April,2025,0,0
Nigeria,Bauchi,Gamawa,NGA,NG005007,NG00,April,2025,0,0
Nigeria,Bauchi,Ganjuwa,NGA,NG005008,NG00,April,2025,0,0
Nigeria,Bauchi,Giade,NGA,NG005009,NG00,April,2025,0,0
Nigeria,Bauchi,Itas-Gadau,NGA,NG005010,NG00,April,2025,0,0
Nigeria,Bauchi,Jamaare,NGA,NG005011,NG00,April,2025,0,0
Nigeria,Bauchi,Katagum,NGA,NG005012,NG00,April,2025,0,0
Nigeria,Bauchi,Kirfi,NGA,NG005013,NG00,April,2025,0,0
Nigeria,Bauchi,Misau,NGA,NG005014,NG00,April,2025,0,0
Nigeria,Bauchi,Ningi,NGA,NG005015,NG00,April,2025,0,0
Nigeria,Bauchi,Shira,NGA,NG005016,NG00,April,2025,0,0
Nigeria,Bauchi,Tafawa Balewa,NGA,NG005017,NG00,April,2025,0,0
Nigeria,Bauchi,Toro,NGA,NG005018,NG00,April,2025,0,0
Nigeria,Bauchi,Warji,NGA,NG005019,NG00,April,2025,0,0
Nigeria,Bauchi,Zaki,NGA,NG005020,NG00,April,2025,0,0
Nigeria,Bayelsa,Brass,NGA,NG006001,NG00,April,2025,0,0
Nigeria,Bayelsa,Ekermor,NGA,NG006002,NG00,April,2025,0,0
Nigeria,Bayelsa,Kolokuma,NGA,NG006003,NG00,April,2025,0,0
Nigeria,Bayelsa,Nembe,NGA,NG006004,NG00,April,2025,0,0
Nigeria,Bayelsa,Ogbia,NGA,NG006005,NG00,April,2025,0,0
Nigeria,Bayelsa,Sagbama,NGA,NG006006,NG00,April,2025,0,0
Nigeria,Bayelsa,Southern Ijaw,NGA,NG006007,NG00,April,2025,2,1
Nigeria,Bayelsa,Yenagoa,NGA,NG006008,NG00,April,2025,3,6
Nigeria,Benue,Ado,NGA,NG007001,NG00,April,2025,1,6
Nigeria,Benue,Agatu,NGA,NG007002,NG00,April,2025,1,1
Nigeria,Benue,Apa,NGA,NG007003,NG00,April,2025,1,4
Nigeria,Benue,Buruku,NGA,NG007004,NG00,April,2025,0,0
Nigeria,Benue,Gboko,NGA,NG007005,NG00,April,2025,0,0
Nigeria,Benue,Guma,NGA,NG007006,NG00,April,2025,1,2
Nigeria,Benue,Gwer East,NGA,NG007007,NG00,April,2025,1,3
Nigeria,Benue,Gwer West,NGA,NG007008,NG00,April,2025,4,9
Nigeria,Benue,Katsina Ala,NGA,NG007009,NG00,April,2025,1,1
Nigeria,Benue,Konshisha,NGA,NG007010,NG00,April,2025,0,0
Nigeria,Benue,Kwande,NGA,NG007011,NG00,April,2025,2,8
Nigeria,Benue,Logo,NGA,NG007012,NG00,April,2025,1,3
Nigeria,Benue,Makurdi,NGA,NG007013,NG00,April,2025,3,5
Nigeria,Benue,Obi,NGA,NG007014,NG00,April,2025,0,0
Nigeria,Benue,Ogbadibo,NGA,NG007015,NG00,April,2025,0,0
Nigeria,Benue,Ohimini,NGA,NG007016,NG00,April,2025,1,0
Nigeria,Benue,Oju,NGA,NG007017,NG00,April,2025,0,0
Nigeria,Benue,Okpokwu,NGA,NG007018,NG00,April,2025,0,0
Nigeria,Benue,Otukpo,NGA,NG007019,NG00,April,2025,10,17
Nigeria,Benue,Tarka,NGA,NG007020,NG00,April,2025,0,0
Nigeria,Benue,Ukum,NGA,NG007021,NG00,April,2025,10,48
Nigeria,Benue,Ushongo,NGA,NG007022,NG00,April,2025,0,0
Nigeria,Benue,Vandeikya,NGA,NG007023,NG00,April,2025,0,0
Nigeria,Borno,Abadan,NGA,NG008001,NG00,April,2025,1,10
Nigeria,Borno,Askira Uba,NGA,NG008002,NG00,April,2025,0,0
Nigeria,Borno,Bama,NGA,NG008003,NG00,April,2025,1,10
Nigeria,Borno,Bayo,NGA,NG008004,NG00,April,2025,0,0
Nigeria,Borno,Biu,NGA,NG008005,NG00,April,2025,1,0
Nigeria,Borno,Chibok,NGA,NG008006,NG00,April,2025,1,14
Nigeria,Borno,Damboa,NGA,NG008007,NG00,April,2025,4,9
Nigeria,Borno,Dikwa,NGA,NG008008,NG00,April,2025,1,4
Nigeria,Borno,Gubio,NGA,NG008009,NG00,April,2025,0,0
Nigeria,Borno,Guzamala,NGA,NG008010,NG00,April,2025,0,0
Nigeria,Borno,Gwoza,NGA,NG008011,NG00,April,2025,11,55
Nigeria,Borno,Hawul,NGA,NG008012,NG00,April,2025,0,0
Nigeria,Borno,Jere,NGA,NG008013,NG00,April,2025,0,0
Nigeria,Borno,Kaga,NGA,NG008014,NG00,April,2025,1,10
Nigeria,Borno,Kala Balge,NGA,NG008015,NG00,April,2025,1,26
Nigeria,Borno,Konduga,NGA,NG008016,NG00,April,2025,2,10
Nigeria,Borno,Kukawa,NGA,NG008017,NG00,April,2025,2,1
Nigeria,Borno,Kwaya Kusar,NGA,NG008018,NG00,April,2025,0,0
Nigeria,Borno,Mafa,NGA,NG008019,NG00,April,2025,0,0
Nigeria,Borno,Magumeri,NGA,NG008020,NG00,April,2025,0,0
Nigeria,Borno,Maiduguri Metro,NGA,NG008021,NG00,April,2025,1,1
Nigeria,Borno,Marte,NGA,NG008022,NG00,April,2025,0,0
Nigeria,Borno,Mobbar,NGA,NG008023,NG00,April,2025,1,18
Nigeria,Borno,Monguno,NGA,NG008024,NG00,April,2025,0,0
Nigeria,Borno,Ngala,NGA,NG008025,NG00,April,2025,0,0
Nigeria,Borno,Nganzai,NGA,NG008026,NG00,April,2025,0,0
Nigeria,Borno,Shani,NGA,NG008027,NG00,April,2025,0,0
Nigeria,Cross River,Abi,NGA,NG009001,NG00,April,2025,0,0
Nigeria,Cross River,Akamkpa,NGA,NG009002,NG00,April,2025,2,5
Nigeria,Cross River,Akpabuyo,NGA,NG009003,NG00,April,2025,0,0
Nigeria,Cross River,Bekwara,NGA,NG009006,NG00,April,2025,0,0
Nigeria,Cross River,Biase,NGA,NG009007,NG00,April,2025,2,1
Nigeria,Cross River,Boki,NGA,NG009008,NG00,April,2025,0,0
Nigeria,Cross River,Calabar Municipal,NGA,NG009010,NG00,April,2025,2,0
Nigeria,Cross River,Calabar South,NGA,NG009009,NG00,April,2025,0,0
Nigeria,Cross River,Etung,NGA,NG009011,NG00,April,2025,0,0
Nigeria,Cross River,Ikom,NGA,NG009012,NG00,April,2025,0,0
Nigeria,Cross River,Obanliku,NGA,NG009013,NG00,April,2025,0,0
Nigeria,Cross River,Obubra,NGA,NG009014,NG00,April,2025,0,0
Nigeria,Cross River,Obudu,NGA,NG009015,NG00,April,2025,0,0
Nigeria,Cross River,Odukpani,NGA,NG009016,NG00,April,2025,0,0
Nigeria,Cross River,Ogaja,NGA,NG009017,NG00,April,2025,0,0
Nigeria,Cross River,Yakurr,NGA,NG009018,NG00,April,2025,0,0
Nigeria,Cross River,Yala,NGA,NG009019,NG00,April,2025,0,0
Nigeria,Delta,Aniocha North,NGA,NG010001,NG01,April,2025,1,2
Nigeria,Delta,Aniocha South,NGA,NG010002,NG01,April,2025,3,6
Nigeria,Delta,Bomadi,NGA,NG010003,NG01,April,2025,0,0
Nigeria,Delta,Burutu,NGA,NG010004,NG01,April,2025,0,0
Nigeria,Delta,Ethiope East,NGA,NG010005,NG01,April,2025,2,2
Nigeria,Delta,Ethiope West,NGA,NG010006,NG01,April,2025,2,5
Nigeria,Delta,Ika North East,NGA,NG010007,NG01,April,2025,0,0
Nigeria,Delta,Ika South,NGA,NG010008,NG01,April,2025,2,4
Nigeria,Delta,Isoko North,NGA,NG010009,NG01,April,2025,0,0
Nigeria,Delta,Isoko South,NGA,NG010010,NG01,April,2025,0,0
Nigeria,Delta,Ndokwa East,NGA,NG010011,NG01,April,2025,0,0
Nigeria,Delta,Ndokwa West,NGA,NG010012,NG01,April,2025,0,0
Nigeria,Delta,Okpe,NGA,NG010013,NG01,April,2025,0,0
Nigeria,Delta,Oshimili North,NGA,NG010014,NG01,April,2025,0,0
Nigeria,Delta,Oshimili South,NGA,NG010015,NG01,April,2025,0,0
Nigeria,Delta,Patani,NGA,NG010016,NG01,April,2025,0,0
Nigeria,Delta,Sapele,NGA,NG010017,NG01,April,2025,0,0
Nigeria,Delta,Udu,NGA,NG010018,NG01,April,2025,0,0
Nigeria,Delta,Ughelli North,NGA,NG010019,NG01,April,2025,2,2
Nigeria,Delta,Ughelli South,NGA,NG010020,NG01,April,2025,0,0
Nigeria,Delta,Ukwuani,NGA,NG010021,NG01,April,2025,1,2
Nigeria,Delta,Uvwie,NGA,NG010022,NG01,April,2025,0,0
Nigeria,Delta,Warri North,NGA,NG010023,NG01,April,2025,0,0
Nigeria,Delta,Warri South,NGA,NG010024,NG01,April,2025,0,0
Nigeria,Delta,Warri South-West,NGA,NG010025,NG01,April,2025,0,0
Nigeria,Ebonyi,Abakaliki,NGA,NG011001,NG01,April,2025,0,0
Nigeria,Ebonyi,Afikpo North,NGA,NG011002,NG01,April,2025,0,0
Nigeria,Ebonyi,Afikpo South,NGA,NG011003,NG01,April,2025,1,4
Nigeria,Ebonyi,Ebonyi,NGA,NG011004,NG01,April,2025,0,0
Nigeria,Ebonyi,Ezza North,NGA,NG011005,NG01,April,2025,0,0
Nigeria,Ebonyi,Ezza South,NGA,NG011006,NG01,April,2025,0,0
Nigeria,Ebonyi,Ikwo,NGA,NG011007,NG01,April,2025,1,1
Nigeria,Ebonyi,Ishielu,NGA,NG011008,NG01,April,2025,0,0
Nigeria,Ebonyi,Ivo,NGA,NG011009,NG01,April,2025,0,0
Nigeria,Ebonyi,Izzi,NGA,NG011010,NG01,April,2025,0,0
Nigeria,Ebonyi,Ohaozara,NGA,NG011011,NG01,April,2025,0,0
Nigeria,Ebonyi,Ohaukwu,NGA,NG011012,NG01,April,2025,1,0
Nigeria,Ebonyi,Onicha,NGA,NG011013,NG01,April,2025,0,0
Nigeria,Edo,Akoko Edo,NGA,NG012001,NG01,April,2025,2,0
Nigeria,Edo,Egor,NGA,NG012002,NG01,April,2025,0,0
Nigeria,Edo,Esan Central,NGA,NG012003,NG01,April,2025,0,0
Nigeria,Edo,Esan North East,NGA,NG012004,NG01,April,2025,0,0
Nigeria,Edo,Esan South East,NGA,NG012005,NG01,April,2025,1,0
Nigeria,Edo,Esan West,NGA,NG012006,NG01,April,2025,0,0
Nigeria,Edo,Etsako Central,NGA,NG012007,NG01,April,2025,1,1
Nigeria,Edo,Etsako East,NGA,NG012008,NG01,April,2025,2,1
Nigeria,Edo,Etsako West,NGA,NG012009,NG01,April,2025,4,2
Nigeria,Edo,Igueben,NGA,NG012010,NG01,April,2025,1,0
Nigeria,Edo,Ikpoba Okha,NGA,NG012011,NG01,April,2025,0,0
Nigeria,Edo,Oredo,NGA,NG012012,NG01,April,2025,3,3
Nigeria,Edo,Orhionwon,NGA,NG012013,NG01,April,2025,0,0
Nigeria,Edo,Ovia North East,NGA,NG012014,NG01,April,2025,1,0
Nigeria,Edo,Ovia South West,NGA,NG012015,NG01,April,2025,5,2
Nigeria,Edo,Owan East,NGA,NG012016,NG01,April,2025,0,0
Nigeria,Edo,Owan West,NGA,NG012017,NG01,April,2025,0,0
Nigeria,Edo,Uhunmwode,NGA,NG012018,NG01,April,2025,0,0
Nigeria,Ekiti,Ado Ekiti,NGA,NG013001,NG01,April,2025,0,0
Nigeria,Ekiti,Aiyekire,NGA,NG013002,NG01,April,2025,0,0
Nigeria,Ekiti,Efon,NGA,NG013003,NG01,April,2025,0,0
Nigeria,Ekiti,Ekiti East,NGA,NG013004,NG01,April,2025,0,0
Nigeria,Ekiti,Ekiti South West,NGA,NG013005,NG01,April,2025,1,0
Nigeria,Ekiti,Ekiti West,NGA,NG013006,NG01,April,2025,0,0
Nigeria,Ekiti,Emure,NGA,NG013007,NG01,April,2025,0,0
Nigeria,Ekiti,Ido-Osi,NGA,NG013008,NG01,April,2025,0,0
Nigeria,Ekiti,Ijero,NGA,NG013009,NG01,April,2025,0,0
Nigeria,Ekiti,Ikere,NGA,NG013010,NG01,April,2025,2,0
Nigeria,Ekiti,Ikole,NGA,NG013011,NG01,April,2025,0,0
Nigeria,Ekiti,Ilejemeji,NGA,NG013012,NG01,April,2025,0,0
Nigeria,Ekiti,Irepodun,NGA,NG013013,NG01,April,2025,0,0
Nigeria,Ekiti,Ise,NGA,NG013014,NG01,April,2025,0,0
Nigeria,Ekiti,Moba,NGA,NG013015,NG01,April,2025,0,0
Nigeria,Ekiti,Oye,NGA,NG013016,NG01,April,2025,0,0
Nigeria,Enugu,Agwu,NGA,NG014002,NG01,April,2025,0,0
Nigeria,Enugu,Aninri,NGA,NG014001,NG01,April,2025,0,0
Nigeria,Enugu,Enugu East,NGA,NG014003,NG01,April,2025,0,0
Nigeria,Enugu,Enugu North,NGA,NG014004,NG01,April,2025,0,0
Nigeria,Enugu,Enugu South,NGA,NG014005,NG01,April,2025,0,0
Nigeria,Enugu,Ezeagu,NGA,NG014006,NG01,April,2025,0,0
Nigeria,Enugu,Igbo Etiti,NGA,NG014007,NG01,April,2025,0,0
Nigeria,Enugu,Igbo Eze North,NGA,NG014008,NG01,April,2025,0,0
Nigeria,Enugu,Igbo Eze South,NGA,NG014009,NG01,April,2025,1,0
Nigeria,Enugu,Isi Uzo,NGA,NG014010,NG01,April,2025,0,0
Nigeria,Enugu,Nkanu East,NGA,NG014011,NG01,April,2025,0,0
Nigeria,Enugu,Nkanu West,NGA,NG014012,NG01,April,2025,0,0
Nigeria,Enugu,Nsukka,NGA,NG014013,NG01,April,2025,1,0
Nigeria,Enugu,Oji River,NGA,NG014014,NG01,April,2025,2,7
Nigeria,Enugu,Udenu,NGA,NG014015,NG01,April,2025,1,0
Nigeria,Enugu,Udi,NGA,NG014016,NG01,April,2025,1,0
Nigeria,Enugu,Uzo Uwani,NGA,NG014017,NG01,April,2025,3,7
Nigeria,Federal Capital Territory,Abaji,NGA,NG015001,NG01,April,2025,0,0
Nigeria,Federal Capital Territory,Abuja Municipal,NGA,NG015002,NG01,April,2025,6,2
Nigeria,Federal Capital Territory,Bwari,NGA,NG015003,NG01,April,2025,0,0
Nigeria,Federal Capital Territory,Gwagwalada,NGA,NG015004,NG01,April,2025,0,0
Nigeria,Federal Capital Territory,Kuje,NGA,NG015005,NG01,April,2025,0,0
Nigeria,Federal Capital Territory,Kwali,NGA,NG015006,NG01,April,2025,0,0
Nigeria,Gombe,Akko,NGA,NG016001,NG01,April,2025,0,0
Nigeria,Gombe,Balanga,NGA,NG016002,NG01,April,2025,0,0
Nigeria,Gombe,Billiri,NGA,NG016003,NG01,April,2025,1,0
Nigeria,Gombe,Dukku,NGA,NG016004,NG01,April,2025,0,0
Nigeria,Gombe,Funakaye,NGA,NG016005,NG01,April,2025,0,0
Nigeria,Gombe,Gombe,NGA,NG016006,NG01,April,2025,1,1
Nigeria,Gombe,Kaltungo,NGA,NG016007,NG01,April,2025,1,0
Nigeria,Gombe,Kwami,NGA,NG016008,NG01,April,2025,0,0
Nigeria,Gombe,Nafada,NGA,NG016009,NG01,April,2025,0,0
Nigeria,Gombe,Shomgom,NGA,NG016010,NG01,April,2025,0,0
Nigeria,Gombe,Yamaltu,NGA,NG016011,NG01,April,2025,0,0
Nigeria,Imo,Aboh Mbaise,NGA,NG017001,NG01,April,2025,0,0
Nigeria,Imo,Ahiazu Mbaise,NGA,NG017002,NG01,April,2025,0,0
Nigeria,Imo,Ehime Mbano,NGA,NG017003,NG01,April,2025,0,0
Nigeria,Imo,Ezinihitte Mbaise,NGA,NG017004,NG01,April,2025,0,0
Nigeria,Imo,Ideato North,NGA,NG017005,NG01,April,2025,0,0
Nigeria,Imo,Ideato South,NGA,NG017006,NG01,April,2025,0,0
Nigeria,Imo,Ihitte Uboma,NGA,NG017007,NG01,April,2025,0,0
Nigeria,Imo,Ikeduru,NGA,NG017008,NG01,April,2025,0,0
Nigeria,Imo,Isiala Mbano,NGA,NG017009,NG01,April,2025,1,0
Nigeria,Imo,Isu,NGA,NG017010,NG01,April,2025,0,0
Nigeria,Imo,Mbaitoli,NGA,NG017011,NG01,April,2025,0,0
Nigeria,Imo,Ngor Okpala,NGA,NG017012,NG01,April,2025,1,1
Nigeria,Imo,Njaba,NGA,NG017013,NG01,April,2025,0,0
Nigeria,Imo,Nkwangele,NGA,NG017015,NG01,April,2025,0,0
Nigeria,Imo,Nkwerre,NGA,NG017014,NG01,April,2025,0,0
Nigeria,Imo,Obowo,NGA,NG017016,NG01,April,2025,0,0
Nigeria,Imo,Oguta,NGA,NG017017,NG01,April,2025,0,0
Nigeria,Imo,Ohaji,NGA,NG017018,NG01,April,2025,0,0
Nigeria,Imo,Okigwe,NGA,NG017019,NG01,April,2025,0,0
Nigeria,Imo,Onuimo,NGA,NG017027,NG01,April,2025,0,0
Nigeria,Imo,Orlu,NGA,NG017020,NG01,April,2025,0,0
Nigeria,Imo,Orsu,NGA,NG017021,NG01,April,2025,0,0
Nigeria,Imo,Oru East,NGA,NG017022,NG01,April,2025,0,0
Nigeria,Imo,Oru West,NGA,NG017023,NG01,April,2025,0,0
Nigeria,Imo,Owerri Municipal,NGA,NG017026,NG01,April,2025,0,0
Nigeria,Imo,Owerri North,NGA,NG017024,NG01,April,2025,0,0
Nigeria,Imo,Owerri West,NGA,NG017025,NG01,April,2025,0,0
Nigeria,Jigawa,Auyo,NGA,NG018001,NG01,April,2025,0,0
Nigeria,Jigawa,Babura,NGA,NG018002,NG01,April,2025,0,0
Nigeria,Jigawa,Birnin Kudu,NGA,NG018004,NG01,April,2025,0,0
Nigeria,Jigawa,Birniwa,NGA,NG018003,NG01,April,2025,0,0
Nigeria,Jigawa,Buji,NGA,NG018005,NG01,April,2025,0,0
Nigeria,Jigawa,Dutse,NGA,NG018006,NG01,April,2025,0,0
Nigeria,Jigawa,Gagarawa,NGA,NG018007,NG01,April,2025,0,0
Nigeria,Jigawa,Garki,NGA,NG018008,NG01,April,2025,0,0
Nigeria,Jigawa,Gumel,NGA,NG018009,NG01,April,2025,0,0
Nigeria,Jigawa,Guri,NGA,NG018010,NG01,April,2025,0,0
Nigeria,Jigawa,Gwaram,NGA,NG018011,NG01,April,2025,0,0
Nigeria,Jigawa,Gwiwa,NGA,NG018012,NG01,April,2025,0,0
Nigeria,Jigawa,Hadejia,NGA,NG018013,NG01,April,2025,0,0
Nigeria,Jigawa,Jahun,NGA,NG018014,NG01,April,2025,0,0
Nigeria,Jigawa,Kafin Hausa,NGA,NG018015,NG01,April,2025,0,0
Nigeria,Jigawa,Kaugama,NGA,NG018016,NG01,April,2025,0,0
Nigeria,Jigawa,Kazaure,NGA,NG018017,NG01,April,2025,0,0
Nigeria,Jigawa,Kiri-Kasamma,NGA,NG018018,NG01,April,2025,0,0
Nigeria,Jigawa,Kiyawa,NGA,NG018019,NG01,April,2025,0,0
Nigeria,Jigawa,Maigatari,NGA,NG018020,NG01,April,2025,0,0
Nigeria,Jigawa,Malam Madori,NGA,NG018021,NG01,April,2025,0,0
Nigeria,Jigawa,Miga,NGA,NG018022,NG01,April,2025,0,0
Nigeria,Jigawa,Ringim,NGA,NG018023,NG01,April,2025,0,0
Nigeria,Jigawa,Roni,NGA,NG018024,NG01,April,2025,0,0
Nigeria,Jigawa,Sule Takarkar,NGA,NG018025,NG01,April,2025,0,0
Nigeria,Jigawa,Taura,NGA,NG018026,NG01,April,2025,0,0
Nigeria,Jigawa,Yankwashi,NGA,NG018027,NG01,April,2025,0,0
Nigeria,Kaduna,Birnin Gwari,NGA,NG019001,NG01,April,2025,0,0
Nigeria,Kaduna,Chikun,NGA,NG019002,NG01,April,2025,1,0
Nigeria,Kaduna,Giwa,NGA,NG019003,NG01,April,2025,2,13
Nigeria,Kaduna,Igabi,NGA,NG019004,NG01,April,2025,3,3
Nigeria,Kaduna,Ikara,NGA,NG019005,NG01,April,2025,0,0
Nigeria,Kaduna,Jaba,NGA,NG019006,NG01,April,2025,0,0
Nigeria,Kaduna,Jema'a,NGA,NG019007,NG01,April,2025,0,0
Nigeria,Kaduna,Kachia,NGA,NG019008,NG01,April,2025,0,0
Nigeria,Kaduna,Kaduna North,NGA,NG019009,NG01,April,2025,1,1
Nigeria,Kaduna,Kaduna South,NGA,NG019010,NG01,April,2025,2,2
Nigeria,Kaduna,Kagarko,NGA,NG019011,NG01,April,2025,0,0
Nigeria,Kaduna,Kajuru,NGA,NG019014,NG01,April,2025,1,1
Nigeria,Kaduna,Kaura,NGA,NG019013,NG01,April,2025,0,0
Nigeria,Kaduna,Kauru,NGA,NG019012,NG01,April,2025,1,0
Nigeria,Kaduna,Kubau,NGA,NG019015,NG01,April,2025,0,0
Nigeria,Kaduna,Kudan,NGA,NG019016,NG01,April,2025,0,0
Nigeria,Kaduna,Lere,NGA,NG019017,NG01,April,2025,0,0
Nigeria,Kaduna,Makarfi,NGA,NG019018,NG01,April,2025,0,0
Nigeria,Kaduna,Sabon Gari,NGA,NG019019,NG01,April,2025,0,0
Nigeria,Kaduna,Sanga,NGA,NG019020,NG01,April,2025,4,3
Nigeria,Kaduna,Soba,NGA,NG019021,NG01,April,2025,1,0
Nigeria,Kaduna,Zangon Kataf,NGA,NG019022,NG01,April,2025,2,1
Nigeria,Kaduna,Zaria,NGA,NG019023,NG01,April,2025,1,0
Nigeria,Kano,Ajingi,NGA,NG020001,NG02,April,2025,0,0
Nigeria,Kano,Albasu,NGA,NG020002,NG02,April,2025,0,0
Nigeria,Kano,Bagwai,NGA,NG020003,NG02,April,2025,0,0
Nigeria,Kano,Bebeji,NGA,NG020004,NG02,April,2025,0,0
Nigeria,Kano,Bichi,NGA,NG020005,NG02,April,2025,0,0
Nigeria,Kano,Bunkure,NGA,NG020006,NG02,April,2025,0,0
Nigeria,Kano,Dala,NGA,NG020007,NG02,April,2025,0,0
Nigeria,Kano,Danbatta,NGA,NG020008,NG02,April,2025,0,0
Nigeria,Kano,Dawakin Kudu,NGA,NG020009,NG02,April,2025,0,0
Nigeria,Kano,Dawakin Tofa,NGA,NG020010,NG02,April,2025,0,0
Nigeria,Kano,Doguwa,NGA,NG020011,NG02,April,2025,0,0
Nigeria,Kano,Fagge,NGA,NG020012,NG02,April,2025,0,0
Nigeria,Kano,Gabasawa,NGA,NG020013,NG02,April,2025,0,0
Nigeria,Kano,Garko,NGA,NG020014,NG02,April,2025,0,0
Nigeria,Kano,Garun Mallam,NGA,NG020015,NG02,April,2025,0,0
Nigeria,Kano,Gaya,NGA,NG020016,NG02,April,2025,0,0
Nigeria,Kano,Gezawa,NGA,NG020017,NG02,April,2025,0,0
Nigeria,Kano,Gwale,NGA,NG020018,NG02,April,2025,0,0
Nigeria,Kano,Gwarzo,NGA,NG020019,NG02,April,2025,0,0
Nigeria,Kano,Kabo,NGA,NG020020,NG02,April,2025,0,0
Nigeria,Kano,Kano Municipal,NGA,NG020021,NG02,April,2025,0,0
Nigeria,Kano,Karaye,NGA,NG020022,NG02,April,2025,0,0
Nigeria,Kano,Kibiya,NGA,NG020023,NG02,April,2025,0,0
Nigeria,Kano,Kiru,NGA,NG020024,NG02,April,2025,0,0
Nigeria,Kano,Kumbotso,NGA,NG020025,NG02,April,2025,0,0
Nigeria,Kano,Kunchi,NGA,NG020026,NG02,April,2025,0,0
Nigeria,Kano,Kura,NGA,NG020027,NG02,April,2025,0,0
Nigeria,Kano,Madobi,NGA,NG020028,NG02,April,2025,0,0
Nigeria,Kano,Makoda,NGA,NG020029,NG02,April,2025,0,0
Nigeria,Kano,Minjibir,NGA,NG020030,NG02,April,2025,0,0
Nigeria,Kano,Nassarawa,NGA,NG020031,NG02,April,2025,0,0
Nigeria,Kano,Rano,NGA,NG020032,NG02,April,2025,0,0
Nigeria,Kano,Rimin Gado,NGA,NG020033,NG02,April,2025,0,0
Nigeria,Kano,Rogo,NGA,NG020034,NG02,April,2025,0,0
Nigeria,Kano,Shanono,NGA,NG020035,NG02,April,2025,1,2
Nigeria,Kano,Sumaila,NGA,NG020036,NG02,April,2025,0,0
Nigeria,Kano,Takai,NGA,NG020037,NG02,April,2025,0,0
Nigeria,Kano,Tarauni,NGA,NG020038,NG02,April,2025,0,0
Nigeria,Kano,Tofa,NGA,NG020039,NG02,April,2025,0,0
Nigeria,Kano,Tsanyawa,NGA,NG020040,NG02,April,2025,0,0
Nigeria,Kano,Tudun Wada,NGA,NG020041,NG02,April,2025,0,0
Nigeria,Kano,Ungogo,NGA,NG020042,NG02,April,2025,0,0
Nigeria,Kano,Warawa,NGA,NG020043,NG02,April,2025,0,0
Nigeria,Kano,Wudil,NGA,NG020044,NG02,April,2025,0,0
Nigeria,Katsina,Bakori,NGA,NG021001,NG02,April,2025,1,0
Nigeria,Katsina,Batagarawa,NGA,NG021002,NG02,April,2025,0,0
Nigeria,Katsina,Batsari,NGA,NG021003,NG02,April,2025,1,1
Nigeria,Katsina,Baure,NGA,NG021004,NG02,April,2025,0,0
Nigeria,Katsina,Bindawa,NGA,NG021005,NG02,April,2025,0,0
Nigeria,Katsina,Charanchi,NGA,NG021006,NG02,April,2025,0,0
Nigeria,Katsina,Dan-Musa,NGA,NG021007,NG02,April,2025,2,0
Nigeria,Katsina,Dandume,NGA,NG021008,NG02,April,2025,6,9
Nigeria,Katsina,Danja,NGA,NG021009,NG02,April,2025,0,0
Nigeria,Katsina,Daura,NGA,NG021010,NG02,April,2025,0,0
Nigeria,Katsina,Dutsi,NGA,NG021011,NG02,April,2025,0,0
Nigeria,Katsina,Dutsinma,NGA,NG021012,NG02,April,2025,7,16
Nigeria,Katsina,Faskari,NGA,NG021013,NG02,April,2025,10,59
Nigeria,Katsina,Funtua,NGA,NG021014,NG02,April,2025,2,2
Nigeria,Katsina,Ingawa,NGA,NG021015,NG02,April,2025,0,0
Nigeria,Katsina,Jibia,NGA,NG021016,NG02,April,2025,0,0
Nigeria,Katsina,Kafur,NGA,NG021017,NG02,April,2025,0,0
Nigeria,Katsina,Kaita,NGA,NG021018,NG02,April,2025,0,0
Nigeria,Katsina,Kankara,NGA,NG021019,NG02,April,2025,4,61
Nigeria,Katsina,Kankia,NGA,NG021020,NG02,April,2025,1,1
Nigeria,Katsina,Katsina,NGA,NG021021,NG02,April,2025,1,0
Nigeria,Katsina,Kurfi,NGA,NG021022,NG02,April,2025,1,0
Nigeria,Katsina,Kusada,NGA,NG021023,NG02,April,2025,1,1
Nigeria,Katsina,Maiadua,NGA,NG021024,NG02,April,2025,1,0
Nigeria,Katsina,Malumfashi,NGA,NG021025,NG02,April,2025,5,0
Nigeria,Katsina,Mani,NGA,NG021026,NG02,April,2025,0,0
Nigeria,Katsina,Mashi,NGA,NG021027,NG02,April,2025,0,0
Nigeria,Katsina,Matazu,NGA,NG021028,NG02,April,2025,0,0
Nigeria,Katsina,Musawa,NGA,NG021029,NG02,April,2025,3,1
Nigeria,Katsina,Rimi,NGA,NG021030,NG02,April,2025,0,0
Nigeria,Katsina,Sabuwa,NGA,NG021031,NG02,April,2025,0,0
Nigeria,Katsina,Safana,NGA,NG021032,NG02,April,2025,3,10
Nigeria,Katsina,Sandamu,NGA,NG021033,NG02,April,2025,2,2
Nigeria,Katsina,Zango,NGA,NG021034,NG02,April,2025,0,0
Nigeria,Kebbi,Alieru,NGA,NG022001,NG02,April,2025,0,0
Nigeria,Kebbi,Arewa,NGA,NG022002,NG02,April,2025,0,0
Nigeria,Kebbi,Argungu,NGA,NG022003,NG02,April,2025,0,0
Nigeria,Kebbi,Augie,NGA,NG022004,NG02,April,2025,1,13
Nigeria,Kebbi,Bagudo,NGA,NG022005,NG02,April,2025,0,0
Nigeria,Kebbi,Birnin-Kebbi,NGA,NG022006,NG02,April,2025,0,0
Nigeria,Kebbi,Bunza,NGA,NG022007,NG02,April,2025,0,0
Nigeria,Kebbi,Dandi Kamba,NGA,NG022008,NG02,April,2025,0,0
Nigeria,Kebbi,Danko,NGA,NG022019,NG02,April,2025,0,0
Nigeria,Kebbi,Fakai,NGA,NG022009,NG02,April,2025,0,0
Nigeria,Kebbi,Gwandu,NGA,NG022010,NG02,April,2025,0,0
Nigeria,Kebbi,Jega,NGA,NG022011,NG02,April,2025,0,0
Nigeria,Kebbi,Kalgo,NGA,NG022012,NG02,April,2025,1,1
Nigeria,Kebbi,Koko,NGA,NG022013,NG02,April,2025,0,0
Nigeria,Kebbi,Maiyama,NGA,NG022014,NG02,April,2025,0,0
Nigeria,Kebbi,Ngaski,NGA,NG022015,NG02,April,2025,0,0
Nigeria,Kebbi,Sakaba,NGA,NG022016,NG02,April,2025,1,3
Nigeria,Kebbi,Shanga,NGA,NG022017,NG02,April,2025,0,0
Nigeria,Kebbi,Suru,NGA,NG022018,NG02,April,2025,0,0
Nigeria,Kebbi,Yauri,NGA,NG022020,NG02,April,2025,0,0
Nigeria,Kebbi,Zuru,NGA,NG022021,NG02,April,2025,0,0
Nigeria,Kogi,Adavi,NGA,NG023001,NG02,April,2025,0,0
Nigeria,Kogi,Ajaokuta,NGA,NG023002,NG02,April,2025,0,0
Nigeria,Kogi,Ankpa,NGA,NG023003,NG02,April,2025,0,0
Nigeria,Kogi,Bassa,NGA,NG023004,NG02,April,2025,0,0
Nigeria,Kogi,Dekina,NGA,NG023005,NG02,April,2025,0,0
Nigeria,Kogi,Ibaji,NGA,NG023006,NG02,April,2025,0,0
Nigeria,Kogi,Idah,NGA,NG023007,NG02,April,2025,0,0
Nigeria,Kogi,Igalamela,NGA,NG023008,NG02,April,2025,0,0
Nigeria,Kogi,Ijumu,NGA,NG023009,NG02,April,2025,0,0
Nigeria,Kogi,Kabba,NGA,NG023010,NG02,April,2025,0,0
Nigeria,Kogi,Kogi,NGA,NG023011,NG02,April,2025,0,0
Nigeria,Kogi,Lokoja,NGA,NG023012,NG02,April,2025,3,1
Nigeria,Kogi,Mopa-Muro,NGA,NG023013,NG02,April,2025,0,0
Nigeria,Kogi,Ofu,NGA,NG023014,NG02,April,2025,1,0
Nigeria,Kogi,Ogori,NGA,NG023015,NG02,April,2025,0,0
Nigeria,Kogi,Okehi,NGA,NG023016,NG02,April,2025,1,0
Nigeria,Kogi,Okene,NGA,NG023017,NG02,April,2025,0,0
Nigeria,Kogi,Olamaboro,NGA,NG023018,NG02,April,2025,0,0
Nigeria,Kogi,Omala,NGA,NG023019,NG02,April,2025,0,0
Nigeria,Kogi,Yagba East,NGA,NG023020,NG02,April,2025,0,0
Nigeria,Kogi,Yagba West,NGA,NG023021,NG02,April,2025,1,0
Nigeria,Kwara,Asa,NGA,NG024001,NG02,April,2025,0,0
Nigeria,Kwara,Baruten,NGA,NG024002,NG02,April,2025,2,6
Nigeria,Kwara,Edu,NGA,NG024003,NG02,April,2025,0,0
Nigeria,Kwara,Ekiti,NGA,NG024004,NG02,April,2025,1,0
Nigeria,Kwara,Ifelodun,NGA,NG024005,NG02,April,2025,0,0
Nigeria,Kwara,Ilorin East,NGA,NG024006,NG02,April,2025,0,0
Nigeria,Kwara,Ilorin South,NGA,NG024007,NG02,April,2025,0,0
Nigeria,Kwara,Ilorin West,NGA,NG024008,NG02,April,2025,1,1
Nigeria,Kwara,Irepodun,NGA,NG024009,NG02,April,2025,1,0
Nigeria,Kwara,Kai Ama,NGA,NG024011,NG02,April,2025,3,16
Nigeria,Kwara,Moro,NGA,NG024012,NG02,April,2025,0,0
Nigeria,Kwara,Offa,NGA,NG024013,NG02,April,2025,0,0
Nigeria,Kwara,Oke-Ero,NGA,NG024014,NG02,April,2025,0,0
Nigeria,Kwara,Osin,NGA,NG024010,NG02,April,2025,2,0
Nigeria,Kwara,Oyun,NGA,NG024015,NG02,April,2025,0,0
Nigeria,Kwara,Pategi,NGA,NG024016,NG02,April,2025,0,0
Nigeria,Lagos,Agege,NGA,NG025001,NG02,April,2025,0,0
Nigeria,Lagos,Ajeromi,NGA,NG025002,NG02,April,2025,2,2
Nigeria,Lagos,Alimosho,NGA,NG025003,NG02,April,2025,1,2
Nigeria,Lagos,Amowo-Odofin,NGA,NG025004,NG02,April,2025,0,0
Nigeria,Lagos,Apapa,NGA,NG025005,NG02,April,2025,0,0
Nigeria,Lagos,Badagry,NGA,NG025006,NG02,April,2025,0,0
Nigeria,Lagos,Epe,NGA,NG025007,NG02,April,2025,1,0
Nigeria,Lagos,Eti-Osa,NGA,NG025008,NG02,April,2025,1,0
Nigeria,Lagos,Ibeju-Lekki,NGA,NG025009,NG02,April,2025,0,0
Nigeria,Lagos,Ifako,NGA,NG025010,NG02,April,2025,0,0
Nigeria,Lagos,Ikeja,NGA,NG025011,NG02,April,2025,1,0
Nigeria,Lagos,Ikorodu,NGA,NG025012,NG02,April,2025,0,0
Nigeria,Lagos,Kosofe,NGA,NG025013,NG02,April,2025,0,0
Nigeria,Lagos,Lagos Island,NGA,NG025014,NG02,April,2025,0,0
Nigeria,Lagos,Lagos Mainland,NGA,NG025015,NG02,April,2025,2,2
Nigeria,Lagos,Mushin,NGA,NG025016,NG02,April,2025,0,0
Nigeria,Lagos,Ojo,NGA,NG025017,NG02,April,2025,0,0
Nigeria,Lagos,Oshodi,NGA,NG025018,NG02,April,2025,0,0
Nigeria,Lagos,Somolu,NGA,NG025019,NG02,April,2025,0,0
Nigeria,Lagos,Surulere,NGA,NG025020,NG02,April,2025,1,0
Nigeria,Nassarawa,Akwanga,NGA,NG026001,NG02,April,2025,1,1
Nigeria,Nassarawa,Awe,NGA,NG026002,NG02,April,2025,0,0
Nigeria,Nassarawa,Doma,NGA,NG026003,NG02,April,2025,0,0
Nigeria,Nassarawa,Karu,NGA,NG026004,NG02,April,2025,1,2
Nigeria,Nassarawa,Keana,NGA,NG026005,NG02,April,2025,1,1
Nigeria,Nassarawa,Keffi,NGA,NG026006,NG02,April,2025,1,2
Nigeria,Nassarawa,Kokona,NGA,NG026007,NG02,April,2025,0,0
Nigeria,Nassarawa,Lafia,NGA,NG026008,NG02,April,2025,1,0
Nigeria,Nassarawa,Nasarawa,NGA,NG026009,NG02,April,2025,0,0
Nigeria,Nassarawa,Nasarawa Eggon,NGA,NG026010,NG02,April,2025,0,0
Nigeria,Nassarawa,Obi,NGA,NG026011,NG02,April,2025,1,1
Nigeria,Nassarawa,Toto,NGA,NG026012,NG02,April,2025,0,0
Nigeria,Nassarawa,Wamba,NGA,NG026013,NG02,April,2025,0,0
Nigeria,Niger,Agaie,NGA,NG027001,NG02,April,2025,0,0
Nigeria,Niger,Agwara,NGA,NG027002,NG02,April,2025,0,0
Nigeria,Niger,Bida,NGA,NG027003,NG02,April,2025,0,0
Nigeria,Niger,Borgu,NGA,NG027004,NG02,April,2025,0,0
Nigeria,Niger,Bosso,NGA,NG027005,NG02,April,2025,0,0
Nigeria,Niger,Edati,NGA,NG027017,NG02,April,2025,0,0
Nigeria,Niger,Gbako,NGA,NG027008,NG02,April,2025,0,0
Nigeria,Niger,Gurara,NGA,NG027009,NG02,April,2025,0,0
Nigeria,Niger,Katcha,NGA,NG027010,NG02,April,2025,1,1
Nigeria,Niger,Kontagora,NGA,NG027011,NG02,April,2025,1,1
Nigeria,Niger,Lapai,NGA,NG027012,NG02,April,2025,1,1
Nigeria,Niger,Lavun,NGA,NG027013,NG02,April,2025,0,0
Nigeria,Niger,Magama,NGA,NG027014,NG02,April,2025,0,0
Nigeria,Niger,Mariga,NGA,NG027015,NG02,April,2025,0,0
Nigeria,Niger,Mashegu,NGA,NG027016,NG02,April,2025,1,0
Nigeria,Niger,Minna,NGA,NG027006,NG02,April,2025,0,0
Nigeria,Niger,Mokwa,NGA,NG027017,NG02,April,2025,0,0
Nigeria,Niger,Muya,NGA,NG027018,NG02,April,2025,0,0
Nigeria,Niger,Paikoro,NGA,NG027019,NG02,April,2025,0,0
Nigeria,Niger,Rafi,NGA,NG027020,NG02,April,2025,2,0
Nigeria,Niger,Rijau,NGA,NG027021,NG02,April,2025,0,0
Nigeria,Niger,Shiroro,NGA,NG027022,NG02,April,2025,0,0
Nigeria,Niger,Suleja,NGA,NG027023,NG02,April,2025,0,0
Nigeria,Niger,Tafa,NGA,NG027024,NG02,April,2025,0,0
Nigeria,Niger,Wushishi,NGA,NG027025,NG02,April,2025,0,0
Nigeria,Ogun,Abeokuta North,NGA,NG028001,NG02,April,2025,0,0
Nigeria,Ogun,Abeokuta South,NGA,NG028002,NG02,April,2025,0,0
Nigeria,Ogun,Ado-Odo,NGA,NG028003,NG02,April,2025,0,0
Nigeria,Ogun,Egbado North,NGA,NG028004,NG02,April,2025,0,0
Nigeria,Ogun,Egbado South,NGA,NG028005,NG02,April,2025,0,0
Nigeria,Ogun,Ewekoro,NGA,NG028006,NG02,April,2025,0,0
Nigeria,Ogun,Ifo,NGA,NG028007,NG02,April,2025,0,0
Nigeria,Ogun,Ijebu East,NGA,NG028008,NG02,April,2025,0,0
Nigeria,Ogun,Ijebu North,NGA,NG028009,NG02,April,2025,0,0
Nigeria,Ogun,Ijebu North East,NGA,NG028010,NG02,April,2025,0,0
Nigeria,Ogun,Ijebu Ode,NGA,NG028010,NG02,April,2025,0,0
Nigeria,Ogun,Ikenne,NGA,NG028012,NG02,April,2025,0,0
Nigeria,Ogun,Imeko-Afon,NGA,NG028013,NG02,April,2025,1,2
Nigeria,Ogun,Ipokia,NGA,NG028014,NG02,April,2025,0,0
Nigeria,Ogun,Obafemi,NGA,NG028015,NG02,April,2025,0,0
Nigeria,Ogun,Odedah,NGA,NG028016,NG02,April,2025,0,0
Nigeria,Ogun,Odogbolu,NGA,NG028017,NG02,April,2025,0,0
Nigeria,Ogun,Ogun Waterside,NGA,NG028018,NG02,April,2025,0,0
Nigeria,Ogun,Remo North,NGA,NG028019,NG02,April,2025,0,0
Nigeria,Ogun,Shagamu,NGA,NG028020,NG02,April,2025,0,0
Nigeria,Ondo,Akoko North East,NGA,NG029001,NG02,April,2025,1,0
Nigeria,Ondo,Akoko North West,NGA,NG029002,NG02,April,2025,0,0
Nigeria,Ondo,Akoko South East,NGA,NG029003,NG02,April,2025,0,0
Nigeria,Ondo,Akoko South West,NGA,NG029004,NG02,April,2025,0,0
Nigeria,Ondo,Akure North,NGA,NG029005,NG02,April,2025,1,1
Nigeria,Ondo,Akure South,NGA,NG029006,NG02,April,2025,1,0
Nigeria,Ondo,Ese-Edo,NGA,NG029007,NG02,April,2025,0,0
Nigeria,Ondo,Idanre,NGA,NG029008,NG02,April,2025,1,4
Nigeria,Ondo,Ifedore,NGA,NG029009,NG02,April,2025,0,0
Nigeria,Ondo,Ilaje,NGA,NG029010,NG02,April,2025,0,0
Nigeria,Ondo,Ile-Oluji-Okeigbo,NGA,NG029011,NG02,April,2025,0,0
Nigeria,Ondo,Irele,NGA,NG029012,NG02,April,2025,0,0
Nigeria,Ondo,Odigbo,NGA,NG029013,NG02,April,2025,0,0
Nigeria,Ondo,Okitipupa,NGA,NG029014,NG02,April,2025,0,0
Nigeria,Ondo,Ondo East,NGA,NG029015,NG02,April,2025,0,0
Nigeria,Ondo,Ondo West,NGA,NG029016,NG02,April,2025,0,0
Nigeria,Ondo,Ose,NGA,NG029017,NG02,April,2025,0,0
Nigeria,Ondo,Owo,NGA,NG029018,NG02,April,2025,1,1
Nigeria,Osun,Aiyedade,NGA,NG030001,NG03,April,2025,0,0
Nigeria,Osun,Aiyedire,NGA,NG030002,NG03,April,2025,0,0
Nigeria,Osun,Atakumosa East,NGA,NG030003,NG03,April,2025,0,0
Nigeria,Osun,Atakumosa West,NGA,NG030004,NG03,April,2025,0,0
Nigeria,Osun,Boluwaduro,NGA,NG030005,NG03,April,2025,0,0
Nigeria,Osun,Boripe,NGA,NG030006,NG03,April,2025,1,1
Nigeria,Osun,Ede North,NGA,NG030007,NG03,April,2025,0,0
Nigeria,Osun,Ede South,NGA,NG030008,NG03,April,2025,0,0
Nigeria,Osun,Egbedore,NGA,NG030009,NG03,April,2025,0,0
Nigeria,Osun,Ejigbo,NGA,NG030010,NG03,April,2025,0,0
Nigeria,Osun,Ife Central,NGA,NG030011,NG03,April,2025,0,0
Nigeria,Osun,Ife East,NGA,NG030012,NG03,April,2025,0,0
Nigeria,Osun,Ife North,NGA,NG030013,NG03,April,2025,0,0
Nigeria,Osun,Ife South,NGA,NG030014,NG03,April,2025,0,0
Nigeria,Osun,Ifedayo,NGA,NG030015,NG03,April,2025,0,0
Nigeria,Osun,Ifelodun,NGA,NG030016,NG03,April,2025,0,0
Nigeria,Osun,Ila,NGA,NG030017,NG03,April,2025,0,0
Nigeria,Osun,Ilesha East,NGA,NG030018,NG03,April,2025,0,0
Nigeria,Osun,Ilesha West,NGA,NG030019,NG03,April,2025,0,0
Nigeria,Osun,Irepodun,NGA,NG030020,NG03,April,2025,0,0
Nigeria,Osun,Irewole,NGA,NG030021,NG03,April,2025,0,0
Nigeria,Osun,Isokan,NGA,NG030022,NG03,April,2025,0,0
Nigeria,Osun,Iwo,NGA,NG030023,NG03,April,2025,1,1
Nigeria,Osun,Obokun,NGA,NG030024,NG03,April,2025,0,0
Nigeria,Osun,Odo-Otin,NGA,NG030025,NG03,April,2025,0,0
Nigeria,Osun,Ola-Oluwa,NGA,NG030026,NG03,April,2025,0,0
Nigeria,Osun,Olorunda,NGA,NG030027,NG03,April,2025,0,0
Nigeria,Osun,Oriade,NGA,NG030028,NG03,April,2025,0,0
Nigeria,Osun,Orolu,NGA,NG030029,NG03,April,2025,0,0
Nigeria,Osun,Osogbo,NGA,NG030030,NG03,April,2025,0,0
Nigeria,Oyo,Afijio,NGA,NG031001,NG03,April,2025,0,0
Nigeria,Oyo,Akinyele,NGA,NG031002,NG03,April,2025,0,0
Nigeria,Oyo,Atiba,NGA,NG031003,NG03,April,2025,0,0
Nigeria,Oyo,Atisbo,NGA,NG031004,NG03,April,2025,0,0
Nigeria,Oyo,Egbeda,NGA,NG031005,NG03,April,2025,0,0
Nigeria,Oyo,Ibadan North,NGA,NG031006,NG03,April,2025,0,0
Nigeria,Oyo,Ibadan North East,NGA,NG031007,NG03,April,2025,0,0
Nigeria,Oyo,Ibadan North West,NGA,NG031008,NG03,April,2025,0,0
Nigeria,Oyo,Ibadan South East,NGA,NG031009,NG03,April,2025,0,0
Nigeria,Oyo,Ibadan South West,NGA,NG031010,NG03,April,2025,1,0
Nigeria,Oyo,Ibarapa Central,NGA,NG031011,NG03,April,2025,0,0
Nigeria,Oyo,Ibarapa East,NGA,NG031012,NG03,April,2025,0,0
Nigeria,Oyo,Ibarapa North,NGA,NG031013,NG03,April,2025,0,0
Nigeria,Oyo,Ido,NGA,NG031014,NG03,April,2025,0,0
Nigeria,Oyo,Irepo,NGA,NG031015,NG03,April,2025,0,0
Nigeria,Oyo,Iseyin,NGA,NG031016,NG03,April,2025,0,0
Nigeria,Oyo,Itesiwaju,NGA,NG031017,NG03,April,2025,0,0
Nigeria,Oyo,Iwajowa,NGA,NG031018,NG03,April,2025,0,0
Nigeria,Oyo,Kajola,NGA,NG031019,NG03,April,2025,0,0
Nigeria,Oyo,Lagelu,NGA,NG031020,NG03,April,2025,0,0
Nigeria,Oyo,Ogbomosho North,NGA,NG031021,NG03,April,2025,0,0
Nigeria,Oyo,Ogbomosho South,NGA,NG031022,NG03,April,2025,0,0
Nigeria,Oyo,Ogo-Oluwa,NGA,NG031023,NG03,April,2025,0,0
Nigeria,Oyo,Olorunsogo,NGA,NG031024,NG03,April,2025,0,0
Nigeria,Oyo,Oluyole,NGA,NG031025,NG03,April,2025,0,0
Nigeria,Oyo,Ona-Ara,NGA,NG031026,NG03,April,2025,0,0
Nigeria,Oyo,Orelope,NGA,NG031027,NG03,April,2025,0,0
Nigeria,Oyo,Ori Ire,NGA,NG031028,NG03,April,2025,0,0
Nigeria,Oyo,Oyo East,NGA,NG031029,NG03,April,2025,0,0
Nigeria,Oyo,Oyo West,NGA,NG031030,NG03,April,2025,0,0
Nigeria,Oyo,Saki East,NGA,NG031031,NG03,April,2025,0,0
Nigeria,Oyo,Saki West,NGA,NG031032,NG03,April,2025,0,0
Nigeria,Oyo,Surulere,NGA,NG031033,NG03,April,2025,1,1
Nigeria,Plateau,Barkin Ladi,NGA,NG032001,NG03,April,2025,0,0
Nigeria,Plateau,Bassa,NGA,NG032002,NG03,April,2025,8,68
Nigeria,Plateau,Bokkos,NGA,NG032003,NG03,April,2025,10,17
Nigeria,Plateau,Jos East,NGA,NG032004,NG03,April,2025,0,0
Nigeria,Plateau,Jos North,NGA,NG032005,NG03,April,2025,1,1
Nigeria,Plateau,Jos South,NGA,NG032006,NG03,April,2025,2,2
Nigeria,Plateau,Kanam,NGA,NG032007,NG03,April,2025,0,0
Nigeria,Plateau,Kanke,NGA,NG032008,NG03,April,2025,0,0
Nigeria,Plateau,Langtang North,NGA,NG032009,NG03,April,2025,0,0
Nigeria,Plateau,Langtang South,NGA,NG032010,NG03,April,2025,0,0
Nigeria,Plateau,Mangu,NGA,NG032011,NG03,April,2025,3,0
Nigeria,Plateau,Mikang,NGA,NG032012,NG03,April,2025,0,0
Nigeria,Plateau,Pankshin,NGA,NG032013,NG03,April,2025,0,0
Nigeria,Plateau,Quan-Pan,NGA,NG032014,NG03,April,2025,0,0
Nigeria,Plateau,Riyom,NGA,NG032015,NG03,April,2025,2,0
Nigeria,Plateau,Shendam,NGA,NG032016,NG03,April,2025,1,1
Nigeria,Plateau,Wase,NGA,NG032017,NG03,April,2025,2,2
Nigeria,Rivers,Ahoada,NGA,NG033002,NG03,April,2025,1,1
Nigeria,Rivers,Ahoada West,NGA,NG033003,NG03,April,2025,0,0
Nigeria,Rivers,Akukutoru,NGA,NG033004,NG03,April,2025,0,0
Nigeria,Rivers,Andoni,NGA,NG033005,NG03,April,2025,0,0
Nigeria,Rivers,Asaritoru,NGA,NG033006,NG03,April,2025,0,0
Nigeria,Rivers,Bonny,NGA,NG033007,NG03,April,2025,1,4
Nigeria,Rivers,Degema,NGA,NG033008,NG03,April,2025,0,0
Nigeria,Rivers,Eleme,NGA,NG033009,NG03,April,2025,0,0
Nigeria,Rivers,Emohua,NGA,NG033010,NG03,April,2025,0,0
Nigeria,Rivers,Etche,NGA,NG033011,NG03,April,2025,0,0
Nigeria,Rivers,Gonaka,NGA,NG033012,NG03,April,2025,0,0
Nigeria,Rivers,Ikwerre,NGA,NG033013,NG03,April,2025,0,0
Nigeria,Rivers,Khana,NGA,NG033014,NG03,April,2025,0,0
Nigeria,Rivers,Obio,NGA,NG033015,NG03,April,2025,0,0
Nigeria,Rivers,Obua,NGA,NG033001,NG03,April,2025,0,0
Nigeria,Rivers,Ogba,NGA,NG033016,NG03,April,2025,0,0
Nigeria,Rivers,Ogu,NGA,NG033017,NG03,April,2025,0,0
Nigeria,Rivers,Okrika,NGA,NG033018,NG03,April,2025,0,0
Nigeria,Rivers,Omumma,NGA,NG033019,NG03,April,2025,0,0
Nigeria,Rivers,Opobo,NGA,NG033020,NG03,April,2025,0,0
Nigeria,Rivers,Oyigbo,NGA,NG033021,NG03,April,2025,0,0
Nigeria,Rivers,Port Harcourt,NGA,NG033022,NG03,April,2025,2,1
Nigeria,Rivers,Tai,NGA,NG033023,NG03,April,2025,0,0
Nigeria,Sokoto,Binji,NGA,NG034001,NG03,April,2025,0,0
Nigeria,Sokoto,Bodinga,NGA,NG034002,NG03,April,2025,0,0
Nigeria,Sokoto,Dange-Shuni,NGA,NG034003,NG03,April,2025,0,0
Nigeria,Sokoto,Gada,NGA,NG034004,NG03,April,2025,0,0
Nigeria,Sokoto,Goronyo,NGA,NG034006,NG03,April,2025,0,0
Nigeria,Sokoto,Gudu,NGA,NG034007,NG03,April,2025,0,0
Nigeria,Sokoto,Gwadabawa,NGA,NG034005,NG03,April,2025,2,6
Nigeria,Sokoto,Illela,NGA,NG034008,NG03,April,2025,0,0
Nigeria,Sokoto,Isa,NGA,NG034009,NG03,April,2025,3,13
Nigeria,Sokoto,Kebbe,NGA,NG034010,NG03,April,2025,0,0
Nigeria,Sokoto,Kware,NGA,NG034011,NG03,April,2025,2,3
Nigeria,Sokoto,Rabah,NGA,NG034012,NG03,April,2025,0,0
Nigeria,Sokoto,Sabon Birni,NGA,NG034013,NG03,April,2025,2,0
Nigeria,Sokoto,Shagari,NGA,NG034014,NG03,April,2025,0,0
Nigeria,Sokoto,Silame,NGA,NG034015,NG03,April,2025,0,0
Nigeria,Sokoto,Sokoto North,NGA,NG034016,NG03,April,2025,0,0
Nigeria,Sokoto,Sokoto South,NGA,NG034017,NG03,April,2025,0,0
Nigeria,Sokoto,Tambuwal,NGA,NG034018,NG03,April,2025,0,0
Nigeria,Sokoto,Tangaza,NGA,NG034019,NG03,April,2025,6,7
Nigeria,Sokoto,Tureta,NGA,NG034020,NG03,April,2025,0,0
Nigeria,Sokoto,Wamakko,NGA,NG034021,NG03,April,2025,0,0
Nigeria,Sokoto,Wurno,NGA,NG034022,NG03,April,2025,0,0
Nigeria,Sokoto,Yabo,NGA,NG034023,NG03,April,2025,1,1
Nigeria,Taraba,Ardo Kola,NGA,NG035001,NG03,April,2025,0,0
Nigeria,Taraba,Bali,NGA,NG035002,NG03,April,2025,1,2
Nigeria,Taraba,Donga,NGA,NG035003,NG03,April,2025,0,0
Nigeria,Taraba,Gashaka,NGA,NG035004,NG03,April,2025,0,0
Nigeria,Taraba,Gassol,NGA,NG035005,NG03,April,2025,0,0
Nigeria,Taraba,Ibi,NGA,NG035006,NG03,April,2025,0,0
Nigeria,Taraba,Jalingo,NGA,NG035007,NG03,April,2025,0,0
Nigeria,Taraba,Karim Lamidu,NGA,NG035008,NG03,April,2025,2,4
Nigeria,Taraba,Kurmi,NGA,NG035009,NG03,April,2025,0,0
Nigeria,Taraba,Lau,NGA,NG035010,NG03,April,2025,0,0
Nigeria,Taraba,Sardauna,NGA,NG035011,NG03,April,2025,0,0
Nigeria,Taraba,Takum,NGA,NG035012,NG03,April,2025,1,0
Nigeria,Taraba,Ussa,NGA,NG035013,NG03,April,2025,0,0
Nigeria,Taraba,Wukari,NGA,NG035014,NG03,April,2025,3,4
Nigeria,Taraba,Yorro,NGA,NG035015,NG03,April,2025,0,0
Nigeria,Taraba,Zing,NGA,NG035016,NG03,April,2025,0,0
Nigeria,Yobe,Bade,NGA,NG036001,NG03,April,2025,0,0
Nigeria,Yobe,Bursari,NGA,NG036002,NG03,April,2025,0,0
Nigeria,Yobe,Damaturu,NGA,NG036003,NG03,April,2025,0,0
Nigeria,Yobe,Fika,NGA,NG036004,NG03,April,2025,0,0
Nigeria,Yobe,Fune,NGA,NG036005,NG03,April,2025,0,0
Nigeria,Yobe,Geidam,NGA,NG036006,NG03,April,2025,0,0
Nigeria,Yobe,Gujba,NGA,NG036007,NG03,April,2025,4,13
Nigeria,Yobe,Gulami,NGA,NG036008,NG03,April,2025,0,0
Nigeria,Yobe,Jakusko,NGA,NG036009,NG03,April,2025,0,0
Nigeria,Yobe,Karasuwa,NGA,NG036010,NG03,April,2025,0,0
Nigeria,Yobe,Machina,NGA,NG036011,NG03,April,2025,0,0
Nigeria,Yobe,Nangere,NGA,NG036012,NG03,April,2025,0,0
Nigeria,Yobe,Nguru,NGA,NG036013,NG03,April,2025,0,0
Nigeria,Yobe,Potiskum,NGA,NG036014,NG03,April,2025,0,0
Nigeria,Yobe,Tarmua,NGA,NG036015,NG03,April,2025,0,0
Nigeria,Yobe,Yunusari,NGA,NG036016,NG03,April,2025,0,0
Nigeria,Yobe,Yusufari,NGA,NG036017,NG03,April,2025,0,0
Nigeria,Zamfara,Anka,NGA,NG037001,NG03,April,2025,4,8
Nigeria,Zamfara,Bakura,NGA,NG037002,NG03,April,2025,1,1
Nigeria,Zamfara,Bukkuyum,NGA,NG037004,NG03,April,2025,3,21
Nigeria,Zamfara,Bungudu,NGA,NG037005,NG03,April,2025,5,8
Nigeria,Zamfara,Gummi,NGA,NG037006,NG03,April,2025,0,0
Nigeria,Zamfara,Gusau,NGA,NG037007,NG03,April,2025,4,11
Nigeria,Zamfara,Kaura Namoda,NGA,NG037008,NG03,April,2025,4,6
Nigeria,Zamfara,Kiyawa,NGA,NG037003,NG03,April,2025,2,2
Nigeria,Zamfara,Maradun,NGA,NG037009,NG03,April,2025,4,8
Nigeria,Zamfara,Maru,NGA,NG037010,NG03,April,2025,8,70
Nigeria,Zamfara,Shinkafi,NGA,NG037011,NG03,April,2025,3,1
Nigeria,Zamfara,Talata Mafara,NGA,NG037012,NG03,April,2025,3,4
Nigeria,Zamfara,Tsafe,NGA,NG037013,NG03,April,2025,9,16
Nigeria,Zamfara,Zurmi,NGA,NG037014,NG03,April,2025,4,10
Nigeria,Abia,Aba North,NGA,NG001001,NG00,May,2025,0,0
Nigeria,Abia,Aba South,NGA,NG001002,NG00,May,2025,0,0
Nigeria,Abia,Arochukwu,NGA,NG001003,NG00,May,2025,0,0
Nigeria,Abia,Bende,NGA,NG001004,NG00,May,2025,1,1
Nigeria,Abia,Ikwuano,NGA,NG001005,NG00,May,2025,0,0
Nigeria,Abia,Isiala Ngwa North,NGA,NG001007,NG00,May,2025,0,0
Nigeria,Abia,Isiala Ngwa South,NGA,NG001006,NG00,May,2025,0,0
Nigeria,Abia,Isuikwuato,NGA,NG001008,NG00,May,2025,0,0
Nigeria,Abia,Nneochi,NGA,NG001017,NG00,May,2025,0,0
Nigeria,Abia,Obioma Ngwa,NGA,NG001009,NG00,May,2025,0,0
Nigeria,Abia,Ohafia,NGA,NG001010,NG00,May,2025,0,0
Nigeria,Abia,Osisioma,NGA,NG001011,NG00,May,2025,1,1
Nigeria,Abia,Ugwunagbo,NGA,NG001012,NG00,May,2025,1,1
Nigeria,Abia,Ukwa East,NGA,NG001013,NG00,May,2025,0,0
Nigeria,Abia,Ukwa West,NGA,NG001014,NG00,May,2025,0,0
Nigeria,Abia,Umuahia North,NGA,NG001015,NG00,May,2025,0,0
Nigeria,Abia,Umuahia South,NGA,NG001016,NG00,May,2025,0,0
Nigeria,Adamawa,Demsa,NGA,NG002001,NG00,May,2025,0,0
Nigeria,Adamawa,Fufore,NGA,NG002002,NG00,May,2025,0,0
Nigeria,Adamawa,Ganye,NGA,NG002003,NG00,May,2025,0,0
Nigeria,Adamawa,Girei,NGA,NG002005,NG00,May,2025,0,0
Nigeria,Adamawa,Gombi,NGA,NG002004,NG00,May,2025,0,0
Nigeria,Adamawa,Guyuk,NGA,NG002006,NG00,May,2025,0,0
Nigeria,Adamawa,Hong,NGA,NG002007,NG00,May,2025,5,35
Nigeria,Adamawa,Jada,NGA,NG002008,NG00,May,2025,0,0
Nigeria,Adamawa,Lamurde,NGA,NG002009,NG00,May,2025,0,0
Nigeria,Adamawa,Madagali,NGA,NG002010,NG00,May,2025,3,13
Nigeria,Adamawa,Maiha,NGA,NG002011,NG00,May,2025,0,0
Nigeria,Adamawa,Mayo-Belwa,NGA,NG002012,NG00,May,2025,0,0
Nigeria,Adamawa,Michika,NGA,NG002013,NG00,May,2025,0,0
Nigeria,Adamawa,Mubi North,NGA,NG002014,NG00,May,2025,0,0
Nigeria,Adamawa,Mubi South,NGA,NG002015,NG00,May,2025,0,0
Nigeria,Adamawa,Numan,NGA,NG002016,NG00,May,2025,0,0
Nigeria,Adamawa,Shelleng,NGA,NG002017,NG00,May,2025,0,0
Nigeria,Adamawa,Song,NGA,NG002018,NG00,May,2025,0,0
Nigeria,Adamawa,Toungo,NGA,NG002019,NG00,May,2025,0,0
Nigeria,Adamawa,Yola-North,NGA,NG002021,NG00,May,2025,0,0
Nigeria,Adamawa,Yola-South,NGA,NG002020,NG00,May,2025,0,0
Nigeria,Akwa Ibom,Abak,NGA,NG003001,NG00,May,2025,0,0
Nigeria,Akwa Ibom,Eastern Obolo,NGA,NG003002,NG00,May,2025,0,0
Nigeria,Akwa Ibom,Eket,NGA,NG003003,NG00,May,2025,0,0
Nigeria,Akwa Ibom,Ekpe Atai,NGA,NG003004,NG00,May,2025,0,0
Nigeria,Akwa Ibom,Essien Udim,NGA,NG003005,NG00,May,2025,0,0
Nigeria,Akwa Ibom,Etim Ekpo,NGA,NG003006,NG00,May,2025,1,1
Nigeria,Akwa Ibom,Etinan,NGA,NG003007,NG00,May,2025,0,0
Nigeria,Akwa Ibom,Ibeno,NGA,NG003008,NG00,May,2025,0,0
Nigeria,Akwa Ibom,Ibesikpo Asutan,NGA,NG003009,NG00,May,2025,0,0
Nigeria,Akwa Ibom,Ibiono Ibom,NGA,NG003010,NG00,May,2025,0,0
Nigeria,Akwa Ibom,Ika,NGA,NG003011,NG00,May,2025,0,0
Nigeria,Akwa Ibom,Ikono,NGA,NG003012,NG00,May,2025,0,0
Nigeria,Akwa Ibom,Ikot Abasi,NGA,NG003013,NG00,May,2025,0,0
Nigeria,Akwa Ibom,Ikot Ekpene,NGA,NG003014,NG00,May,2025,0,0
Nigeria,Akwa Ibom,Ini,NGA,NG003015,NG00,May,2025,0,0
Nigeria,Akwa Ibom,Itu,NGA,NG003016,NG00,May,2025,0,0
Nigeria,Akwa Ibom,Mbo,NGA,NG003017,NG00,May,2025,0,0
Nigeria,Akwa Ibom,Mkpat Enin,NGA,NG003018,NG00,May,2025,0,0
Nigeria,Akwa Ibom,Nsit Ibom,NGA,NG003020,NG00,May,2025,0,0
Nigeria,Akwa Ibom,Nsit Ubium,NGA,NG003021,NG00,May,2025,0,0
Nigeria,Akwa Ibom,Obat Akara,NGA,NG003022,NG00,May,2025,0,0
Nigeria,Akwa Ibom,Okobo,NGA,NG003023,NG00,May,2025,0,0
Nigeria,Akwa Ibom,Onna,NGA,NG003024,NG00,May,2025,0,0
Nigeria,Akwa Ibom,Oron,NGA,NG003025,NG00,May,2025,1,0
Nigeria,Akwa Ibom,Oruk Anam,NGA,NG003026,NG00,May,2025,0,0
Nigeria,Akwa Ibom,Udung Uko,NGA,NG003027,NG00,May,2025,0,0
Nigeria,Akwa Ibom,Ukanafun,NGA,NG003028,NG00,May,2025,0,0
Nigeria,Akwa Ibom,Uruan,NGA,NG003029,NG00,May,2025,2,3
Nigeria,Akwa Ibom,Urue Offong,NGA,NG003030,NG00,May,2025,0,0
Nigeria,Akwa Ibom,Uyo,NGA,NG003031,NG00,May,2025,0,0
Nigeria,Anambra,Aguata,NGA,NG004001,NG00,May,2025,1,3
Nigeria,Anambra,Anambra East,NGA,NG004002,NG00,May,2025,0,0
Nigeria,Anambra,Anambra West,NGA,NG004003,NG00,May,2025,0,0
Nigeria,Anambra,Aniocha,NGA,NG004004,NG00,May,2025,0,0
Nigeria,Anambra,Awka North,NGA,NG004005,NG00,May,2025,1,0
Nigeria,Anambra,Awka South,NGA,NG004006,NG00,May,2025,0,0
Nigeria,Anambra,Ayamelum,NGA,NG004007,NG00,May,2025,0,0
Nigeria,Anambra,Dunukofia,NGA,NG004008,NG00,May,2025,0,0
Nigeria,Anambra,Ekwusigwo,NGA,NG004009,NG00,May,2025,0,0
Nigeria,Anambra,Idemili North,NGA,NG004010,NG00,May,2025,0,0
Nigeria,Anambra,Idemili South,NGA,NG004011,NG00,May,2025,0,0
Nigeria,Anambra,Ihiala,NGA,NG004012,NG00,May,2025,4,11
Nigeria,Anambra,Njikoka,NGA,NG004013,NG00,May,2025,0,0
Nigeria,Anambra,Nnewi North,NGA,NG004014,NG00,May,2025,0,0
Nigeria,Anambra,Nnewi South,NGA,NG004015,NG00,May,2025,0,0
Nigeria,Anambra,Ogbaru,NGA,NG004016,NG00,May,2025,1,1
Nigeria,Anambra,Onisha North,NGA,NG004017,NG00,May,2025,0,0
Nigeria,Anambra,Onisha South,NGA,NG004018,NG00,May,2025,0,0
Nigeria,Anambra,Orumba North,NGA,NG004019,NG00,May,2025,2,6
Nigeria,Anambra,Orumba South,NGA,NG004020,NG00,May,2025,0,0
Nigeria,Anambra,Oyi,NGA,NG004021,NG00,May,2025,0,0
Nigeria,Bauchi,Alkaleri,NGA,NG005001,NG00,May,2025,1,25
Nigeria,Bauchi,Bauchi,NGA,NG005002,NG00,May,2025,0,0
Nigeria,Bauchi,Bogoro,NGA,NG005003,NG00,May,2025,0,0
Nigeria,Bauchi,Damban,NGA,NG005004,NG00,May,2025,0,0
Nigeria,Bauchi,Darazo,NGA,NG005005,NG00,May,2025,0,0
Nigeria,Bauchi,Dass,NGA,NG005006,NG00,May,2025,0,0
Nigeria,Bauchi,Gamawa,NGA,NG005007,NG00,May,2025,0,0
Nigeria,Bauchi,Ganjuwa,NGA,NG005008,NG00,May,2025,0,0
Nigeria,Bauchi,Giade,NGA,NG005009,NG00,May,2025,0,0
Nigeria,Bauchi,Itas-Gadau,NGA,NG005010,NG00,May,2025,0,0
Nigeria,Bauchi,Jamaare,NGA,NG005011,NG00,May,2025,0,0
Nigeria,Bauchi,Katagum,NGA,NG005012,NG00,May,2025,1,0
Nigeria,Bauchi,Kirfi,NGA,NG005013,NG00,May,2025,0,0
Nigeria,Bauchi,Misau,NGA,NG005014,NG00,May,2025,0,0
Nigeria,Bauchi,Ningi,NGA,NG005015,NG00,May,2025,0,0
Nigeria,Bauchi,Shira,NGA,NG005016,NG00,May,2025,0,0
Nigeria,Bauchi,Tafawa Balewa,NGA,NG005017,NG00,May,2025,0,0
Nigeria,Bauchi,Toro,NGA,NG005018,NG00,May,2025,0,0
Nigeria,Bauchi,Warji,NGA,NG005019,NG00,May,2025,0,0
Nigeria,Bauchi,Zaki,NGA,NG005020,NG00,May,2025,0,0
Nigeria,Bayelsa,Brass,NGA,NG006001,NG00,May,2025,0,0
Nigeria,Bayelsa,Ekermor,NGA,NG006002,NG00,May,2025,0,0
Nigeria,Bayelsa,Kolokuma,NGA,NG006003,NG00,May,2025,0,0
Nigeria,Bayelsa,Nembe,NGA,NG006004,NG00,May,2025,0,0
Nigeria,Bayelsa,Ogbia,NGA,NG006005,NG00,May,2025,0,0
Nigeria,Bayelsa,Sagbama,NGA,NG006006,NG00,May,2025,0,0
Nigeria,Bayelsa,Southern Ijaw,NGA,NG006007,NG00,May,2025,1,1
Nigeria,Bayelsa,Yenagoa,NGA,NG006008,NG00,May,2025,4,6
Nigeria,Benue,Ado,NGA,NG007001,NG00,May,2025,0,0
Nigeria,Benue,Agatu,NGA,NG007002,NG00,May,2025,4,23
Nigeria,Benue,Apa,NGA,NG007003,NG00,May,2025,3,3
Nigeria,Benue,Buruku,NGA,NG007004,NG00,May,2025,0,0
Nigeria,Benue,Gboko,NGA,NG007005,NG00,May,2025,2,15
Nigeria,Benue,Guma,NGA,NG007006,NG00,May,2025,3,6
Nigeria,Benue,Gwer East,NGA,NG007007,NG00,May,2025,2,4
Nigeria,Benue,Gwer West,NGA,NG007008,NG00,May,2025,9,33
Nigeria,Benue,Katsina Ala,NGA,NG007009,NG00,May,2025,1,0
Nigeria,Benue,Konshisha,NGA,NG007010,NG00,May,2025,1,0
Nigeria,Benue,Kwande,NGA,NG007011,NG00,May,2025,1,6
Nigeria,Benue,Logo,NGA,NG007012,NG00,May,2025,6,18
Nigeria,Benue,Makurdi,NGA,NG007013,NG00,May,2025,7,6
Nigeria,Benue,Obi,NGA,NG007014,NG00,May,2025,0,0
Nigeria,Benue,Ogbadibo,NGA,NG007015,NG00,May,2025,1,0
Nigeria,Benue,Ohimini,NGA,NG007016,NG00,May,2025,0,0
Nigeria,Benue,Oju,NGA,NG007017,NG00,May,2025,0,0
Nigeria,Benue,Okpokwu,NGA,NG007018,NG00,May,2025,0,0
Nigeria,Benue,Otukpo,NGA,NG007019,NG00,May,2025,5,5
Nigeria,Benue,Tarka,NGA,NG007020,NG00,May,2025,0,0
Nigeria,Benue,Ukum,NGA,NG007021,NG00,May,2025,4,12
Nigeria,Benue,Ushongo,NGA,NG007022,NG00,May,2025,1,5
Nigeria,Benue,Vandeikya,NGA,NG007023,NG00,May,2025,0,0
Nigeria,Borno,Abadan,NGA,NG008001,NG00,May,2025,1,10
Nigeria,Borno,Askira Uba,NGA,NG008002,NG00,May,2025,1,2
Nigeria,Borno,Bama,NGA,NG008003,NG00,May,2025,2,8
Nigeria,Borno,Bayo,NGA,NG008004,NG00,May,2025,0,0
Nigeria,Borno,Biu,NGA,NG008005,NG00,May,2025,2,3
Nigeria,Borno,Chibok,NGA,NG008006,NG00,May,2025,0,0
Nigeria,Borno,Damboa,NGA,NG008007,NG00,May,2025,5,79
Nigeria,Borno,Dikwa,NGA,NG008008,NG00,May,2025,3,6
Nigeria,Borno,Gubio,NGA,NG008009,NG00,May,2025,1,2
Nigeria,Borno,Guzamala,NGA,NG008010,NG00,May,2025,1,9
Nigeria,Borno,Gwoza,NGA,NG008011,NG00,May,2025,10,94
Nigeria,Borno,Hawul,NGA,NG008012,NG00,May,2025,0,0
Nigeria,Borno,Jere,NGA,NG008013,NG00,May,2025,0,0
Nigeria,Borno,Kaga,NGA,NG008014,NG00,May,2025,3,2
Nigeria,Borno,Kala Balge,NGA,NG008015,NG00,May,2025,2,11
Nigeria,Borno,Konduga,NGA,NG008016,NG00,May,2025,3,12
Nigeria,Borno,Kukawa,NGA,NG008017,NG00,May,2025,2,58
Nigeria,Borno,Kwaya Kusar,NGA,NG008018,NG00,May,2025,0,0
Nigeria,Borno,Mafa,NGA,NG008019,NG00,May,2025,1,0
Nigeria,Borno,Magumeri,NGA,NG008020,NG00,May,2025,0,0
Nigeria,Borno,Maiduguri Metro,NGA,NG008021,NG00,May,2025,0,0
Nigeria,Borno,Marte,NGA,NG008022,NG00,May,2025,4,41
Nigeria,Borno,Mobbar,NGA,NG008023,NG00,May,2025,1,3
Nigeria,Borno,Monguno,NGA,NG008024,NG00,May,2025,2,0
Nigeria,Borno,Ngala,NGA,NG008025,NG00,May,2025,4,16
Nigeria,Borno,Nganzai,NGA,NG008026,NG00,May,2025,1,0
Nigeria,Borno,Shani,NGA,NG008027,NG00,May,2025,0,0
Nigeria,Cross River,Abi,NGA,NG009001,NG00,May,2025,0,0
Nigeria,Cross River,Akamkpa,NGA,NG009002,NG00,May,2025,0,0
Nigeria,Cross River,Akpabuyo,NGA,NG009003,NG00,May,2025,1,1
Nigeria,Cross River,Bekwara,NGA,NG009006,NG00,May,2025,0,0
Nigeria,Cross River,Biase,NGA,NG009007,NG00,May,2025,0,0
Nigeria,Cross River,Boki,NGA,NG009008,NG00,May,2025,0,0
Nigeria,Cross River,Calabar Municipal,NGA,NG009010,NG00,May,2025,1,0
Nigeria,Cross River,Calabar South,NGA,NG009009,NG00,May,2025,0,0
Nigeria,Cross River,Etung,NGA,NG009011,NG00,May,2025,0,0
Nigeria,Cross River,Ikom,NGA,NG009012,NG00,May,2025,0,0
Nigeria,Cross River,Obanliku,NGA,NG009013,NG00,May,2025,0,0
Nigeria,Cross River,Obubra,NGA,NG009014,NG00,May,2025,0,0
Nigeria,Cross River,Obudu,NGA,NG009015,NG00,May,2025,0,0
Nigeria,Cross River,Odukpani,NGA,NG009016,NG00,May,2025,0,0
Nigeria,Cross River,Ogaja,NGA,NG009017,NG00,May,2025,0,0
Nigeria,Cross River,Yakurr,NGA,NG009018,NG00,May,2025,0,0
Nigeria,Cross River,Yala,NGA,NG009019,NG00,May,2025,0,0
Nigeria,Delta,Aniocha North,NGA,NG010001,NG01,May,2025,1,1
Nigeria,Delta,Aniocha South,NGA,NG010002,NG01,May,2025,0,0
Nigeria,Delta,Bomadi,NGA,NG010003,NG01,May,2025,0,0
Nigeria,Delta,Burutu,NGA,NG010004,NG01,May,2025,0,0
Nigeria,Delta,Ethiope East,NGA,NG010005,NG01,May,2025,0,0
Nigeria,Delta,Ethiope West,NGA,NG010006,NG01,May,2025,0,0
Nigeria,Delta,Ika North East,NGA,NG010007,NG01,May,2025,0,0
Nigeria,Delta,Ika South,NGA,NG010008,NG01,May,2025,2,0
Nigeria,Delta,Isoko North,NGA,NG010009,NG01,May,2025,0,0
Nigeria,Delta,Isoko South,NGA,NG010010,NG01,May,2025,0,0
Nigeria,Delta,Ndokwa East,NGA,NG010011,NG01,May,2025,0,0
Nigeria,Delta,Ndokwa West,NGA,NG010012,NG01,May,2025,0,0
Nigeria,Delta,Okpe,NGA,NG010013,NG01,May,2025,1,1
Nigeria,Delta,Oshimili North,NGA,NG010014,NG01,May,2025,1,0
Nigeria,Delta,Oshimili South,NGA,NG010015,NG01,May,2025,0,0
Nigeria,Delta,Patani,NGA,NG010016,NG01,May,2025,1,3
Nigeria,Delta,Sapele,NGA,NG010017,NG01,May,2025,0,0
Nigeria,Delta,Udu,NGA,NG010018,NG01,May,2025,0,0
Nigeria,Delta,Ughelli North,NGA,NG010019,NG01,May,2025,0,0
Nigeria,Delta,Ughelli South,NGA,NG010020,NG01,May,2025,0,0
Nigeria,Delta,Ukwuani,NGA,NG010021,NG01,May,2025,0,0
Nigeria,Delta,Uvwie,NGA,NG010022,NG01,May,2025,0,0
Nigeria,Delta,Warri North,NGA,NG010023,NG01,May,2025,0,0
Nigeria,Delta,Warri South,NGA,NG010024,NG01,May,2025,0,0
Nigeria,Delta,Warri South-West,NGA,NG010025,NG01,May,2025,0,0
Nigeria,Ebonyi,Abakaliki,NGA,NG011001,NG01,May,2025,0,0
Nigeria,Ebonyi,Afikpo North,NGA,NG011002,NG01,May,2025,0,0
Nigeria,Ebonyi,Afikpo South,NGA,NG011003,NG01,May,2025,1,4
Nigeria,Ebonyi,Ebonyi,NGA,NG011004,NG01,May,2025,0,0
Nigeria,Ebonyi,Ezza North,NGA,NG011005,NG01,May,2025,0,0
Nigeria,Ebonyi,Ezza South,NGA,NG011006,NG01,May,2025,0,0
Nigeria,Ebonyi,Ikwo,NGA,NG011007,NG01,May,2025,0,0
Nigeria,Ebonyi,Ishielu,NGA,NG011008,NG01,May,2025,0,0
Nigeria,Ebonyi,Ivo,NGA,NG011009,NG01,May,2025,0,0
Nigeria,Ebonyi,Izzi,NGA,NG011010,NG01,May,2025,1,0
Nigeria,Ebonyi,Ohaozara,NGA,NG011011,NG01,May,2025,0,0
Nigeria,Ebonyi,Ohaukwu,NGA,NG011012,NG01,May,2025,0,0
Nigeria,Ebonyi,Onicha,NGA,NG011013,NG01,May,2025,0,0
Nigeria,Edo,Akoko Edo,NGA,NG012001,NG01,May,2025,0,0
Nigeria,Edo,Egor,NGA,NG012002,NG01,May,2025,0,0
Nigeria,Edo,Esan Central,NGA,NG012003,NG01,May,2025,0,0
Nigeria,Edo,Esan North East,NGA,NG012004,NG01,May,2025,0,0
Nigeria,Edo,Esan South East,NGA,NG012005,NG01,May,2025,0,0
Nigeria,Edo,Esan West,NGA,NG012006,NG01,May,2025,0,0
Nigeria,Edo,Etsako Central,NGA,NG012007,NG01,May,2025,0,0
Nigeria,Edo,Etsako East,NGA,NG012008,NG01,May,2025,1,3
Nigeria,Edo,Etsako West,NGA,NG012009,NG01,May,2025,0,0
Nigeria,Edo,Igueben,NGA,NG012010,NG01,May,2025,0,0
Nigeria,Edo,Ikpoba Okha,NGA,NG012011,NG01,May,2025,1,0
Nigeria,Edo,Oredo,NGA,NG012012,NG01,May,2025,0,0
Nigeria,Edo,Orhionwon,NGA,NG012013,NG01,May,2025,0,0
Nigeria,Edo,Ovia North East,NGA,NG012014,NG01,May,2025,2,1
Nigeria,Edo,Ovia South West,NGA,NG012015,NG01,May,2025,0,0
Nigeria,Edo,Owan East,NGA,NG012016,NG01,May,2025,2,1
Nigeria,Edo,Owan West,NGA,NG012017,NG01,May,2025,0,0
Nigeria,Edo,Uhunmwode,NGA,NG012018,NG01,May,2025,0,0
Nigeria,Ekiti,Ado Ekiti,NGA,NG013001,NG01,May,2025,1,0
Nigeria,Ekiti,Aiyekire,NGA,NG013002,NG01,May,2025,0,0
Nigeria,Ekiti,Efon,NGA,NG013003,NG01,May,2025,0,0
Nigeria,Ekiti,Ekiti East,NGA,NG013004,NG01,May,2025,0,0
Nigeria,Ekiti,Ekiti South West,NGA,NG013005,NG01,May,2025,0,0
Nigeria,Ekiti,Ekiti West,NGA,NG013006,NG01,May,2025,0,0
Nigeria,Ekiti,Emure,NGA,NG013007,NG01,May,2025,0,0
Nigeria,Ekiti,Ido-Osi,NGA,NG013008,NG01,May,2025,0,0
Nigeria,Ekiti,Ijero,NGA,NG013009,NG01,May,2025,0,0
Nigeria,Ekiti,Ikere,NGA,NG013010,NG01,May,2025,0,0
Nigeria,Ekiti,Ikole,NGA,NG013011,NG01,May,2025,0,0
Nigeria,Ekiti,Ilejemeji,NGA,NG013012,NG01,May,2025,0,0
Nigeria,Ekiti,Irepodun,NGA,NG013013,NG01,May,2025,0,0
Nigeria,Ekiti,Ise,NGA,NG013014,NG01,May,2025,0,0
Nigeria,Ekiti,Moba,NGA,NG013015,NG01,May,2025,0,0
Nigeria,Ekiti,Oye,NGA,NG013016,NG01,May,2025,0,0
Nigeria,Enugu,Agwu,NGA,NG014002,NG01,May,2025,1,3
Nigeria,Enugu,Aninri,NGA,NG014001,NG01,May,2025,0,0
Nigeria,Enugu,Enugu East,NGA,NG014003,NG01,May,2025,0,0
Nigeria,Enugu,Enugu North,NGA,NG014004,NG01,May,2025,1,0
Nigeria,Enugu,Enugu South,NGA,NG014005,NG01,May,2025,0,0
Nigeria,Enugu,Ezeagu,NGA,NG014006,NG01,May,2025,1,0
Nigeria,Enugu,Igbo Etiti,NGA,NG014007,NG01,May,2025,0,0
Nigeria,Enugu,Igbo Eze North,NGA,NG014008,NG01,May,2025,0,0
Nigeria,Enugu,Igbo Eze South,NGA,NG014009,NG01,May,2025,0,0
Nigeria,Enugu,Isi Uzo,NGA,NG014010,NG01,May,2025,0,0
Nigeria,Enugu,Nkanu East,NGA,NG014011,NG01,May,2025,0,0
Nigeria,Enugu,Nkanu West,NGA,NG014012,NG01,May,2025,0,0
Nigeria,Enugu,Nsukka,NGA,NG014013,NG01,May,2025,4,1
Nigeria,Enugu,Oji River,NGA,NG014014,NG01,May,2025,0,0
Nigeria,Enugu,Udenu,NGA,NG014015,NG01,May,2025,1,0
Nigeria,Enugu,Udi,NGA,NG014016,NG01,May,2025,2,1
Nigeria,Enugu,Uzo Uwani,NGA,NG014017,NG01,May,2025,0,0
Nigeria,Federal Capital Territory,Abaji,NGA,NG015001,NG01,May,2025,1,2
Nigeria,Federal Capital Territory,Abuja Municipal,NGA,NG015002,NG01,May,2025,4,12
Nigeria,Federal Capital Territory,Bwari,NGA,NG015003,NG01,May,2025,2,0
Nigeria,Federal Capital Territory,Gwagwalada,NGA,NG015004,NG01,May,2025,0,0
Nigeria,Federal Capital Territory,Kuje,NGA,NG015005,NG01,May,2025,0,0
Nigeria,Federal Capital Territory,Kwali,NGA,NG015006,NG01,May,2025,0,0
Nigeria,Gombe,Akko,NGA,NG016001,NG01,May,2025,0,0
Nigeria,Gombe,Balanga,NGA,NG016002,NG01,May,2025,0,0
Nigeria,Gombe,Billiri,NGA,NG016003,NG01,May,2025,0,0
Nigeria,Gombe,Dukku,NGA,NG016004,NG01,May,2025,0,0
Nigeria,Gombe,Funakaye,NGA,NG016005,NG01,May,2025,0,0
Nigeria,Gombe,Gombe,NGA,NG016006,NG01,May,2025,0,0
Nigeria,Gombe,Kaltungo,NGA,NG016007,NG01,May,2025,0,0
Nigeria,Gombe,Kwami,NGA,NG016008,NG01,May,2025,0,0
Nigeria,Gombe,Nafada,NGA,NG016009,NG01,May,2025,0,0
Nigeria,Gombe,Shomgom,NGA,NG016010,NG01,May,2025,0,0
Nigeria,Gombe,Yamaltu,NGA,NG016011,NG01,May,2025,0,0
Nigeria,Imo,Aboh Mbaise,NGA,NG017001,NG01,May,2025,1,0
Nigeria,Imo,Ahiazu Mbaise,NGA,NG017002,NG01,May,2025,0,0
Nigeria,Imo,Ehime Mbano,NGA,NG017003,NG01,May,2025,0,0
Nigeria,Imo,Ezinihitte Mbaise,NGA,NG017004,NG01,May,2025,0,0
Nigeria,Imo,Ideato North,NGA,NG017005,NG01,May,2025,0,0
Nigeria,Imo,Ideato South,NGA,NG017006,NG01,May,2025,0,0
Nigeria,Imo,Ihitte Uboma,NGA,NG017007,NG01,May,2025,0,0
Nigeria,Imo,Ikeduru,NGA,NG017008,NG01,May,2025,2,2
Nigeria,Imo,Isiala Mbano,NGA,NG017009,NG01,May,2025,0,0
Nigeria,Imo,Isu,NGA,NG017010,NG01,May,2025,0,0
Nigeria,Imo,Mbaitoli,NGA,NG017011,NG01,May,2025,0,0
Nigeria,Imo,Ngor Okpala,NGA,NG017012,NG01,May,2025,1,0
Nigeria,Imo,Njaba,NGA,NG017013,NG01,May,2025,0,0
Nigeria,Imo,Nkwangele,NGA,NG017015,NG01,May,2025,0,0
Nigeria,Imo,Nkwerre,NGA,NG017014,NG01,May,2025,0,0
Nigeria,Imo,Obowo,NGA,NG017016,NG01,May,2025,0,0
Nigeria,Imo,Oguta,NGA,NG017017,NG01,May,2025,2,0
Nigeria,Imo,Ohaji,NGA,NG017018,NG01,May,2025,0,0
Nigeria,Imo,Okigwe,NGA,NG017019,NG01,May,2025,4,18
Nigeria,Imo,Onuimo,NGA,NG017027,NG01,May,2025,0,0
Nigeria,Imo,Orlu,NGA,NG017020,NG01,May,2025,0,0
Nigeria,Imo,Orsu,NGA,NG017021,NG01,May,2025,0,0
Nigeria,Imo,Oru East,NGA,NG017022,NG01,May,2025,0,0
Nigeria,Imo,Oru West,NGA,NG017023,NG01,May,2025,0,0
Nigeria,Imo,Owerri Municipal,NGA,NG017026,NG01,May,2025,1,0
Nigeria,Imo,Owerri North,NGA,NG017024,NG01,May,2025,1,1
Nigeria,Imo,Owerri West,NGA,NG017025,NG01,May,2025,3,1
Nigeria,Jigawa,Auyo,NGA,NG018001,NG01,May,2025,0,0
Nigeria,Jigawa,Babura,NGA,NG018002,NG01,May,2025,0,0
Nigeria,Jigawa,Birnin Kudu,NGA,NG018004,NG01,May,2025,0,0
Nigeria,Jigawa,Birniwa,NGA,NG018003,NG01,May,2025,0,0
Nigeria,Jigawa,Buji,NGA,NG018005,NG01,May,2025,0,0
Nigeria,Jigawa,Dutse,NGA,NG018006,NG01,May,2025,0,0
Nigeria,Jigawa,Gagarawa,NGA,NG018007,NG01,May,2025,0,0
Nigeria,Jigawa,Garki,NGA,NG018008,NG01,May,2025,1,5
Nigeria,Jigawa,Gumel,NGA,NG018009,NG01,May,2025,0,0
Nigeria,Jigawa,Guri,NGA,NG018010,NG01,May,2025,0,0
Nigeria,Jigawa,Gwaram,NGA,NG018011,NG01,May,2025,0,0
Nigeria,Jigawa,Gwiwa,NGA,NG018012,NG01,May,2025,0,0
Nigeria,Jigawa,Hadejia,NGA,NG018013,NG01,May,2025,0,0
Nigeria,Jigawa,Jahun,NGA,NG018014,NG01,May,2025,0,0
Nigeria,Jigawa,Kafin Hausa,NGA,NG018015,NG01,May,2025,0,0
Nigeria,Jigawa,Kaugama,NGA,NG018016,NG01,May,2025,0,0
Nigeria,Jigawa,Kazaure,NGA,NG018017,NG01,May,2025,0,0
Nigeria,Jigawa,Kiri-Kasamma,NGA,NG018018,NG01,May,2025,0,0
Nigeria,Jigawa,Kiyawa,NGA,NG018019,NG01,May,2025,0,0
Nigeria,Jigawa,Maigatari,NGA,NG018020,NG01,May,2025,0,0
Nigeria,Jigawa,Malam Madori,NGA,NG018021,NG01,May,2025,0,0
Nigeria,Jigawa,Miga,NGA,NG018022,NG01,May,2025,0,0
Nigeria,Jigawa,Ringim,NGA,NG018023,NG01,May,2025,0,0
Nigeria,Jigawa,Roni,NGA,NG018024,NG01,May,2025,0,0
Nigeria,Jigawa,Sule Takarkar,NGA,NG018025,NG01,May,2025,0,0
Nigeria,Jigawa,Taura,NGA,NG018026,NG01,May,2025,0,0
Nigeria,Jigawa,Yankwashi,NGA,NG018027,NG01,May,2025,0,0
Nigeria,Kaduna,Birnin Gwari,NGA,NG019001,NG01,May,2025,1,2
Nigeria,Kaduna,Chikun,NGA,NG019002,NG01,May,2025,0,0
Nigeria,Kaduna,Giwa,NGA,NG019003,NG01,May,2025,0,0
Nigeria,Kaduna,Igabi,NGA,NG019004,NG01,May,2025,1,0
Nigeria,Kaduna,Ikara,NGA,NG019005,NG01,May,2025,0,0
Nigeria,Kaduna,Jaba,NGA,NG019006,NG01,May,2025,0,0
Nigeria,Kaduna,Jema'a,NGA,NG019007,NG01,May,2025,0,0
Nigeria,Kaduna,Kachia,NGA,NG019008,NG01,May,2025,1,1
Nigeria,Kaduna,Kaduna North,NGA,NG019009,NG01,May,2025,1,3
Nigeria,Kaduna,Kaduna South,NGA,NG019010,NG01,May,2025,0,0
Nigeria,Kaduna,Kagarko,NGA,NG019011,NG01,May,2025,3,1
Nigeria,Kaduna,Kajuru,NGA,NG019014,NG01,May,2025,0,0
Nigeria,Kaduna,Kaura,NGA,NG019013,NG01,May,2025,0,0
Nigeria,Kaduna,Kauru,NGA,NG019012,NG01,May,2025,0,0
Nigeria,Kaduna,Kubau,NGA,NG019015,NG01,May,2025,0,0
Nigeria,Kaduna,Kudan,NGA,NG019016,NG01,May,2025,0,0
Nigeria,Kaduna,Lere,NGA,NG019017,NG01,May,2025,1,0
Nigeria,Kaduna,Makarfi,NGA,NG019018,NG01,May,2025,0,0
Nigeria,Kaduna,Sabon Gari,NGA,NG019019,NG01,May,2025,1,1
Nigeria,Kaduna,Sanga,NGA,NG019020,NG01,May,2025,0,0
Nigeria,Kaduna,Soba,NGA,NG019021,NG01,May,2025,1,1
Nigeria,Kaduna,Zangon Kataf,NGA,NG019022,NG01,May,2025,1,0
Nigeria,Kaduna,Zaria,NGA,NG019023,NG01,May,2025,0,0
Nigeria,Kano,Ajingi,NGA,NG020001,NG02,May,2025,0,0
Nigeria,Kano,Albasu,NGA,NG020002,NG02,May,2025,0,0
Nigeria,Kano,Bagwai,NGA,NG020003,NG02,May,2025,0,0
Nigeria,Kano,Bebeji,NGA,NG020004,NG02,May,2025,0,0
Nigeria,Kano,Bichi,NGA,NG020005,NG02,May,2025,0,0
Nigeria,Kano,Bunkure,NGA,NG020006,NG02,May,2025,0,0
Nigeria,Kano,Dala,NGA,NG020007,NG02,May,2025,0,0
Nigeria,Kano,Danbatta,NGA,NG020008,NG02,May,2025,0,0
Nigeria,Kano,Dawakin Kudu,NGA,NG020009,NG02,May,2025,0,0
Nigeria,Kano,Dawakin Tofa,NGA,NG020010,NG02,May,2025,0,0
Nigeria,Kano,Doguwa,NGA,NG020011,NG02,May,2025,0,0
Nigeria,Kano,Fagge,NGA,NG020012,NG02,May,2025,0,0
Nigeria,Kano,Gabasawa,NGA,NG020013,NG02,May,2025,0,0
Nigeria,Kano,Garko,NGA,NG020014,NG02,May,2025,0,0
Nigeria,Kano,Garun Mallam,NGA,NG020015,NG02,May,2025,0,0
Nigeria,Kano,Gaya,NGA,NG020016,NG02,May,2025,0,0
Nigeria,Kano,Gezawa,NGA,NG020017,NG02,May,2025,0,0
Nigeria,Kano,Gwale,NGA,NG020018,NG02,May,2025,0,0
Nigeria,Kano,Gwarzo,NGA,NG020019,NG02,May,2025,0,0
Nigeria,Kano,Kabo,NGA,NG020020,NG02,May,2025,0,0
Nigeria,Kano,Kano Municipal,NGA,NG020021,NG02,May,2025,0,0
Nigeria,Kano,Karaye,NGA,NG020022,NG02,May,2025,0,0
Nigeria,Kano,Kibiya,NGA,NG020023,NG02,May,2025,0,0
Nigeria,Kano,Kiru,NGA,NG020024,NG02,May,2025,0,0
Nigeria,Kano,Kumbotso,NGA,NG020025,NG02,May,2025,1,0
Nigeria,Kano,Kunchi,NGA,NG020026,NG02,May,2025,0,0
Nigeria,Kano,Kura,NGA,NG020027,NG02,May,2025,0,0
Nigeria,Kano,Madobi,NGA,NG020028,NG02,May,2025,0,0
Nigeria,Kano,Makoda,NGA,NG020029,NG02,May,2025,0,0
Nigeria,Kano,Minjibir,NGA,NG020030,NG02,May,2025,0,0
Nigeria,Kano,Nassarawa,NGA,NG020031,NG02,May,2025,0,0
Nigeria,Kano,Rano,NGA,NG020032,NG02,May,2025,2,2
Nigeria,Kano,Rimin Gado,NGA,NG020033,NG02,May,2025,0,0
Nigeria,Kano,Rogo,NGA,NG020034,NG02,May,2025,0,0
Nigeria,Kano,Shanono,NGA,NG020035,NG02,May,2025,1,1
Nigeria,Kano,Sumaila,NGA,NG020036,NG02,May,2025,0,0
Nigeria,Kano,Takai,NGA,NG020037,NG02,May,2025,0,0
Nigeria,Kano,Tarauni,NGA,NG020038,NG02,May,2025,0,0
Nigeria,Kano,Tofa,NGA,NG020039,NG02,May,2025,0,0
Nigeria,Kano,Tsanyawa,NGA,NG020040,NG02,May,2025,1,0
Nigeria,Kano,Tudun Wada,NGA,NG020041,NG02,May,2025,0,0
Nigeria,Kano,Ungogo,NGA,NG020042,NG02,May,2025,1,1
Nigeria,Kano,Warawa,NGA,NG020043,NG02,May,2025,0,0
Nigeria,Kano,Wudil,NGA,NG020044,NG02,May,2025,0,0
Nigeria,Katsina,Bakori,NGA,NG021001,NG02,May,2025,7,6
Nigeria,Katsina,Batagarawa,NGA,NG021002,NG02,May,2025,1,0
Nigeria,Katsina,Batsari,NGA,NG021003,NG02,May,2025,0,0
Nigeria,Katsina,Baure,NGA,NG021004,NG02,May,2025,0,0
Nigeria,Katsina,Bindawa,NGA,NG021005,NG02,May,2025,0,0
Nigeria,Katsina,Charanchi,NGA,NG021006,NG02,May,2025,1,0
Nigeria,Katsina,Dan-Musa,NGA,NG021007,NG02,May,2025,4,20
Nigeria,Katsina,Dandume,NGA,NG021008,NG02,May,2025,2,0
Nigeria,Katsina,Danja,NGA,NG021009,NG02,May,2025,1,0
Nigeria,Katsina,Daura,NGA,NG021010,NG02,May,2025,0,0
Nigeria,Katsina,Dutsi,NGA,NG021011,NG02,May,2025,0,0
Nigeria,Katsina,Dutsinma,NGA,NG021012,NG02,May,2025,3,5
Nigeria,Katsina,Faskari,NGA,NG021013,NG02,May,2025,9,27
Nigeria,Katsina,Funtua,NGA,NG021014,NG02,May,2025,0,0
Nigeria,Katsina,Ingawa,NGA,NG021015,NG02,May,2025,0,0
Nigeria,Katsina,Jibia,NGA,NG021016,NG02,May,2025,0,0
Nigeria,Katsina,Kafur,NGA,NG021017,NG02,May,2025,0,0
Nigeria,Katsina,Kaita,NGA,NG021018,NG02,May,2025,1,2
Nigeria,Katsina,Kankara,NGA,NG021019,NG02,May,2025,3,4
Nigeria,Katsina,Kankia,NGA,NG021020,NG02,May,2025,1,0
Nigeria,Katsina,Katsina,NGA,NG021021,NG02,May,2025,1,3
Nigeria,Katsina,Kurfi,NGA,NG021022,NG02,May,2025,2,3
Nigeria,Katsina,Kusada,NGA,NG021023,NG02,May,2025,0,0
Nigeria,Katsina,Maiadua,NGA,NG021024,NG02,May,2025,0,0
Nigeria,Katsina,Malumfashi,NGA,NG021025,NG02,May,2025,6,9
Nigeria,Katsina,Mani,NGA,NG021026,NG02,May,2025,0,0
Nigeria,Katsina,Mashi,NGA,NG021027,NG02,May,2025,0,0
Nigeria,Katsina,Matazu,NGA,NG021028,NG02,May,2025,4,4
Nigeria,Katsina,Musawa,NGA,NG021029,NG02,May,2025,1,0
Nigeria,Katsina,Rimi,NGA,NG021030,NG02,May,2025,1,0
Nigeria,Katsina,Sabuwa,NGA,NG021031,NG02,May,2025,14,38
Nigeria,Katsina,Safana,NGA,NG021032,NG02,May,2025,0,0
Nigeria,Katsina,Sandamu,NGA,NG021033,NG02,May,2025,0,0
Nigeria,Katsina,Zango,NGA,NG021034,NG02,May,2025,0,0
Nigeria,Kebbi,Alieru,NGA,NG022001,NG02,May,2025,0,0
Nigeria,Kebbi,Arewa,NGA,NG022002,NG02,May,2025,0,0
Nigeria,Kebbi,Argungu,NGA,NG022003,NG02,May,2025,0,0
Nigeria,Kebbi,Augie,NGA,NG022004,NG02,May,2025,0,0
Nigeria,Kebbi,Bagudo,NGA,NG022005,NG02,May,2025,0,0
Nigeria,Kebbi,Birnin-Kebbi,NGA,NG022006,NG02,May,2025,0,0
Nigeria,Kebbi,Bunza,NGA,NG022007,NG02,May,2025,0,0
Nigeria,Kebbi,Dandi Kamba,NGA,NG022008,NG02,May,2025,0,0
Nigeria,Kebbi,Danko,NGA,NG022019,NG02,May,2025,3,21
Nigeria,Kebbi,Fakai,NGA,NG022009,NG02,May,2025,0,0
Nigeria,Kebbi,Gwandu,NGA,NG022010,NG02,May,2025,0,0
Nigeria,Kebbi,Jega,NGA,NG022011,NG02,May,2025,0,0
Nigeria,Kebbi,Kalgo,NGA,NG022012,NG02,May,2025,0,0
Nigeria,Kebbi,Koko,NGA,NG022013,NG02,May,2025,0,0
Nigeria,Kebbi,Maiyama,NGA,NG022014,NG02,May,2025,0,0
Nigeria,Kebbi,Ngaski,NGA,NG022015,NG02,May,2025,1,0
Nigeria,Kebbi,Sakaba,NGA,NG022016,NG02,May,2025,0,0
Nigeria,Kebbi,Shanga,NGA,NG022017,NG02,May,2025,0,0
Nigeria,Kebbi,Suru,NGA,NG022018,NG02,May,2025,0,0
Nigeria,Kebbi,Yauri,NGA,NG022020,NG02,May,2025,0,0
Nigeria,Kebbi,Zuru,NGA,NG022021,NG02,May,2025,0,0
Nigeria,Kogi,Adavi,NGA,NG023001,NG02,May,2025,2,0
Nigeria,Kogi,Ajaokuta,NGA,NG023002,NG02,May,2025,0,0
Nigeria,Kogi,Ankpa,NGA,NG023003,NG02,May,2025,0,0
Nigeria,Kogi,Bassa,NGA,NG023004,NG02,May,2025,0,0
Nigeria,Kogi,Dekina,NGA,NG023005,NG02,May,2025,0,0
Nigeria,Kogi,Ibaji,NGA,NG023006,NG02,May,2025,0,0
Nigeria,Kogi,Idah,NGA,NG023007,NG02,May,2025,0,0
Nigeria,Kogi,Igalamela,NGA,NG023008,NG02,May,2025,0,0
Nigeria,Kogi,Ijumu,NGA,NG023009,NG02,May,2025,0,0
Nigeria,Kogi,Kabba,NGA,NG023010,NG02,May,2025,1,0
Nigeria,Kogi,Kogi,NGA,NG023011,NG02,May,2025,0,0
Nigeria,Kogi,Lokoja,NGA,NG023012,NG02,May,2025,2,0
Nigeria,Kogi,Mopa-Muro,NGA,NG023013,NG02,May,2025,0,0
Nigeria,Kogi,Ofu,NGA,NG023014,NG02,May,2025,2,0
Nigeria,Kogi,Ogori,NGA,NG023015,NG02,May,2025,0,0
Nigeria,Kogi,Okehi,NGA,NG023016,NG02,May,2025,0,0
Nigeria,Kogi,Okene,NGA,NG023017,NG02,May,2025,0,0
Nigeria,Kogi,Olamaboro,NGA,NG023018,NG02,May,2025,0,0
Nigeria,Kogi,Omala,NGA,NG023019,NG02,May,2025,0,0
Nigeria,Kogi,Yagba East,NGA,NG023020,NG02,May,2025,0,0
Nigeria,Kogi,Yagba West,NGA,NG023021,NG02,May,2025,4,4
Nigeria,Kwara,Asa,NGA,NG024001,NG02,May,2025,0,0
Nigeria,Kwara,Baruten,NGA,NG024002,NG02,May,2025,0,0
Nigeria,Kwara,Edu,NGA,NG024003,NG02,May,2025,2,1
Nigeria,Kwara,Ekiti,NGA,NG024004,NG02,May,2025,0,0
Nigeria,Kwara,Ifelodun,NGA,NG024005,NG02,May,2025,0,0
Nigeria,Kwara,Ilorin East,NGA,NG024006,NG02,May,2025,0,0
Nigeria,Kwara,Ilorin South,NGA,NG024007,NG02,May,2025,0,0
Nigeria,Kwara,Ilorin West,NGA,NG024008,NG02,May,2025,2,0
Nigeria,Kwara,Irepodun,NGA,NG024009,NG02,May,2025,2,2
Nigeria,Kwara,Kai Ama,NGA,NG024011,NG02,May,2025,0,0
Nigeria,Kwara,Moro,NGA,NG024012,NG02,May,2025,0,0
Nigeria,Kwara,Offa,NGA,NG024013,NG02,May,2025,0,0
Nigeria,Kwara,Oke-Ero,NGA,NG024014,NG02,May,2025,0,0
Nigeria,Kwara,Osin,NGA,NG024010,NG02,May,2025,1,0
Nigeria,Kwara,Oyun,NGA,NG024015,NG02,May,2025,0,0
Nigeria,Kwara,Pategi,NGA,NG024016,NG02,May,2025,0,0
Nigeria,Lagos,Agege,NGA,NG025001,NG02,May,2025,0,0
Nigeria,Lagos,Ajeromi,NGA,NG025002,NG02,May,2025,0,0
Nigeria,Lagos,Alimosho,NGA,NG025003,NG02,May,2025,1,1
Nigeria,Lagos,Amowo-Odofin,NGA,NG025004,NG02,May,2025,0,0
Nigeria,Lagos,Apapa,NGA,NG025005,NG02,May,2025,0,0
Nigeria,Lagos,Badagry,NGA,NG025006,NG02,May,2025,0,0
Nigeria,Lagos,Epe,NGA,NG025007,NG02,May,2025,1,1
Nigeria,Lagos,Eti-Osa,NGA,NG025008,NG02,May,2025,0,0
Nigeria,Lagos,Ibeju-Lekki,NGA,NG025009,NG02,May,2025,0,0
Nigeria,Lagos,Ifako,NGA,NG025010,NG02,May,2025,0,0
Nigeria,Lagos,Ikeja,NGA,NG025011,NG02,May,2025,0,0
Nigeria,Lagos,Ikorodu,NGA,NG025012,NG02,May,2025,1,1
Nigeria,Lagos,Kosofe,NGA,NG025013,NG02,May,2025,0,0
Nigeria,Lagos,Lagos Island,NGA,NG025014,NG02,May,2025,0,0
Nigeria,Lagos,Lagos Mainland,NGA,NG025015,NG02,May,2025,0,0
Nigeria,Lagos,Mushin,NGA,NG025016,NG02,May,2025,0,0
Nigeria,Lagos,Ojo,NGA,NG025017,NG02,May,2025,0,0
Nigeria,Lagos,Oshodi,NGA,NG025018,NG02,May,2025,1,1
Nigeria,Lagos,Somolu,NGA,NG025019,NG02,May,2025,0,0
Nigeria,Lagos,Surulere,NGA,NG025020,NG02,May,2025,0,0
Nigeria,Nassarawa,Akwanga,NGA,NG026001,NG02,May,2025,0,0
Nigeria,Nassarawa,Awe,NGA,NG026002,NG02,May,2025,0,0
Nigeria,Nassarawa,Doma,NGA,NG026003,NG02,May,2025,0,0
Nigeria,Nassarawa,Karu,NGA,NG026004,NG02,May,2025,0,0
Nigeria,Nassarawa,Keana,NGA,NG026005,NG02,May,2025,0,0
Nigeria,Nassarawa,Keffi,NGA,NG026006,NG02,May,2025,0,0
Nigeria,Nassarawa,Kokona,NGA,NG026007,NG02,May,2025,1,0
Nigeria,Nassarawa,Lafia,NGA,NG026008,NG02,May,2025,1,3
Nigeria,Nassarawa,Nasarawa,NGA,NG026009,NG02,May,2025,0,0
Nigeria,Nassarawa,Nasarawa Eggon,NGA,NG026010,NG02,May,2025,0,0
Nigeria,Nassarawa,Obi,NGA,NG026011,NG02,May,2025,0,0
Nigeria,Nassarawa,Toto,NGA,NG026012,NG02,May,2025,0,0
Nigeria,Nassarawa,Wamba,NGA,NG026013,NG02,May,2025,0,0
Nigeria,Niger,Agaie,NGA,NG027001,NG02,May,2025,0,0
Nigeria,Niger,Agwara,NGA,NG027002,NG02,May,2025,0,0
Nigeria,Niger,Bida,NGA,NG027003,NG02,May,2025,0,0
Nigeria,Niger,Borgu,NGA,NG027004,NG02,May,2025,0,0
Nigeria,Niger,Bosso,NGA,NG027005,NG02,May,2025,0,0
Nigeria,Niger,Edati,NGA,NG027017,NG02,May,2025,0,0
Nigeria,Niger,Gbako,NGA,NG027008,NG02,May,2025,0,0
Nigeria,Niger,Gurara,NGA,NG027009,NG02,May,2025,0,0
Nigeria,Niger,Katcha,NGA,NG027010,NG02,May,2025,0,0
Nigeria,Niger,Kontagora,NGA,NG027011,NG02,May,2025,2,6
Nigeria,Niger,Lapai,NGA,NG027012,NG02,May,2025,0,0
Nigeria,Niger,Lavun,NGA,NG027013,NG02,May,2025,0,0
Nigeria,Niger,Magama,NGA,NG027014,NG02,May,2025,2,1
Nigeria,Niger,Mariga,NGA,NG027015,NG02,May,2025,3,8
Nigeria,Niger,Mashegu,NGA,NG027016,NG02,May,2025,1,0
Nigeria,Niger,Minna,NGA,NG027006,NG02,May,2025,0,0
Nigeria,Niger,Mokwa,NGA,NG027017,NG02,May,2025,0,0
Nigeria,Niger,Muya,NGA,NG027018,NG02,May,2025,4,51
Nigeria,Niger,Paikoro,NGA,NG027019,NG02,May,2025,0,0
Nigeria,Niger,Rafi,NGA,NG027020,NG02,May,2025,0,0
Nigeria,Niger,Rijau,NGA,NG027021,NG02,May,2025,0,0
Nigeria,Niger,Shiroro,NGA,NG027022,NG02,May,2025,0,0
Nigeria,Niger,Suleja,NGA,NG027023,NG02,May,2025,1,1
Nigeria,Niger,Tafa,NGA,NG027024,NG02,May,2025,0,0
Nigeria,Niger,Wushishi,NGA,NG027025,NG02,May,2025,0,0
Nigeria,Ogun,Abeokuta North,NGA,NG028001,NG02,May,2025,0,0
Nigeria,Ogun,Abeokuta South,NGA,NG028002,NG02,May,2025,0,0
Nigeria,Ogun,Ado-Odo,NGA,NG028003,NG02,May,2025,0,0
Nigeria,Ogun,Egbado North,NGA,NG028004,NG02,May,2025,0,0
Nigeria,Ogun,Egbado South,NGA,NG028005,NG02,May,2025,0,0
Nigeria,Ogun,Ewekoro,NGA,NG028006,NG02,May,2025,0,0
Nigeria,Ogun,Ifo,NGA,NG028007,NG02,May,2025,0,0
Nigeria,Ogun,Ijebu East,NGA,NG028008,NG02,May,2025,0,0
Nigeria,Ogun,Ijebu North,NGA,NG028009,NG02,May,2025,0,0
Nigeria,Ogun,Ijebu North East,NGA,NG028010,NG02,May,2025,0,0
Nigeria,Ogun,Ijebu Ode,NGA,NG028010,NG02,May,2025,0,0
Nigeria,Ogun,Ikenne,NGA,NG028012,NG02,May,2025,0,0
Nigeria,Ogun,Imeko-Afon,NGA,NG028013,NG02,May,2025,0,0
Nigeria,Ogun,Ipokia,NGA,NG028014,NG02,May,2025,0,0
Nigeria,Ogun,Obafemi,NGA,NG028015,NG02,May,2025,1,0
Nigeria,Ogun,Odedah,NGA,NG028016,NG02,May,2025,0,0
Nigeria,Ogun,Odogbolu,NGA,NG028017,NG02,May,2025,0,0
Nigeria,Ogun,Ogun Waterside,NGA,NG028018,NG02,May,2025,0,0
Nigeria,Ogun,Remo North,NGA,NG028019,NG02,May,2025,0,0
Nigeria,Ogun,Shagamu,NGA,NG028020,NG02,May,2025,0,0
Nigeria,Ondo,Akoko North East,NGA,NG029001,NG02,May,2025,0,0
Nigeria,Ondo,Akoko North West,NGA,NG029002,NG02,May,2025,0,0
Nigeria,Ondo,Akoko South East,NGA,NG029003,NG02,May,2025,0,0
Nigeria,Ondo,Akoko South West,NGA,NG029004,NG02,May,2025,0,0
Nigeria,Ondo,Akure North,NGA,NG029005,NG02,May,2025,1,0
Nigeria,Ondo,Akure South,NGA,NG029006,NG02,May,2025,1,0
Nigeria,Ondo,Ese-Edo,NGA,NG029007,NG02,May,2025,0,0
Nigeria,Ondo,Idanre,NGA,NG029008,NG02,May,2025,0,0
Nigeria,Ondo,Ifedore,NGA,NG029009,NG02,May,2025,0,0
Nigeria,Ondo,Ilaje,NGA,NG029010,NG02,May,2025,0,0
Nigeria,Ondo,Ile-Oluji-Okeigbo,NGA,NG029011,NG02,May,2025,0,0
Nigeria,Ondo,Irele,NGA,NG029012,NG02,May,2025,0,0
Nigeria,Ondo,Odigbo,NGA,NG029013,NG02,May,2025,0,0
Nigeria,Ondo,Okitipupa,NGA,NG029014,NG02,May,2025,0,0
Nigeria,Ondo,Ondo East,NGA,NG029015,NG02,May,2025,0,0
Nigeria,Ondo,Ondo West,NGA,NG029016,NG02,May,2025,2,5
Nigeria,Ondo,Ose,NGA,NG029017,NG02,May,2025,2,1
Nigeria,Ondo,Owo,NGA,NG029018,NG02,May,2025,0,0
Nigeria,Osun,Aiyedade,NGA,NG030001,NG03,May,2025,0,0
Nigeria,Osun,Aiyedire,NGA,NG030002,NG03,May,2025,0,0
Nigeria,Osun,Atakumosa East,NGA,NG030003,NG03,May,2025,0,0
Nigeria,Osun,Atakumosa West,NGA,NG030004,NG03,May,2025,0,0
Nigeria,Osun,Boluwaduro,NGA,NG030005,NG03,May,2025,0,0
Nigeria,Osun,Boripe,NGA,NG030006,NG03,May,2025,0,0
Nigeria,Osun,Ede North,NGA,NG030007,NG03,May,2025,0,0
Nigeria,Osun,Ede South,NGA,NG030008,NG03,May,2025,0,0
Nigeria,Osun,Egbedore,NGA,NG030009,NG03,May,2025,1,0
Nigeria,Osun,Ejigbo,NGA,NG030010,NG03,May,2025,0,0
Nigeria,Osun,Ife Central,NGA,NG030011,NG03,May,2025,0,0
Nigeria,Osun,Ife East,NGA,NG030012,NG03,May,2025,0,0
Nigeria,Osun,Ife North,NGA,NG030013,NG03,May,2025,0,0
Nigeria,Osun,Ife South,NGA,NG030014,NG03,May,2025,0,0
Nigeria,Osun,Ifedayo,NGA,NG030015,NG03,May,2025,0,0
Nigeria,Osun,Ifelodun,NGA,NG030016,NG03,May,2025,1,1
Nigeria,Osun,Ila,NGA,NG030017,NG03,May,2025,0,0
Nigeria,Osun,Ilesha East,NGA,NG030018,NG03,May,2025,0,0
Nigeria,Osun,Ilesha West,NGA,NG030019,NG03,May,2025,0,0
Nigeria,Osun,Irepodun,NGA,NG030020,NG03,May,2025,0,0
Nigeria,Osun,Irewole,NGA,NG030021,NG03,May,2025,1,0
Nigeria,Osun,Isokan,NGA,NG030022,NG03,May,2025,0,0
Nigeria,Osun,Iwo,NGA,NG030023,NG03,May,2025,0,0
Nigeria,Osun,Obokun,NGA,NG030024,NG03,May,2025,0,0
Nigeria,Osun,Odo-Otin,NGA,NG030025,NG03,May,2025,0,0
Nigeria,Osun,Ola-Oluwa,NGA,NG030026,NG03,May,2025,0,0
Nigeria,Osun,Olorunda,NGA,NG030027,NG03,May,2025,0,0
Nigeria,Osun,Oriade,NGA,NG030028,NG03,May,2025,0,0
Nigeria,Osun,Orolu,NGA,NG030029,NG03,May,2025,0,0
Nigeria,Osun,Osogbo,NGA,NG030030,NG03,May,2025,1,2
Nigeria,Oyo,Afijio,NGA,NG031001,NG03,May,2025,0,0
Nigeria,Oyo,Akinyele,NGA,NG031002,NG03,May,2025,1,0
Nigeria,Oyo,Atiba,NGA,NG031003,NG03,May,2025,0,0
Nigeria,Oyo,Atisbo,NGA,NG031004,NG03,May,2025,0,0
Nigeria,Oyo,Egbeda,NGA,NG031005,NG03,May,2025,0,0
Nigeria,Oyo,Ibadan North,NGA,NG031006,NG03,May,2025,0,0
Nigeria,Oyo,Ibadan North East,NGA,NG031007,NG03,May,2025,0,0
Nigeria,Oyo,Ibadan North West,NGA,NG031008,NG03,May,2025,0,0
Nigeria,Oyo,Ibadan South East,NGA,NG031009,NG03,May,2025,0,0
Nigeria,Oyo,Ibadan South West,NGA,NG031010,NG03,May,2025,0,0
Nigeria,Oyo,Ibarapa Central,NGA,NG031011,NG03,May,2025,0,0
Nigeria,Oyo,Ibarapa East,NGA,NG031012,NG03,May,2025,0,0
Nigeria,Oyo,Ibarapa North,NGA,NG031013,NG03,May,2025,0,0
Nigeria,Oyo,Ido,NGA,NG031014,NG03,May,2025,0,0
Nigeria,Oyo,Irepo,NGA,NG031015,NG03,May,2025,0,0
Nigeria,Oyo,Iseyin,NGA,NG031016,NG03,May,2025,0,0
Nigeria,Oyo,Itesiwaju,NGA,NG031017,NG03,May,2025,0,0
Nigeria,Oyo,Iwajowa,NGA,NG031018,NG03,May,2025,0,0
Nigeria,Oyo,Kajola,NGA,NG031019,NG03,May,2025,0,0
Nigeria,Oyo,Lagelu,NGA,NG031020,NG03,May,2025,0,0
Nigeria,Oyo,Ogbomosho North,NGA,NG031021,NG03,May,2025,0,0
Nigeria,Oyo,Ogbomosho South,NGA,NG031022,NG03,May,2025,0,0
Nigeria,Oyo,Ogo-Oluwa,NGA,NG031023,NG03,May,2025,0,0
Nigeria,Oyo,Olorunsogo,NGA,NG031024,NG03,May,2025,0,0
Nigeria,Oyo,Oluyole,NGA,NG031025,NG03,May,2025,0,0
Nigeria,Oyo,Ona-Ara,NGA,NG031026,NG03,May,2025,0,0
Nigeria,Oyo,Orelope,NGA,NG031027,NG03,May,2025,0,0
Nigeria,Oyo,Ori Ire,NGA,NG031028,NG03,May,2025,0,0
Nigeria,Oyo,Oyo East,NGA,NG031029,NG03,May,2025,0,0
Nigeria,Oyo,Oyo West,NGA,NG031030,NG03,May,2025,0,0
Nigeria,Oyo,Saki East,NGA,NG031031,NG03,May,2025,0,0
Nigeria,Oyo,Saki West,NGA,NG031032,NG03,May,2025,0,0
Nigeria,Oyo,Surulere,NGA,NG031033,NG03,May,2025,0,0
Nigeria,Plateau,Barkin Ladi,NGA,NG032001,NG03,May,2025,2,6
Nigeria,Plateau,Bassa,NGA,NG032002,NG03,May,2025,1,2
Nigeria,Plateau,Bokkos,NGA,NG032003,NG03,May,2025,10,23
Nigeria,Plateau,Jos East,NGA,NG032004,NG03,May,2025,0,0
Nigeria,Plateau,Jos North,NGA,NG032005,NG03,May,2025,1,0
Nigeria,Plateau,Jos South,NGA,NG032006,NG03,May,2025,5,1
Nigeria,Plateau,Kanam,NGA,NG032007,NG03,May,2025,0,0
Nigeria,Plateau,Kanke,NGA,NG032008,NG03,May,2025,0,0
Nigeria,Plateau,Langtang North,NGA,NG032009,NG03,May,2025,0,0
Nigeria,Plateau,Langtang South,NGA,NG032010,NG03,May,2025,0,0
Nigeria,Plateau,Mangu,NGA,NG032011,NG03,May,2025,0,0
Nigeria,Plateau,Mikang,NGA,NG032012,NG03,May,2025,0,0
Nigeria,Plateau,Pankshin,NGA,NG032013,NG03,May,2025,0,0
Nigeria,Plateau,Quan-Pan,NGA,NG032014,NG03,May,2025,3,6
Nigeria,Plateau,Riyom,NGA,NG032015,NG03,May,2025,7,21
Nigeria,Plateau,Shendam,NGA,NG032016,NG03,May,2025,0,0
Nigeria,Plateau,Wase,NGA,NG032017,NG03,May,2025,6,9
Nigeria,Rivers,Ahoada,NGA,NG033002,NG03,May,2025,0,0
Nigeria,Rivers,Ahoada West,NGA,NG033003,NG03,May,2025,0,0
Nigeria,Rivers,Akukutoru,NGA,NG033004,NG03,May,2025,0,0
Nigeria,Rivers,Andoni,NGA,NG033005,NG03,May,2025,0,0
Nigeria,Rivers,Asaritoru,NGA,NG033006,NG03,May,2025,0,0
Nigeria,Rivers,Bonny,NGA,NG033007,NG03,May,2025,1,0
Nigeria,Rivers,Degema,NGA,NG033008,NG03,May,2025,0,0
Nigeria,Rivers,Eleme,NGA,NG033009,NG03,May,2025,0,0
Nigeria,Rivers,Emohua,NGA,NG033010,NG03,May,2025,1,1
Nigeria,Rivers,Etche,NGA,NG033011,NG03,May,2025,0,0
Nigeria,Rivers,Gonaka,NGA,NG033012,NG03,May,2025,0,0
Nigeria,Rivers,Ikwerre,NGA,NG033013,NG03,May,2025,0,0
Nigeria,Rivers,Khana,NGA,NG033014,NG03,May,2025,0,0
Nigeria,Rivers,Obio,NGA,NG033015,NG03,May,2025,0,0
Nigeria,Rivers,Obua,NGA,NG033001,NG03,May,2025,0,0
Nigeria,Rivers,Ogba,NGA,NG033016,NG03,May,2025,0,0
Nigeria,Rivers,Ogu,NGA,NG033017,NG03,May,2025,0,0
Nigeria,Rivers,Okrika,NGA,NG033018,NG03,May,2025,1,0
Nigeria,Rivers,Omumma,NGA,NG033019,NG03,May,2025,0,0
Nigeria,Rivers,Opobo,NGA,NG033020,NG03,May,2025,0,0
Nigeria,Rivers,Oyigbo,NGA,NG033021,NG03,May,2025,0,0
Nigeria,Rivers,Port Harcourt,NGA,NG033022,NG03,May,2025,2,2
Nigeria,Rivers,Tai,NGA,NG033023,NG03,May,2025,0,0
Nigeria,Sokoto,Binji,NGA,NG034001,NG03,May,2025,0,0
Nigeria,Sokoto,Bodinga,NGA,NG034002,NG03,May,2025,0,0
Nigeria,Sokoto,Dange-Shuni,NGA,NG034003,NG03,May,2025,0,0
Nigeria,Sokoto,Gada,NGA,NG034004,NG03,May,2025,0,0
Nigeria,Sokoto,Goronyo,NGA,NG034006,NG03,May,2025,1,3
Nigeria,Sokoto,Gudu,NGA,NG034007,NG03,May,2025,0,0
Nigeria,Sokoto,Gwadabawa,NGA,NG034005,NG03,May,2025,0,0
Nigeria,Sokoto,Illela,NGA,NG034008,NG03,May,2025,0,0
Nigeria,Sokoto,Isa,NGA,NG034009,NG03,May,2025,6,10
Nigeria,Sokoto,Kebbe,NGA,NG034010,NG03,May,2025,0,0
Nigeria,Sokoto,Kware,NGA,NG034011,NG03,May,2025,0,0
Nigeria,Sokoto,Rabah,NGA,NG034012,NG03,May,2025,1,0
Nigeria,Sokoto,Sabon Birni,NGA,NG034013,NG03,May,2025,3,5
Nigeria,Sokoto,Shagari,NGA,NG034014,NG03,May,2025,0,0
Nigeria,Sokoto,Silame,NGA,NG034015,NG03,May,2025,0,0
Nigeria,Sokoto,Sokoto North,NGA,NG034016,NG03,May,2025,0,0
Nigeria,Sokoto,Sokoto South,NGA,NG034017,NG03,May,2025,0,0
Nigeria,Sokoto,Tambuwal,NGA,NG034018,NG03,May,2025,0,0
Nigeria,Sokoto,Tangaza,NGA,NG034019,NG03,May,2025,3,13
Nigeria,Sokoto,Tureta,NGA,NG034020,NG03,May,2025,0,0
Nigeria,Sokoto,Wamakko,NGA,NG034021,NG03,May,2025,0,0
Nigeria,Sokoto,Wurno,NGA,NG034022,NG03,May,2025,0,0
Nigeria,Sokoto,Yabo,NGA,NG034023,NG03,May,2025,0,0
Nigeria,Taraba,Ardo Kola,NGA,NG035001,NG03,May,2025,0,0
Nigeria,Taraba,Bali,NGA,NG035002,NG03,May,2025,2,0
Nigeria,Taraba,Donga,NGA,NG035003,NG03,May,2025,0,0
Nigeria,Taraba,Gashaka,NGA,NG035004,NG03,May,2025,0,0
Nigeria,Taraba,Gassol,NGA,NG035005,NG03,May,2025,0,0
Nigeria,Taraba,Ibi,NGA,NG035006,NG03,May,2025,1,0
Nigeria,Taraba,Jalingo,NGA,NG035007,NG03,May,2025,0,0
Nigeria,Taraba,Karim Lamidu,NGA,NG035008,NG03,May,2025,10,78
Nigeria,Taraba,Kurmi,NGA,NG035009,NG03,May,2025,0,0
Nigeria,Taraba,Lau,NGA,NG035010,NG03,May,2025,0,0
Nigeria,Taraba,Sardauna,NGA,NG035011,NG03,May,2025,0,0
Nigeria,Taraba,Takum,NGA,NG035012,NG03,May,2025,1,0
Nigeria,Taraba,Ussa,NGA,NG035013,NG03,May,2025,1,1
Nigeria,Taraba,Wukari,NGA,NG035014,NG03,May,2025,1,0
Nigeria,Taraba,Yorro,NGA,NG035015,NG03,May,2025,0,0
Nigeria,Taraba,Zing,NGA,NG035016,NG03,May,2025,0,0
Nigeria,Yobe,Bade,NGA,NG036001,NG03,May,2025,1,0
Nigeria,Yobe,Bursari,NGA,NG036002,NG03,May,2025,0,0
Nigeria,Yobe,Damaturu,NGA,NG036003,NG03,May,2025,1,0
Nigeria,Yobe,Fika,NGA,NG036004,NG03,May,2025,1,0
Nigeria,Yobe,Fune,NGA,NG036005,NG03,May,2025,1,0
Nigeria,Yobe,Geidam,NGA,NG036006,NG03,May,2025,0,0
Nigeria,Yobe,Gujba,NGA,NG036007,NG03,May,2025,2,4
Nigeria,Yobe,Gulami,NGA,NG036008,NG03,May,2025,0,0
Nigeria,Yobe,Jakusko,NGA,NG036009,NG03,May,2025,0,0
Nigeria,Yobe,Karasuwa,NGA,NG036010,NG03,May,2025,0,0
Nigeria,Yobe,Machina,NGA,NG036011,NG03,May,2025,0,0
Nigeria,Yobe,Nangere,NGA,NG036012,NG03,May,2025,1,1
Nigeria,Yobe,Nguru,NGA,NG036013,NG03,May,2025,0,0
Nigeria,Yobe,Potiskum,NGA,NG036014,NG03,May,2025,0,0
Nigeria,Yobe,Tarmua,NGA,NG036015,NG03,May,2025,0,0
Nigeria,Yobe,Yunusari,NGA,NG036016,NG03,May,2025,1,2
Nigeria,Yobe,Yusufari,NGA,NG036017,NG03,May,2025,0,0
Nigeria,Zamfara,Anka,NGA,NG037001,NG03,May,2025,5,4
Nigeria,Zamfara,Bakura,NGA,NG037002,NG03,May,2025,3,4
Nigeria,Zamfara,Bukkuyum,NGA,NG037004,NG03,May,2025,1,2
Nigeria,Zamfara,Bungudu,NGA,NG037005,NG03,May,2025,2,0
Nigeria,Zamfara,Gummi,NGA,NG037006,NG03,May,2025,0,0
Nigeria,Zamfara,Gusau,NGA,NG037007,NG03,May,2025,3,0
Nigeria,Zamfara,Kaura Namoda,NGA,NG037008,NG03,May,2025,7,26
Nigeria,Zamfara,Kiyawa,NGA,NG037003,NG03,May,2025,0,0
Nigeria,Zamfara,Maradun,NGA,NG037009,NG03,May,2025,2,4
Nigeria,Zamfara,Maru,NGA,NG037010,NG03,May,2025,6,59
Nigeria,Zamfara,Shinkafi,NGA,NG037011,NG03,May,2025,5,3
Nigeria,Zamfara,Talata Mafara,NGA,NG037012,NG03,May,2025,7,31
Nigeria,Zamfara,Tsafe,NGA,NG037013,NG03,May,2025,4,2
Nigeria,Zamfara,Zurmi,NGA,NG037014,NG03,May,2025,6,11
Nigeria,Abia,Aba North,NGA,NG001001,NG00,June,2025,0,0
Nigeria,Abia,Aba South,NGA,NG001002,NG00,June,2025,1,5
Nigeria,Abia,Arochukwu,NGA,NG001003,NG00,June,2025,0,0
Nigeria,Abia,Bende,NGA,NG001004,NG00,June,2025,0,0
Nigeria,Abia,Ikwuano,NGA,NG001005,NG00,June,2025,0,0
Nigeria,Abia,Isiala Ngwa North,NGA,NG001007,NG00,June,2025,0,0
Nigeria,Abia,Isiala Ngwa South,NGA,NG001006,NG00,June,2025,0,0
Nigeria,Abia,Isuikwuato,NGA,NG001008,NG00,June,2025,1,1
Nigeria,Abia,Nneochi,NGA,NG001017,NG00,June,2025,2,4
Nigeria,Abia,Obioma Ngwa,NGA,NG001009,NG00,June,2025,0,0
Nigeria,Abia,Ohafia,NGA,NG001010,NG00,June,2025,0,0
Nigeria,Abia,Osisioma,NGA,NG001011,NG00,June,2025,0,0
Nigeria,Abia,Ugwunagbo,NGA,NG001012,NG00,June,2025,0,0
Nigeria,Abia,Ukwa East,NGA,NG001013,NG00,June,2025,0,0
Nigeria,Abia,Ukwa West,NGA,NG001014,NG00,June,2025,0,0
Nigeria,Abia,Umuahia North,NGA,NG001015,NG00,June,2025,2,1
Nigeria,Abia,Umuahia South,NGA,NG001016,NG00,June,2025,0,0
Nigeria,Adamawa,Demsa,NGA,NG002001,NG00,June,2025,0,0
Nigeria,Adamawa,Fufore,NGA,NG002002,NG00,June,2025,0,0
Nigeria,Adamawa,Ganye,NGA,NG002003,NG00,June,2025,0,0
Nigeria,Adamawa,Girei,NGA,NG002005,NG00,June,2025,0,0
Nigeria,Adamawa,Gombi,NGA,NG002004,NG00,June,2025,0,0
Nigeria,Adamawa,Guyuk,NGA,NG002006,NG00,June,2025,0,0
Nigeria,Adamawa,Hong,NGA,NG002007,NG00,June,2025,2,6
Nigeria,Adamawa,Jada,NGA,NG002008,NG00,June,2025,0,0
Nigeria,Adamawa,Lamurde,NGA,NG002009,NG00,June,2025,0,0
Nigeria,Adamawa,Madagali,NGA,NG002010,NG00,June,2025,0,0
Nigeria,Adamawa,Maiha,NGA,NG002011,NG00,June,2025,0,0
Nigeria,Adamawa,Mayo-Belwa,NGA,NG002012,NG00,June,2025,0,0
Nigeria,Adamawa,Michika,NGA,NG002013,NG00,June,2025,0,0
Nigeria,Adamawa,Mubi North,NGA,NG002014,NG00,June,2025,0,0
Nigeria,Adamawa,Mubi South,NGA,NG002015,NG00,June,2025,0,0
Nigeria,Adamawa,Numan,NGA,NG002016,NG00,June,2025,0,0
Nigeria,Adamawa,Shelleng,NGA,NG002017,NG00,June,2025,0,0
Nigeria,Adamawa,Song,NGA,NG002018,NG00,June,2025,0,0
Nigeria,Adamawa,Toungo,NGA,NG002019,NG00,June,2025,0,0
Nigeria,Adamawa,Yola-North,NGA,NG002021,NG00,June,2025,0,0
Nigeria,Adamawa,Yola-South,NGA,NG002020,NG00,June,2025,0,0
Nigeria,Akwa Ibom,Abak,NGA,NG003001,NG00,June,2025,0,0
Nigeria,Akwa Ibom,Eastern Obolo,NGA,NG003002,NG00,June,2025,0,0
Nigeria,Akwa Ibom,Eket,NGA,NG003003,NG00,June,2025,0,0
Nigeria,Akwa Ibom,Ekpe Atai,NGA,NG003004,NG00,June,2025,0,0
Nigeria,Akwa Ibom,Essien Udim,NGA,NG003005,NG00,June,2025,0,0
Nigeria,Akwa Ibom,Etim Ekpo,NGA,NG003006,NG00,June,2025,0,0
Nigeria,Akwa Ibom,Etinan,NGA,NG003007,NG00,June,2025,0,0
Nigeria,Akwa Ibom,Ibeno,NGA,NG003008,NG00,June,2025,0,0
Nigeria,Akwa Ibom,Ibesikpo Asutan,NGA,NG003009,NG00,June,2025,0,0
Nigeria,Akwa Ibom,Ibiono Ibom,NGA,NG003010,NG00,June,2025,0,0
Nigeria,Akwa Ibom,Ika,NGA,NG003011,NG00,June,2025,0,0
Nigeria,Akwa Ibom,Ikono,NGA,NG003012,NG00,June,2025,0,0
Nigeria,Akwa Ibom,Ikot Abasi,NGA,NG003013,NG00,June,2025,0,0
Nigeria,Akwa Ibom,Ikot Ekpene,NGA,NG003014,NG00,June,2025,0,0
Nigeria,Akwa Ibom,Ini,NGA,NG003015,NG00,June,2025,0,0
Nigeria,Akwa Ibom,Itu,NGA,NG003016,NG00,June,2025,0,0
Nigeria,Akwa Ibom,Mbo,NGA,NG003017,NG00,June,2025,0,0
Nigeria,Akwa Ibom,Mkpat Enin,NGA,NG003018,NG00,June,2025,0,0
Nigeria,Akwa Ibom,Nsit Ibom,NGA,NG003020,NG00,June,2025,0,0
Nigeria,Akwa Ibom,Nsit Ubium,NGA,NG003021,NG00,June,2025,0,0
Nigeria,Akwa Ibom,Obat Akara,NGA,NG003022,NG00,June,2025,0,0
Nigeria,Akwa Ibom,Okobo,NGA,NG003023,NG00,June,2025,0,0
Nigeria,Akwa Ibom,Onna,NGA,NG003024,NG00,June,2025,0,0
Nigeria,Akwa Ibom,Oron,NGA,NG003025,NG00,June,2025,0,0
Nigeria,Akwa Ibom,Oruk Anam,NGA,NG003026,NG00,June,2025,0,0
Nigeria,Akwa Ibom,Udung Uko,NGA,NG003027,NG00,June,2025,0,0
Nigeria,Akwa Ibom,Ukanafun,NGA,NG003028,NG00,June,2025,1,1
Nigeria,Akwa Ibom,Uruan,NGA,NG003029,NG00,June,2025,0,0
Nigeria,Akwa Ibom,Urue Offong,NGA,NG003030,NG00,June,2025,0,0
Nigeria,Akwa Ibom,Uyo,NGA,NG003031,NG00,June,2025,0,0
Nigeria,Anambra,Aguata,NGA,NG004001,NG00,June,2025,3,3
Nigeria,Anambra,Anambra East,NGA,NG004002,NG00,June,2025,0,0
Nigeria,Anambra,Anambra West,NGA,NG004003,NG00,June,2025,0,0
Nigeria,Anambra,Aniocha,NGA,NG004004,NG00,June,2025,0,0
Nigeria,Anambra,Awka North,NGA,NG004005,NG00,June,2025,0,0
Nigeria,Anambra,Awka South,NGA,NG004006,NG00,June,2025,3,2
Nigeria,Anambra,Ayamelum,NGA,NG004007,NG00,June,2025,0,0
Nigeria,Anambra,Dunukofia,NGA,NG004008,NG00,June,2025,0,0
Nigeria,Anambra,Ekwusigwo,NGA,NG004009,NG00,June,2025,0,0
Nigeria,Anambra,Idemili North,NGA,NG004010,NG00,June,2025,0,0
Nigeria,Anambra,Idemili South,NGA,NG004011,NG00,June,2025,0,0
Nigeria,Anambra,Ihiala,NGA,NG004012,NG00,June,2025,1,1
Nigeria,Anambra,Njikoka,NGA,NG004013,NG00,June,2025,1,1
Nigeria,Anambra,Nnewi North,NGA,NG004014,NG00,June,2025,0,0
Nigeria,Anambra,Nnewi South,NGA,NG004015,NG00,June,2025,0,0
Nigeria,Anambra,Ogbaru,NGA,NG004016,NG00,June,2025,0,0
Nigeria,Anambra,Onisha North,NGA,NG004017,NG00,June,2025,0,0
Nigeria,Anambra,Onisha South,NGA,NG004018,NG00,June,2025,0,0
Nigeria,Anambra,Orumba North,NGA,NG004019,NG00,June,2025,2,12
Nigeria,Anambra,Orumba South,NGA,NG004020,NG00,June,2025,1,1
Nigeria,Anambra,Oyi,NGA,NG004021,NG00,June,2025,0,0
Nigeria,Bauchi,Alkaleri,NGA,NG005001,NG00,June,2025,4,2
Nigeria,Bauchi,Bauchi,NGA,NG005002,NG00,June,2025,0,0
Nigeria,Bauchi,Bogoro,NGA,NG005003,NG00,June,2025,0,0
Nigeria,Bauchi,Damban,NGA,NG005004,NG00,June,2025,0,0
Nigeria,Bauchi,Darazo,NGA,NG005005,NG00,June,2025,0,0
Nigeria,Bauchi,Dass,NGA,NG005006,NG00,June,2025,0,0
Nigeria,Bauchi,Gamawa,NGA,NG005007,NG00,June,2025,0,0
Nigeria,Bauchi,Ganjuwa,NGA,NG005008,NG00,June,2025,1,0
Nigeria,Bauchi,Giade,NGA,NG005009,NG00,June,2025,0,0
Nigeria,Bauchi,Itas-Gadau,NGA,NG005010,NG00,June,2025,0,0
Nigeria,Bauchi,Jamaare,NGA,NG005011,NG00,June,2025,0,0
Nigeria,Bauchi,Katagum,NGA,NG005012,NG00,June,2025,0,0
Nigeria,Bauchi,Kirfi,NGA,NG005013,NG00,June,2025,0,0
Nigeria,Bauchi,Misau,NGA,NG005014,NG00,June,2025,0,0
Nigeria,Bauchi,Ningi,NGA,NG005015,NG00,June,2025,0,0
Nigeria,Bauchi,Shira,NGA,NG005016,NG00,June,2025,0,0
Nigeria,Bauchi,Tafawa Balewa,NGA,NG005017,NG00,June,2025,0,0
Nigeria,Bauchi,Toro,NGA,NG005018,NG00,June,2025,0,0
Nigeria,Bauchi,Warji,NGA,NG005019,NG00,June,2025,0,0
Nigeria,Bauchi,Zaki,NGA,NG005020,NG00,June,2025,0,0
Nigeria,Bayelsa,Brass,NGA,NG006001,NG00,June,2025,0,0
Nigeria,Bayelsa,Ekermor,NGA,NG006002,NG00,June,2025,0,0
Nigeria,Bayelsa,Kolokuma,NGA,NG006003,NG00,June,2025,0,0
Nigeria,Bayelsa,Nembe,NGA,NG006004,NG00,June,2025,0,0
Nigeria,Bayelsa,Ogbia,NGA,NG006005,NG00,June,2025,0,0
Nigeria,Bayelsa,Sagbama,NGA,NG006006,NG00,June,2025,0,0
Nigeria,Bayelsa,Southern Ijaw,NGA,NG006007,NG00,June,2025,0,0
Nigeria,Bayelsa,Yenagoa,NGA,NG006008,NG00,June,2025,2,1
Nigeria,Benue,Ado,NGA,NG007001,NG00,June,2025,0,0
Nigeria,Benue,Agatu,NGA,NG007002,NG00,June,2025,4,5
Nigeria,Benue,Apa,NGA,NG007003,NG00,June,2025,3,30
Nigeria,Benue,Buruku,NGA,NG007004,NG00,June,2025,0,0
Nigeria,Benue,Gboko,NGA,NG007005,NG00,June,2025,0,0
Nigeria,Benue,Guma,NGA,NG007006,NG00,June,2025,9,216
Nigeria,Benue,Gwer East,NGA,NG007007,NG00,June,2025,2,2
Nigeria,Benue,Gwer West,NGA,NG007008,NG00,June,2025,1,18
Nigeria,Benue,Katsina Ala,NGA,NG007009,NG00,June,2025,3,3
Nigeria,Benue,Konshisha,NGA,NG007010,NG00,June,2025,2,13
Nigeria,Benue,Kwande,NGA,NG007011,NG00,June,2025,0,0
Nigeria,Benue,Logo,NGA,NG007012,NG00,June,2025,2,2
Nigeria,Benue,Makurdi,NGA,NG007013,NG00,June,2025,8,37
Nigeria,Benue,Obi,NGA,NG007014,NG00,June,2025,0,0
Nigeria,Benue,Ogbadibo,NGA,NG007015,NG00,June,2025,0,0
Nigeria,Benue,Ohimini,NGA,NG007016,NG00,June,2025,0,0
Nigeria,Benue,Oju,NGA,NG007017,NG00,June,2025,0,0
Nigeria,Benue,Okpokwu,NGA,NG007018,NG00,June,2025,1,0
Nigeria,Benue,Otukpo,NGA,NG007019,NG00,June,2025,0,0
Nigeria,Benue,Tarka,NGA,NG007020,NG00,June,2025,3,5
Nigeria,Benue,Ukum,NGA,NG007021,NG00,June,2025,1,0
Nigeria,Benue,Ushongo,NGA,NG007022,NG00,June,2025,0,0
Nigeria,Benue,Vandeikya,NGA,NG007023,NG00,June,2025,1,0
Nigeria,Borno,Abadan,NGA,NG008001,NG00,June,2025,1,12
Nigeria,Borno,Askira Uba,NGA,NG008002,NG00,June,2025,0,0
Nigeria,Borno,Bama,NGA,NG008003,NG00,June,2025,1,1
Nigeria,Borno,Bayo,NGA,NG008004,NG00,June,2025,0,0
Nigeria,Borno,Biu,NGA,NG008005,NG00,June,2025,1,10
Nigeria,Borno,Chibok,NGA,NG008006,NG00,June,2025,1,2
Nigeria,Borno,Damboa,NGA,NG008007,NG00,June,2025,8,54
Nigeria,Borno,Dikwa,NGA,NG008008,NG00,June,2025,0,0
Nigeria,Borno,Gubio,NGA,NG008009,NG00,June,2025,0,0
Nigeria,Borno,Guzamala,NGA,NG008010,NG00,June,2025,1,9
Nigeria,Borno,Gwoza,NGA,NG008011,NG00,June,2025,7,21
Nigeria,Borno,Hawul,NGA,NG008012,NG00,June,2025,0,0
Nigeria,Borno,Jere,NGA,NG008013,NG00,June,2025,0,0
Nigeria,Borno,Kaga,NGA,NG008014,NG00,June,2025,1,0
Nigeria,Borno,Kala Balge,NGA,NG008015,NG00,June,2025,0,0
Nigeria,Borno,Konduga,NGA,NG008016,NG00,June,2025,3,16
Nigeria,Borno,Kukawa,NGA,NG008017,NG00,June,2025,1,20
Nigeria,Borno,Kwaya Kusar,NGA,NG008018,NG00,June,2025,1,0
Nigeria,Borno,Mafa,NGA,NG008019,NG00,June,2025,0,0
Nigeria,Borno,Magumeri,NGA,NG008020,NG00,June,2025,0,0
Nigeria,Borno,Maiduguri Metro,NGA,NG008021,NG00,June,2025,1,1
Nigeria,Borno,Marte,NGA,NG008022,NG00,June,2025,0,0
Nigeria,Borno,Mobbar,NGA,NG008023,NG00,June,2025,0,0
Nigeria,Borno,Monguno,NGA,NG008024,NG00,June,2025,3,21
Nigeria,Borno,Ngala,NGA,NG008025,NG00,June,2025,4,8
Nigeria,Borno,Nganzai,NGA,NG008026,NG00,June,2025,0,0
Nigeria,Borno,Shani,NGA,NG008027,NG00,June,2025,1,0
Nigeria,Cross River,Abi,NGA,NG009001,NG00,June,2025,0,0
Nigeria,Cross River,Akamkpa,NGA,NG009002,NG00,June,2025,0,0
Nigeria,Cross River,Akpabuyo,NGA,NG009003,NG00,June,2025,0,0
Nigeria,Cross River,Bekwara,NGA,NG009006,NG00,June,2025,0,0
Nigeria,Cross River,Biase,NGA,NG009007,NG00,June,2025,0,0
Nigeria,Cross River,Boki,NGA,NG009008,NG00,June,2025,1,2
Nigeria,Cross River,Calabar Municipal,NGA,NG009010,NG00,June,2025,1,0
Nigeria,Cross River,Calabar South,NGA,NG009009,NG00,June,2025,0,0
Nigeria,Cross River,Etung,NGA,NG009011,NG00,June,2025,0,0
Nigeria,Cross River,Ikom,NGA,NG009012,NG00,June,2025,0,0
Nigeria,Cross River,Obanliku,NGA,NG009013,NG00,June,2025,0,0
Nigeria,Cross River,Obubra,NGA,NG009014,NG00,June,2025,0,0
Nigeria,Cross River,Obudu,NGA,NG009015,NG00,June,2025,0,0
Nigeria,Cross River,Odukpani,NGA,NG009016,NG00,June,2025,0,0
Nigeria,Cross River,Ogaja,NGA,NG009017,NG00,June,2025,0,0
Nigeria,Cross River,Yakurr,NGA,NG009018,NG00,June,2025,0,0
Nigeria,Cross River,Yala,NGA,NG009019,NG00,June,2025,0,0
Nigeria,Delta,Aniocha North,NGA,NG010001,NG01,June,2025,0,0
Nigeria,Delta,Aniocha South,NGA,NG010002,NG01,June,2025,1,0
Nigeria,Delta,Bomadi,NGA,NG010003,NG01,June,2025,0,0
Nigeria,Delta,Burutu,NGA,NG010004,NG01,June,2025,0,0
Nigeria,Delta,Ethiope East,NGA,NG010005,NG01,June,2025,4,6
Nigeria,Delta,Ethiope West,NGA,NG010006,NG01,June,2025,0,0
Nigeria,Delta,Ika North East,NGA,NG010007,NG01,June,2025,0,0
Nigeria,Delta,Ika South,NGA,NG010008,NG01,June,2025,0,0
Nigeria,Delta,Isoko North,NGA,NG010009,NG01,June,2025,0,0
Nigeria,Delta,Isoko South,NGA,NG010010,NG01,June,2025,0,0
Nigeria,Delta,Ndokwa East,NGA,NG010011,NG01,June,2025,0,0
Nigeria,Delta,Ndokwa West,NGA,NG010012,NG01,June,2025,0,0
Nigeria,Delta,Okpe,NGA,NG010013,NG01,June,2025,0,0
Nigeria,Delta,Oshimili North,NGA,NG010014,NG01,June,2025,4,2
Nigeria,Delta,Oshimili South,NGA,NG010015,NG01,June,2025,0,0
Nigeria,Delta,Patani,NGA,NG010016,NG01,June,2025,0,0
Nigeria,Delta,Sapele,NGA,NG010017,NG01,June,2025,0,0
Nigeria,Delta,Udu,NGA,NG010018,NG01,June,2025,0,0
Nigeria,Delta,Ughelli North,NGA,NG010019,NG01,June,2025,0,0
Nigeria,Delta,Ughelli South,NGA,NG010020,NG01,June,2025,0,0
Nigeria,Delta,Ukwuani,NGA,NG010021,NG01,June,2025,0,0
Nigeria,Delta,Uvwie,NGA,NG010022,NG01,June,2025,0,0
Nigeria,Delta,Warri North,NGA,NG010023,NG01,June,2025,0,0
Nigeria,Delta,Warri South,NGA,NG010024,NG01,June,2025,0,0
Nigeria,Delta,Warri South-West,NGA,NG010025,NG01,June,2025,0,0
Nigeria,Ebonyi,Abakaliki,NGA,NG011001,NG01,June,2025,0,0
Nigeria,Ebonyi,Afikpo North,NGA,NG011002,NG01,June,2025,0,0
Nigeria,Ebonyi,Afikpo South,NGA,NG011003,NG01,June,2025,1,1
Nigeria,Ebonyi,Ebonyi,NGA,NG011004,NG01,June,2025,0,0
Nigeria,Ebonyi,Ezza North,NGA,NG011005,NG01,June,2025,0,0
Nigeria,Ebonyi,Ezza South,NGA,NG011006,NG01,June,2025,0,0
Nigeria,Ebonyi,Ikwo,NGA,NG011007,NG01,June,2025,0,0
Nigeria,Ebonyi,Ishielu,NGA,NG011008,NG01,June,2025,0,0
Nigeria,Ebonyi,Ivo,NGA,NG011009,NG01,June,2025,0,0
Nigeria,Ebonyi,Izzi,NGA,NG011010,NG01,June,2025,0,0
Nigeria,Ebonyi,Ohaozara,NGA,NG011011,NG01,June,2025,0,0
Nigeria,Ebonyi,Ohaukwu,NGA,NG011012,NG01,June,2025,1,1
Nigeria,Ebonyi,Onicha,NGA,NG011013,NG01,June,2025,0,0
Nigeria,Edo,Akoko Edo,NGA,NG012001,NG01,June,2025,0,0
Nigeria,Edo,Egor,NGA,NG012002,NG01,June,2025,0,0
Nigeria,Edo,Esan Central,NGA,NG012003,NG01,June,2025,0,0
Nigeria,Edo,Esan North East,NGA,NG012004,NG01,June,2025,0,0
Nigeria,Edo,Esan South East,NGA,NG012005,NG01,June,2025,0,0
Nigeria,Edo,Esan West,NGA,NG012006,NG01,June,2025,1,0
Nigeria,Edo,Etsako Central,NGA,NG012007,NG01,June,2025,0,0
Nigeria,Edo,Etsako East,NGA,NG012008,NG01,June,2025,0,0
Nigeria,Edo,Etsako West,NGA,NG012009,NG01,June,2025,1,1
Nigeria,Edo,Igueben,NGA,NG012010,NG01,June,2025,0,0
Nigeria,Edo,Ikpoba Okha,NGA,NG012011,NG01,June,2025,0,0
Nigeria,Edo,Oredo,NGA,NG012012,NG01,June,2025,2,2
Nigeria,Edo,Orhionwon,NGA,NG012013,NG01,June,2025,0,0
Nigeria,Edo,Ovia North East,NGA,NG012014,NG01,June,2025,0,0
Nigeria,Edo,Ovia South West,NGA,NG012015,NG01,June,2025,1,0
Nigeria,Edo,Owan East,NGA,NG012016,NG01,June,2025,0,0
Nigeria,Edo,Owan West,NGA,NG012017,NG01,June,2025,0,0
Nigeria,Edo,Uhunmwode,NGA,NG012018,NG01,June,2025,0,0
Nigeria,Ekiti,Ado Ekiti,NGA,NG013001,NG01,June,2025,0,0
Nigeria,Ekiti,Aiyekire,NGA,NG013002,NG01,June,2025,0,0
Nigeria,Ekiti,Efon,NGA,NG013003,NG01,June,2025,0,0
Nigeria,Ekiti,Ekiti East,NGA,NG013004,NG01,June,2025,0,0
Nigeria,Ekiti,Ekiti South West,NGA,NG013005,NG01,June,2025,0,0
Nigeria,Ekiti,Ekiti West,NGA,NG013006,NG01,June,2025,0,0
Nigeria,Ekiti,Emure,NGA,NG013007,NG01,June,2025,0,0
Nigeria,Ekiti,Ido-Osi,NGA,NG013008,NG01,June,2025,0,0
Nigeria,Ekiti,Ijero,NGA,NG013009,NG01,June,2025,0,0
Nigeria,Ekiti,Ikere,NGA,NG013010,NG01,June,2025,0,0
Nigeria,Ekiti,Ikole,NGA,NG013011,NG01,June,2025,0,0
Nigeria,Ekiti,Ilejemeji,NGA,NG013012,NG01,June,2025,0,0
Nigeria,Ekiti,Irepodun,NGA,NG013013,NG01,June,2025,0,0
Nigeria,Ekiti,Ise,NGA,NG013014,NG01,June,2025,0,0
Nigeria,Ekiti,Moba,NGA,NG013015,NG01,June,2025,0,0
Nigeria,Ekiti,Oye,NGA,NG013016,NG01,June,2025,1,0
Nigeria,Enugu,Agwu,NGA,NG014002,NG01,June,2025,0,0
Nigeria,Enugu,Aninri,NGA,NG014001,NG01,June,2025,0,0
Nigeria,Enugu,Enugu East,NGA,NG014003,NG01,June,2025,0,0
Nigeria,Enugu,Enugu North,NGA,NG014004,NG01,June,2025,1,0
Nigeria,Enugu,Enugu South,NGA,NG014005,NG01,June,2025,0,0
Nigeria,Enugu,Ezeagu,NGA,NG014006,NG01,June,2025,0,0
Nigeria,Enugu,Igbo Etiti,NGA,NG014007,NG01,June,2025,0,0
Nigeria,Enugu,Igbo Eze North,NGA,NG014008,NG01,June,2025,0,0
Nigeria,Enugu,Igbo Eze South,NGA,NG014009,NG01,June,2025,0,0
Nigeria,Enugu,Isi Uzo,NGA,NG014010,NG01,June,2025,4,14
Nigeria,Enugu,Nkanu East,NGA,NG014011,NG01,June,2025,0,0
Nigeria,Enugu,Nkanu West,NGA,NG014012,NG01,June,2025,0,0
Nigeria,Enugu,Nsukka,NGA,NG014013,NG01,June,2025,1,0
Nigeria,Enugu,Oji River,NGA,NG014014,NG01,June,2025,0,0
Nigeria,Enugu,Udenu,NGA,NG014015,NG01,June,2025,0,0
Nigeria,Enugu,Udi,NGA,NG014016,NG01,June,2025,1,0
Nigeria,Enugu,Uzo Uwani,NGA,NG014017,NG01,June,2025,0,0
Nigeria,Federal Capital Territory,Abaji,NGA,NG015001,NG01,June,2025,0,0
Nigeria,Federal Capital Territory,Abuja Municipal,NGA,NG015002,NG01,June,2025,3,1
Nigeria,Federal Capital Territory,Bwari,NGA,NG015003,NG01,June,2025,1,1
Nigeria,Federal Capital Territory,Gwagwalada,NGA,NG015004,NG01,June,2025,1,1
Nigeria,Federal Capital Territory,Kuje,NGA,NG015005,NG01,June,2025,0,0
Nigeria,Federal Capital Territory,Kwali,NGA,NG015006,NG01,June,2025,1,1
Nigeria,Gombe,Akko,NGA,NG016001,NG01,June,2025,1,1
Nigeria,Gombe,Balanga,NGA,NG016002,NG01,June,2025,0,0
Nigeria,Gombe,Billiri,NGA,NG016003,NG01,June,2025,0,0
Nigeria,Gombe,Dukku,NGA,NG016004,NG01,June,2025,0,0
Nigeria,Gombe,Funakaye,NGA,NG016005,NG01,June,2025,0,0
Nigeria,Gombe,Gombe,NGA,NG016006,NG01,June,2025,1,0
Nigeria,Gombe,Kaltungo,NGA,NG016007,NG01,June,2025,0,0
Nigeria,Gombe,Kwami,NGA,NG016008,NG01,June,2025,0,0
Nigeria,Gombe,Nafada,NGA,NG016009,NG01,June,2025,0,0
Nigeria,Gombe,Shomgom,NGA,NG016010,NG01,June,2025,0,0
Nigeria,Gombe,Yamaltu,NGA,NG016011,NG01,June,2025,0,0
Nigeria,Imo,Aboh Mbaise,NGA,NG017001,NG01,June,2025,0,0
Nigeria,Imo,Ahiazu Mbaise,NGA,NG017002,NG01,June,2025,0,0
Nigeria,Imo,Ehime Mbano,NGA,NG017003,NG01,June,2025,0,0
Nigeria,Imo,Ezinihitte Mbaise,NGA,NG017004,NG01,June,2025,0,0
Nigeria,Imo,Ideato North,NGA,NG017005,NG01,June,2025,0,0
Nigeria,Imo,Ideato South,NGA,NG017006,NG01,June,2025,0,0
Nigeria,Imo,Ihitte Uboma,NGA,NG017007,NG01,June,2025,0,0
Nigeria,Imo,Ikeduru,NGA,NG017008,NG01,June,2025,0,0
Nigeria,Imo,Isiala Mbano,NGA,NG017009,NG01,June,2025,0,0
Nigeria,Imo,Isu,NGA,NG017010,NG01,June,2025,0,0
Nigeria,Imo,Mbaitoli,NGA,NG017011,NG01,June,2025,1,4
Nigeria,Imo,Ngor Okpala,NGA,NG017012,NG01,June,2025,0,0
Nigeria,Imo,Njaba,NGA,NG017013,NG01,June,2025,1,4
Nigeria,Imo,Nkwangele,NGA,NG017015,NG01,June,2025,0,0
Nigeria,Imo,Nkwerre,NGA,NG017014,NG01,June,2025,0,0
Nigeria,Imo,Obowo,NGA,NG017016,NG01,June,2025,0,0
Nigeria,Imo,Oguta,NGA,NG017017,NG01,June,2025,3,16
Nigeria,Imo,Ohaji,NGA,NG017018,NG01,June,2025,0,0
Nigeria,Imo,Okigwe,NGA,NG017019,NG01,June,2025,2,2
Nigeria,Imo,Onuimo,NGA,NG017027,NG01,June,2025,0,0
Nigeria,Imo,Orlu,NGA,NG017020,NG01,June,2025,0,0
Nigeria,Imo,Orsu,NGA,NG017021,NG01,June,2025,1,1
Nigeria,Imo,Oru East,NGA,NG017022,NG01,June,2025,0,0
Nigeria,Imo,Oru West,NGA,NG017023,NG01,June,2025,0,0
Nigeria,Imo,Owerri Municipal,NGA,NG017026,NG01,June,2025,0,0
Nigeria,Imo,Owerri North,NGA,NG017024,NG01,June,2025,0,0
Nigeria,Imo,Owerri West,NGA,NG017025,NG01,June,2025,1,1
Nigeria,Jigawa,Auyo,NGA,NG018001,NG01,June,2025,0,0
Nigeria,Jigawa,Babura,NGA,NG018002,NG01,June,2025,0,0
Nigeria,Jigawa,Birnin Kudu,NGA,NG018004,NG01,June,2025,1,0
Nigeria,Jigawa,Birniwa,NGA,NG018003,NG01,June,2025,0,0
Nigeria,Jigawa,Buji,NGA,NG018005,NG01,June,2025,0,0
Nigeria,Jigawa,Dutse,NGA,NG018006,NG01,June,2025,0,0
Nigeria,Jigawa,Gagarawa,NGA,NG018007,NG01,June,2025,0,0
Nigeria,Jigawa,Garki,NGA,NG018008,NG01,June,2025,0,0
Nigeria,Jigawa,Gumel,NGA,NG018009,NG01,June,2025,0,0
Nigeria,Jigawa,Guri,NGA,NG018010,NG01,June,2025,0,0
Nigeria,Jigawa,Gwaram,NGA,NG018011,NG01,June,2025,0,0
Nigeria,Jigawa,Gwiwa,NGA,NG018012,NG01,June,2025,0,0
Nigeria,Jigawa,Hadejia,NGA,NG018013,NG01,June,2025,0,0
Nigeria,Jigawa,Jahun,NGA,NG018014,NG01,June,2025,0,0
Nigeria,Jigawa,Kafin Hausa,NGA,NG018015,NG01,June,2025,0,0
Nigeria,Jigawa,Kaugama,NGA,NG018016,NG01,June,2025,0,0
Nigeria,Jigawa,Kazaure,NGA,NG018017,NG01,June,2025,0,0
Nigeria,Jigawa,Kiri-Kasamma,NGA,NG018018,NG01,June,2025,0,0
Nigeria,Jigawa,Kiyawa,NGA,NG018019,NG01,June,2025,0,0
Nigeria,Jigawa,Maigatari,NGA,NG018020,NG01,June,2025,0,0
Nigeria,Jigawa,Malam Madori,NGA,NG018021,NG01,June,2025,0,0
Nigeria,Jigawa,Miga,NGA,NG018022,NG01,June,2025,0,0
Nigeria,Jigawa,Ringim,NGA,NG018023,NG01,June,2025,0,0
Nigeria,Jigawa,Roni,NGA,NG018024,NG01,June,2025,0,0
Nigeria,Jigawa,Sule Takarkar,NGA,NG018025,NG01,June,2025,0,0
Nigeria,Jigawa,Taura,NGA,NG018026,NG01,June,2025,0,0
Nigeria,Jigawa,Yankwashi,NGA,NG018027,NG01,June,2025,0,0
Nigeria,Kaduna,Birnin Gwari,NGA,NG019001,NG01,June,2025,0,0
Nigeria,Kaduna,Chikun,NGA,NG019002,NG01,June,2025,2,22
Nigeria,Kaduna,Giwa,NGA,NG019003,NG01,June,2025,0,0
Nigeria,Kaduna,Igabi,NGA,NG019004,NG01,June,2025,1,1
Nigeria,Kaduna,Ikara,NGA,NG019005,NG01,June,2025,1,1
Nigeria,Kaduna,Jaba,NGA,NG019006,NG01,June,2025,0,0
Nigeria,Kaduna,Jema'a,NGA,NG019007,NG01,June,2025,0,0
Nigeria,Kaduna,Kachia,NGA,NG019008,NG01,June,2025,1,1
Nigeria,Kaduna,Kaduna North,NGA,NG019009,NG01,June,2025,1,1
Nigeria,Kaduna,Kaduna South,NGA,NG019010,NG01,June,2025,2,3
Nigeria,Kaduna,Kagarko,NGA,NG019011,NG01,June,2025,0,0
Nigeria,Kaduna,Kajuru,NGA,NG019014,NG01,June,2025,3,0
Nigeria,Kaduna,Kaura,NGA,NG019013,NG01,June,2025,0,0
Nigeria,Kaduna,Kauru,NGA,NG019012,NG01,June,2025,0,0
Nigeria,Kaduna,Kubau,NGA,NG019015,NG01,June,2025,0,0
Nigeria,Kaduna,Kudan,NGA,NG019016,NG01,June,2025,0,0
Nigeria,Kaduna,Lere,NGA,NG019017,NG01,June,2025,0,0
Nigeria,Kaduna,Makarfi,NGA,NG019018,NG01,June,2025,0,0
Nigeria,Kaduna,Sabon Gari,NGA,NG019019,NG01,June,2025,0,0
Nigeria,Kaduna,Sanga,NGA,NG019020,NG01,June,2025,0,0
Nigeria,Kaduna,Soba,NGA,NG019021,NG01,June,2025,0,0
Nigeria,Kaduna,Zangon Kataf,NGA,NG019022,NG01,June,2025,0,0
Nigeria,Kaduna,Zaria,NGA,NG019023,NG01,June,2025,1,10
Nigeria,Kano,Ajingi,NGA,NG020001,NG02,June,2025,0,0
Nigeria,Kano,Albasu,NGA,NG020002,NG02,June,2025,0,0
Nigeria,Kano,Bagwai,NGA,NG020003,NG02,June,2025,0,0
Nigeria,Kano,Bebeji,NGA,NG020004,NG02,June,2025,0,0
Nigeria,Kano,Bichi,NGA,NG020005,NG02,June,2025,0,0
Nigeria,Kano,Bunkure,NGA,NG020006,NG02,June,2025,0,0
Nigeria,Kano,Dala,NGA,NG020007,NG02,June,2025,0,0
Nigeria,Kano,Danbatta,NGA,NG020008,NG02,June,2025,0,0
Nigeria,Kano,Dawakin Kudu,NGA,NG020009,NG02,June,2025,0,0
Nigeria,Kano,Dawakin Tofa,NGA,NG020010,NG02,June,2025,0,0
Nigeria,Kano,Doguwa,NGA,NG020011,NG02,June,2025,0,0
Nigeria,Kano,Fagge,NGA,NG020012,NG02,June,2025,0,0
Nigeria,Kano,Gabasawa,NGA,NG020013,NG02,June,2025,0,0
Nigeria,Kano,Garko,NGA,NG020014,NG02,June,2025,0,0
Nigeria,Kano,Garun Mallam,NGA,NG020015,NG02,June,2025,0,0
Nigeria,Kano,Gaya,NGA,NG020016,NG02,June,2025,0,0
Nigeria,Kano,Gezawa,NGA,NG020017,NG02,June,2025,0,0
Nigeria,Kano,Gwale,NGA,NG020018,NG02,June,2025,0,0
Nigeria,Kano,Gwarzo,NGA,NG020019,NG02,June,2025,0,0
Nigeria,Kano,Kabo,NGA,NG020020,NG02,June,2025,0,0
Nigeria,Kano,Kano Municipal,NGA,NG020021,NG02,June,2025,2,6
Nigeria,Kano,Karaye,NGA,NG020022,NG02,June,2025,0,0
Nigeria,Kano,Kibiya,NGA,NG020023,NG02,June,2025,0,0
Nigeria,Kano,Kiru,NGA,NG020024,NG02,June,2025,0,0
Nigeria,Kano,Kumbotso,NGA,NG020025,NG02,June,2025,2,5
Nigeria,Kano,Kunchi,NGA,NG020026,NG02,June,2025,0,0
Nigeria,Kano,Kura,NGA,NG020027,NG02,June,2025,0,0
Nigeria,Kano,Madobi,NGA,NG020028,NG02,June,2025,0,0
Nigeria,Kano,Makoda,NGA,NG020029,NG02,June,2025,0,0
Nigeria,Kano,Minjibir,NGA,NG020030,NG02,June,2025,0,0
Nigeria,Kano,Nassarawa,NGA,NG020031,NG02,June,2025,0,0
Nigeria,Kano,Rano,NGA,NG020032,NG02,June,2025,0,0
Nigeria,Kano,Rimin Gado,NGA,NG020033,NG02,June,2025,0,0
Nigeria,Kano,Rogo,NGA,NG020034,NG02,June,2025,0,0
Nigeria,Kano,Shanono,NGA,NG020035,NG02,June,2025,0,0
Nigeria,Kano,Sumaila,NGA,NG020036,NG02,June,2025,0,0
Nigeria,Kano,Takai,NGA,NG020037,NG02,June,2025,1,0
Nigeria,Kano,Tarauni,NGA,NG020038,NG02,June,2025,0,0
Nigeria,Kano,Tofa,NGA,NG020039,NG02,June,2025,0,0
Nigeria,Kano,Tsanyawa,NGA,NG020040,NG02,June,2025,0,0
Nigeria,Kano,Tudun Wada,NGA,NG020041,NG02,June,2025,0,0
Nigeria,Kano,Ungogo,NGA,NG020042,NG02,June,2025,0,0
Nigeria,Kano,Warawa,NGA,NG020043,NG02,June,2025,0,0
Nigeria,Kano,Wudil,NGA,NG020044,NG02,June,2025,0,0
Nigeria,Katsina,Bakori,NGA,NG021001,NG02,June,2025,2,2
Nigeria,Katsina,Batagarawa,NGA,NG021002,NG02,June,2025,0,0
Nigeria,Katsina,Batsari,NGA,NG021003,NG02,June,2025,2,11
Nigeria,Katsina,Baure,NGA,NG021004,NG02,June,2025,0,0
Nigeria,Katsina,Bindawa,NGA,NG021005,NG02,June,2025,0,0
Nigeria,Katsina,Charanchi,NGA,NG021006,NG02,June,2025,1,1
Nigeria,Katsina,Dan-Musa,NGA,NG021007,NG02,June,2025,1,0
Nigeria,Katsina,Dandume,NGA,NG021008,NG02,June,2025,0,0
Nigeria,Katsina,Danja,NGA,NG021009,NG02,June,2025,3,6
Nigeria,Katsina,Daura,NGA,NG021010,NG02,June,2025,0,0
Nigeria,Katsina,Dutsi,NGA,NG021011,NG02,June,2025,0,0
Nigeria,Katsina,Dutsinma,NGA,NG021012,NG02,June,2025,3,2
Nigeria,Katsina,Faskari,NGA,NG021013,NG02,June,2025,6,2
Nigeria,Katsina,Funtua,NGA,NG021014,NG02,June,2025,0,0
Nigeria,Katsina,Ingawa,NGA,NG021015,NG02,June,2025,0,0
Nigeria,Katsina,Jibia,NGA,NG021016,NG02,June,2025,0,0
Nigeria,Katsina,Kafur,NGA,NG021017,NG02,June,2025,0,0
Nigeria,Katsina,Kaita,NGA,NG021018,NG02,June,2025,0,0
Nigeria,Katsina,Kankara,NGA,NG021019,NG02,June,2025,11,31
Nigeria,Katsina,Kankia,NGA,NG021020,NG02,June,2025,1,0
Nigeria,Katsina,Katsina,NGA,NG021021,NG02,June,2025,0,0
Nigeria,Katsina,Kurfi,NGA,NG021022,NG02,June,2025,4,15
Nigeria,Katsina,Kusada,NGA,NG021023,NG02,June,2025,0,0
Nigeria,Katsina,Maiadua,NGA,NG021024,NG02,June,2025,0,0
Nigeria,Katsina,Malumfashi,NGA,NG021025,NG02,June,2025,3,21
Nigeria,Katsina,Mani,NGA,NG021026,NG02,June,2025,0,0
Nigeria,Katsina,Mashi,NGA,NG021027,NG02,June,2025,0,0
Nigeria,Katsina,Matazu,NGA,NG021028,NG02,June,2025,0,0
Nigeria,Katsina,Musawa,NGA,NG021029,NG02,June,2025,0,0
Nigeria,Katsina,Rimi,NGA,NG021030,NG02,June,2025,0,0
Nigeria,Katsina,Sabuwa,NGA,NG021031,NG02,June,2025,2,0
Nigeria,Katsina,Safana,NGA,NG021032,NG02,June,2025,6,6
Nigeria,Katsina,Sandamu,NGA,NG021033,NG02,June,2025,0,0
Nigeria,Katsina,Zango,NGA,NG021034,NG02,June,2025,0,0
Nigeria,Kebbi,Alieru,NGA,NG022001,NG02,June,2025,0,0
Nigeria,Kebbi,Arewa,NGA,NG022002,NG02,June,2025,0,0
Nigeria,Kebbi,Argungu,NGA,NG022003,NG02,June,2025,0,0
Nigeria,Kebbi,Augie,NGA,NG022004,NG02,June,2025,1,0
Nigeria,Kebbi,Bagudo,NGA,NG022005,NG02,June,2025,0,0
Nigeria,Kebbi,Birnin-Kebbi,NGA,NG022006,NG02,June,2025,0,0
Nigeria,Kebbi,Bunza,NGA,NG022007,NG02,June,2025,0,0
Nigeria,Kebbi,Dandi Kamba,NGA,NG022008,NG02,June,2025,0,0
Nigeria,Kebbi,Danko,NGA,NG022019,NG02,June,2025,0,0
Nigeria,Kebbi,Fakai,NGA,NG022009,NG02,June,2025,0,0
Nigeria,Kebbi,Gwandu,NGA,NG022010,NG02,June,2025,0,0
Nigeria,Kebbi,Jega,NGA,NG022011,NG02,June,2025,0,0
Nigeria,Kebbi,Kalgo,NGA,NG022012,NG02,June,2025,0,0
Nigeria,Kebbi,Koko,NGA,NG022013,NG02,June,2025,0,0
Nigeria,Kebbi,Maiyama,NGA,NG022014,NG02,June,2025,0,0
Nigeria,Kebbi,Ngaski,NGA,NG022015,NG02,June,2025,0,0
Nigeria,Kebbi,Sakaba,NGA,NG022016,NG02,June,2025,1,0
Nigeria,Kebbi,Shanga,NGA,NG022017,NG02,June,2025,0,0
Nigeria,Kebbi,Suru,NGA,NG022018,NG02,June,2025,0,0
Nigeria,Kebbi,Yauri,NGA,NG022020,NG02,June,2025,0,0
Nigeria,Kebbi,Zuru,NGA,NG022021,NG02,June,2025,1,10
Nigeria,Kogi,Adavi,NGA,NG023001,NG02,June,2025,0,0
Nigeria,Kogi,Ajaokuta,NGA,NG023002,NG02,June,2025,0,0
Nigeria,Kogi,Ankpa,NGA,NG023003,NG02,June,2025,0,0
Nigeria,Kogi,Bassa,NGA,NG023004,NG02,June,2025,0,0
Nigeria,Kogi,Dekina,NGA,NG023005,NG02,June,2025,0,0
Nigeria,Kogi,Ibaji,NGA,NG023006,NG02,June,2025,0,0
Nigeria,Kogi,Idah,NGA,NG023007,NG02,June,2025,0,0
Nigeria,Kogi,Igalamela,NGA,NG023008,NG02,June,2025,0,0
Nigeria,Kogi,Ijumu,NGA,NG023009,NG02,June,2025,1,0
Nigeria,Kogi,Kabba,NGA,NG023010,NG02,June,2025,3,3
Nigeria,Kogi,Kogi,NGA,NG023011,NG02,June,2025,0,0
Nigeria,Kogi,Lokoja,NGA,NG023012,NG02,June,2025,2,5
Nigeria,Kogi,Mopa-Muro,NGA,NG023013,NG02,June,2025,0,0
Nigeria,Kogi,Ofu,NGA,NG023014,NG02,June,2025,0,0
Nigeria,Kogi,Ogori,NGA,NG023015,NG02,June,2025,0,0
Nigeria,Kogi,Okehi,NGA,NG023016,NG02,June,2025,0,0
Nigeria,Kogi,Okene,NGA,NG023017,NG02,June,2025,0,0
Nigeria,Kogi,Olamaboro,NGA,NG023018,NG02,June,2025,0,0
Nigeria,Kogi,Omala,NGA,NG023019,NG02,June,2025,1,1
Nigeria,Kogi,Yagba East,NGA,NG023020,NG02,June,2025,2,0
Nigeria,Kogi,Yagba West,NGA,NG023021,NG02,June,2025,0,0
Nigeria,Kwara,Asa,NGA,NG024001,NG02,June,2025,0,0
Nigeria,Kwara,Baruten,NGA,NG024002,NG02,June,2025,8,16
Nigeria,Kwara,Edu,NGA,NG024003,NG02,June,2025,6,1
Nigeria,Kwara,Ekiti,NGA,NG024004,NG02,June,2025,0,0
Nigeria,Kwara,Ifelodun,NGA,NG024005,NG02,June,2025,7,7
Nigeria,Kwara,Ilorin East,NGA,NG024006,NG02,June,2025,0,0
Nigeria,Kwara,Ilorin South,NGA,NG024007,NG02,June,2025,0,0
Nigeria,Kwara,Ilorin West,NGA,NG024008,NG02,June,2025,0,0
Nigeria,Kwara,Irepodun,NGA,NG024009,NG02,June,2025,2,1
Nigeria,Kwara,Kai Ama,NGA,NG024011,NG02,June,2025,0,0
Nigeria,Kwara,Moro,NGA,NG024012,NG02,June,2025,0,0
Nigeria,Kwara,Offa,NGA,NG024013,NG02,June,2025,0,0
Nigeria,Kwara,Oke-Ero,NGA,NG024014,NG02,June,2025,0,0
Nigeria,Kwara,Osin,NGA,NG024010,NG02,June,2025,0,0
Nigeria,Kwara,Oyun,NGA,NG024015,NG02,June,2025,0,0
Nigeria,Kwara,Pategi,NGA,NG024016,NG02,June,2025,9,9
Nigeria,Lagos,Agege,NGA,NG025001,NG02,June,2025,0,0
Nigeria,Lagos,Ajeromi,NGA,NG025002,NG02,June,2025,0,0
Nigeria,Lagos,Alimosho,NGA,NG025003,NG02,June,2025,0,0
Nigeria,Lagos,Amowo-Odofin,NGA,NG025004,NG02,June,2025,0,0
Nigeria,Lagos,Apapa,NGA,NG025005,NG02,June,2025,0,0
Nigeria,Lagos,Badagry,NGA,NG025006,NG02,June,2025,0,0
Nigeria,Lagos,Epe,NGA,NG025007,NG02,June,2025,0,0
Nigeria,Lagos,Eti-Osa,NGA,NG025008,NG02,June,2025,0,0
Nigeria,Lagos,Ibeju-Lekki,NGA,NG025009,NG02,June,2025,0,0
Nigeria,Lagos,Ifako,NGA,NG025010,NG02,June,2025,0,0
Nigeria,Lagos,Ikeja,NGA,NG025011,NG02,June,2025,1,1
Nigeria,Lagos,Ikorodu,NGA,NG025012,NG02,June,2025,0,0
Nigeria,Lagos,Kosofe,NGA,NG025013,NG02,June,2025,0,0
Nigeria,Lagos,Lagos Island,NGA,NG025014,NG02,June,2025,0,0
Nigeria,Lagos,Lagos Mainland,NGA,NG025015,NG02,June,2025,0,0
Nigeria,Lagos,Mushin,NGA,NG025016,NG02,June,2025,0,0
Nigeria,Lagos,Ojo,NGA,NG025017,NG02,June,2025,1,1
Nigeria,Lagos,Oshodi,NGA,NG025018,NG02,June,2025,0,0
Nigeria,Lagos,Somolu,NGA,NG025019,NG02,June,2025,0,0
Nigeria,Lagos,Surulere,NGA,NG025020,NG02,June,2025,0,0
Nigeria,Nassarawa,Akwanga,NGA,NG026001,NG02,June,2025,0,0
Nigeria,Nassarawa,Awe,NGA,NG026002,NG02,June,2025,0,0
Nigeria,Nassarawa,Doma,NGA,NG026003,NG02,June,2025,0,0
Nigeria,Nassarawa,Karu,NGA,NG026004,NG02,June,2025,2,0
Nigeria,Nassarawa,Keana,NGA,NG026005,NG02,June,2025,1,0
Nigeria,Nassarawa,Keffi,NGA,NG026006,NG02,June,2025,0,0
Nigeria,Nassarawa,Kokona,NGA,NG026007,NG02,June,2025,0,0
Nigeria,Nassarawa,Lafia,NGA,NG026008,NG02,June,2025,0,0
Nigeria,Nassarawa,Nasarawa,NGA,NG026009,NG02,June,2025,1,0
Nigeria,Nassarawa,Nasarawa Eggon,NGA,NG026010,NG02,June,2025,0,0
Nigeria,Nassarawa,Obi,NGA,NG026011,NG02,June,2025,1,1
Nigeria,Nassarawa,Toto,NGA,NG026012,NG02,June,2025,0,0
Nigeria,Nassarawa,Wamba,NGA,NG026013,NG02,June,2025,0,0
Nigeria,Niger,Agaie,NGA,NG027001,NG02,June,2025,0,0
Nigeria,Niger,Agwara,NGA,NG027002,NG02,June,2025,0,0
Nigeria,Niger,Bida,NGA,NG027003,NG02,June,2025,0,0
Nigeria,Niger,Borgu,NGA,NG027004,NG02,June,2025,1,0
Nigeria,Niger,Bosso,NGA,NG027005,NG02,June,2025,0,0
Nigeria,Niger,Edati,NGA,NG027017,NG02,June,2025,0,0
Nigeria,Niger,Gbako,NGA,NG027008,NG02,June,2025,0,0
Nigeria,Niger,Gurara,NGA,NG027009,NG02,June,2025,0,0
Nigeria,Niger,Katcha,NGA,NG027010,NG02,June,2025,0,0
Nigeria,Niger,Kontagora,NGA,NG027011,NG02,June,2025,2,1
Nigeria,Niger,Lapai,NGA,NG027012,NG02,June,2025,2,0
Nigeria,Niger,Lavun,NGA,NG027013,NG02,June,2025,0,0
Nigeria,Niger,Magama,NGA,NG027014,NG02,June,2025,0,0
Nigeria,Niger,Mariga,NGA,NG027015,NG02,June,2025,8,59
Nigeria,Niger,Mashegu,NGA,NG027016,NG02,June,2025,0,0
Nigeria,Niger,Minna,NGA,NG027006,NG02,June,2025,1,0
Nigeria,Niger,Mokwa,NGA,NG027017,NG02,June,2025,1,1
Nigeria,Niger,Muya,NGA,NG027018,NG02,June,2025,2,36
Nigeria,Niger,Paikoro,NGA,NG027019,NG02,June,2025,0,0
Nigeria,Niger,Rafi,NGA,NG027020,NG02,June,2025,0,0
Nigeria,Niger,Rijau,NGA,NG027021,NG02,June,2025,0,0
Nigeria,Niger,Shiroro,NGA,NG027022,NG02,June,2025,2,2
Nigeria,Niger,Suleja,NGA,NG027023,NG02,June,2025,1,0
Nigeria,Niger,Tafa,NGA,NG027024,NG02,June,2025,0,0
Nigeria,Niger,Wushishi,NGA,NG027025,NG02,June,2025,0,0
Nigeria,Ogun,Abeokuta North,NGA,NG028001,NG02,June,2025,0,0
Nigeria,Ogun,Abeokuta South,NGA,NG028002,NG02,June,2025,0,0
Nigeria,Ogun,Ado-Odo,NGA,NG028003,NG02,June,2025,0,0
Nigeria,Ogun,Egbado North,NGA,NG028004,NG02,June,2025,0,0
Nigeria,Ogun,Egbado South,NGA,NG028005,NG02,June,2025,0,0
Nigeria,Ogun,Ewekoro,NGA,NG028006,NG02,June,2025,0,0
Nigeria,Ogun,Ifo,NGA,NG028007,NG02,June,2025,1,1
Nigeria,Ogun,Ijebu East,NGA,NG028008,NG02,June,2025,0,0
Nigeria,Ogun,Ijebu North,NGA,NG028009,NG02,June,2025,0,0
Nigeria,Ogun,Ijebu North East,NGA,NG028010,NG02,June,2025,0,0
Nigeria,Ogun,Ijebu Ode,NGA,NG028010,NG02,June,2025,0,0
Nigeria,Ogun,Ikenne,NGA,NG028012,NG02,June,2025,0,0
Nigeria,Ogun,Imeko-Afon,NGA,NG028013,NG02,June,2025,0,0
Nigeria,Ogun,Ipokia,NGA,NG028014,NG02,June,2025,0,0
Nigeria,Ogun,Obafemi,NGA,NG028015,NG02,June,2025,0,0
Nigeria,Ogun,Odedah,NGA,NG028016,NG02,June,2025,0,0
Nigeria,Ogun,Odogbolu,NGA,NG028017,NG02,June,2025,0,0
Nigeria,Ogun,Ogun Waterside,NGA,NG028018,NG02,June,2025,0,0
Nigeria,Ogun,Remo North,NGA,NG028019,NG02,June,2025,0,0
Nigeria,Ogun,Shagamu,NGA,NG028020,NG02,June,2025,0,0
Nigeria,Ondo,Akoko North East,NGA,NG029001,NG02,June,2025,1,0
Nigeria,Ondo,Akoko North West,NGA,NG029002,NG02,June,2025,0,0
Nigeria,Ondo,Akoko South East,NGA,NG029003,NG02,June,2025,0,0
Nigeria,Ondo,Akoko South West,NGA,NG029004,NG02,June,2025,1,1
Nigeria,Ondo,Akure North,NGA,NG029005,NG02,June,2025,0,0
Nigeria,Ondo,Akure South,NGA,NG029006,NG02,June,2025,0,0
Nigeria,Ondo,Ese-Edo,NGA,NG029007,NG02,June,2025,0,0
Nigeria,Ondo,Idanre,NGA,NG029008,NG02,June,2025,0,0
Nigeria,Ondo,Ifedore,NGA,NG029009,NG02,June,2025,0,0
Nigeria,Ondo,Ilaje,NGA,NG029010,NG02,June,2025,0,0
Nigeria,Ondo,Ile-Oluji-Okeigbo,NGA,NG029011,NG02,June,2025,0,0
Nigeria,Ondo,Irele,NGA,NG029012,NG02,June,2025,0,0
Nigeria,Ondo,Odigbo,NGA,NG029013,NG02,June,2025,0,0
Nigeria,Ondo,Okitipupa,NGA,NG029014,NG02,June,2025,0,0
Nigeria,Ondo,Ondo East,NGA,NG029015,NG02,June,2025,0,0
Nigeria,Ondo,Ondo West,NGA,NG029016,NG02,June,2025,1,1
Nigeria,Ondo,Ose,NGA,NG029017,NG02,June,2025,0,0
Nigeria,Ondo,Owo,NGA,NG029018,NG02,June,2025,0,0
Nigeria,Osun,Aiyedade,NGA,NG030001,NG03,June,2025,0,0
Nigeria,Osun,Aiyedire,NGA,NG030002,NG03,June,2025,0,0
Nigeria,Osun,Atakumosa East,NGA,NG030003,NG03,June,2025,0,0
Nigeria,Osun,Atakumosa West,NGA,NG030004,NG03,June,2025,1,1
Nigeria,Osun,Boluwaduro,NGA,NG030005,NG03,June,2025,0,0
Nigeria,Osun,Boripe,NGA,NG030006,NG03,June,2025,0,0
Nigeria,Osun,Ede North,NGA,NG030007,NG03,June,2025,0,0
Nigeria,Osun,Ede South,NGA,NG030008,NG03,June,2025,0,0
Nigeria,Osun,Egbedore,NGA,NG030009,NG03,June,2025,0,0
Nigeria,Osun,Ejigbo,NGA,NG030010,NG03,June,2025,0,0
Nigeria,Osun,Ife Central,NGA,NG030011,NG03,June,2025,0,0
Nigeria,Osun,Ife East,NGA,NG030012,NG03,June,2025,0,0
Nigeria,Osun,Ife North,NGA,NG030013,NG03,June,2025,0,0
Nigeria,Osun,Ife South,NGA,NG030014,NG03,June,2025,0,0
Nigeria,Osun,Ifedayo,NGA,NG030015,NG03,June,2025,0,0
Nigeria,Osun,Ifelodun,NGA,NG030016,NG03,June,2025,0,0
Nigeria,Osun,Ila,NGA,NG030017,NG03,June,2025,0,0
Nigeria,Osun,Ilesha East,NGA,NG030018,NG03,June,2025,0,0
Nigeria,Osun,Ilesha West,NGA,NG030019,NG03,June,2025,0,0
Nigeria,Osun,Irepodun,NGA,NG030020,NG03,June,2025,0,0
Nigeria,Osun,Irewole,NGA,NG030021,NG03,June,2025,0,0
Nigeria,Osun,Isokan,NGA,NG030022,NG03,June,2025,0,0
Nigeria,Osun,Iwo,NGA,NG030023,NG03,June,2025,0,0
Nigeria,Osun,Obokun,NGA,NG030024,NG03,June,2025,1,4
Nigeria,Osun,Odo-Otin,NGA,NG030025,NG03,June,2025,0,0
Nigeria,Osun,Ola-Oluwa,NGA,NG030026,NG03,June,2025,0,0
Nigeria,Osun,Olorunda,NGA,NG030027,NG03,June,2025,0,0
Nigeria,Osun,Oriade,NGA,NG030028,NG03,June,2025,0,0
Nigeria,Osun,Orolu,NGA,NG030029,NG03,June,2025,0,0
Nigeria,Osun,Osogbo,NGA,NG030030,NG03,June,2025,0,0
Nigeria,Oyo,Afijio,NGA,NG031001,NG03,June,2025,0,0
Nigeria,Oyo,Akinyele,NGA,NG031002,NG03,June,2025,2,2
Nigeria,Oyo,Atiba,NGA,NG031003,NG03,June,2025,0,0
Nigeria,Oyo,Atisbo,NGA,NG031004,NG03,June,2025,0,0
Nigeria,Oyo,Egbeda,NGA,NG031005,NG03,June,2025,0,0
Nigeria,Oyo,Ibadan North,NGA,NG031006,NG03,June,2025,0,0
Nigeria,Oyo,Ibadan North East,NGA,NG031007,NG03,June,2025,0,0
Nigeria,Oyo,Ibadan North West,NGA,NG031008,NG03,June,2025,0,0
Nigeria,Oyo,Ibadan South East,NGA,NG031009,NG03,June,2025,0,0
Nigeria,Oyo,Ibadan South West,NGA,NG031010,NG03,June,2025,0,0
Nigeria,Oyo,Ibarapa Central,NGA,NG031011,NG03,June,2025,0,0
Nigeria,Oyo,Ibarapa East,NGA,NG031012,NG03,June,2025,0,0
Nigeria,Oyo,Ibarapa North,NGA,NG031013,NG03,June,2025,0,0
Nigeria,Oyo,Ido,NGA,NG031014,NG03,June,2025,0,0
Nigeria,Oyo,Irepo,NGA,NG031015,NG03,June,2025,0,0
Nigeria,Oyo,Iseyin,NGA,NG031016,NG03,June,2025,0,0
Nigeria,Oyo,Itesiwaju,NGA,NG031017,NG03,June,2025,0,0
Nigeria,Oyo,Iwajowa,NGA,NG031018,NG03,June,2025,0,0
Nigeria,Oyo,Kajola,NGA,NG031019,NG03,June,2025,1,1
Nigeria,Oyo,Lagelu,NGA,NG031020,NG03,June,2025,0,0
Nigeria,Oyo,Ogbomosho North,NGA,NG031021,NG03,June,2025,0,0
Nigeria,Oyo,Ogbomosho South,NGA,NG031022,NG03,June,2025,0,0
Nigeria,Oyo,Ogo-Oluwa,NGA,NG031023,NG03,June,2025,0,0
Nigeria,Oyo,Olorunsogo,NGA,NG031024,NG03,June,2025,0,0
Nigeria,Oyo,Oluyole,NGA,NG031025,NG03,June,2025,0,0
Nigeria,Oyo,Ona-Ara,NGA,NG031026,NG03,June,2025,0,0
Nigeria,Oyo,Orelope,NGA,NG031027,NG03,June,2025,0,0
Nigeria,Oyo,Ori Ire,NGA,NG031028,NG03,June,2025,0,0
Nigeria,Oyo,Oyo East,NGA,NG031029,NG03,June,2025,0,0
Nigeria,Oyo,Oyo West,NGA,NG031030,NG03,June,2025,0,0
Nigeria,Oyo,Saki East,NGA,NG031031,NG03,June,2025,0,0
Nigeria,Oyo,Saki West,NGA,NG031032,NG03,June,2025,0,0
Nigeria,Oyo,Surulere,NGA,NG031033,NG03,June,2025,0,0
Nigeria,Plateau,Barkin Ladi,NGA,NG032001,NG03,June,2025,0,0
Nigeria,Plateau,Bassa,NGA,NG032002,NG03,June,2025,7,20
Nigeria,Plateau,Bokkos,NGA,NG032003,NG03,June,2025,3,25
Nigeria,Plateau,Jos East,NGA,NG032004,NG03,June,2025,0,0
Nigeria,Plateau,Jos North,NGA,NG032005,NG03,June,2025,0,0
Nigeria,Plateau,Jos South,NGA,NG032006,NG03,June,2025,0,0
Nigeria,Plateau,Kanam,NGA,NG032007,NG03,June,2025,0,0
Nigeria,Plateau,Kanke,NGA,NG032008,NG03,June,2025,0,0
Nigeria,Plateau,Langtang North,NGA,NG032009,NG03,June,2025,0,0
Nigeria,Plateau,Langtang South,NGA,NG032010,NG03,June,2025,0,0
Nigeria,Plateau,Mangu,NGA,NG032011,NG03,June,2025,11,63
Nigeria,Plateau,Mikang,NGA,NG032012,NG03,June,2025,0,0
Nigeria,Plateau,Pankshin,NGA,NG032013,NG03,June,2025,0,0
Nigeria,Plateau,Quan-Pan,NGA,NG032014,NG03,June,2025,0,0
Nigeria,Plateau,Riyom,NGA,NG032015,NG03,June,2025,7,4
Nigeria,Plateau,Shendam,NGA,NG032016,NG03,June,2025,0,0
Nigeria,Plateau,Wase,NGA,NG032017,NG03,June,2025,5,14
Nigeria,Rivers,Ahoada,NGA,NG033002,NG03,June,2025,2,2
Nigeria,Rivers,Ahoada West,NGA,NG033003,NG03,June,2025,0,0
Nigeria,Rivers,Akukutoru,NGA,NG033004,NG03,June,2025,0,0
Nigeria,Rivers,Andoni,NGA,NG033005,NG03,June,2025,0,0
Nigeria,Rivers,Asaritoru,NGA,NG033006,NG03,June,2025,0,0
Nigeria,Rivers,Bonny,NGA,NG033007,NG03,June,2025,1,0
Nigeria,Rivers,Degema,NGA,NG033008,NG03,June,2025,0,0
Nigeria,Rivers,Eleme,NGA,NG033009,NG03,June,2025,0,0
Nigeria,Rivers,Emohua,NGA,NG033010,NG03,June,2025,0,0
Nigeria,Rivers,Etche,NGA,NG033011,NG03,June,2025,0,0
Nigeria,Rivers,Gonaka,NGA,NG033012,NG03,June,2025,0,0
Nigeria,Rivers,Ikwerre,NGA,NG033013,NG03,June,2025,0,0
Nigeria,Rivers,Khana,NGA,NG033014,NG03,June,2025,0,0
Nigeria,Rivers,Obio,NGA,NG033015,NG03,June,2025,0,0
Nigeria,Rivers,Obua,NGA,NG033001,NG03,June,2025,0,0
Nigeria,Rivers,Ogba,NGA,NG033016,NG03,June,2025,0,0
Nigeria,Rivers,Ogu,NGA,NG033017,NG03,June,2025,0,0
Nigeria,Rivers,Okrika,NGA,NG033018,NG03,June,2025,0,0
Nigeria,Rivers,Omumma,NGA,NG033019,NG03,June,2025,0,0
Nigeria,Rivers,Opobo,NGA,NG033020,NG03,June,2025,0,0
Nigeria,Rivers,Oyigbo,NGA,NG033021,NG03,June,2025,0,0
Nigeria,Rivers,Port Harcourt,NGA,NG033022,NG03,June,2025,3,3
Nigeria,Rivers,Tai,NGA,NG033023,NG03,June,2025,1,1
Nigeria,Sokoto,Binji,NGA,NG034001,NG03,June,2025,0,0
Nigeria,Sokoto,Bodinga,NGA,NG034002,NG03,June,2025,0,0
Nigeria,Sokoto,Dange-Shuni,NGA,NG034003,NG03,June,2025,0,0
Nigeria,Sokoto,Gada,NGA,NG034004,NG03,June,2025,0,0
Nigeria,Sokoto,Goronyo,NGA,NG034006,NG03,June,2025,0,0
Nigeria,Sokoto,Gudu,NGA,NG034007,NG03,June,2025,0,0
Nigeria,Sokoto,Gwadabawa,NGA,NG034005,NG03,June,2025,0,0
Nigeria,Sokoto,Illela,NGA,NG034008,NG03,June,2025,0,0
Nigeria,Sokoto,Isa,NGA,NG034009,NG03,June,2025,2,8
Nigeria,Sokoto,Kebbe,NGA,NG034010,NG03,June,2025,0,0
Nigeria,Sokoto,Kware,NGA,NG034011,NG03,June,2025,0,0
Nigeria,Sokoto,Rabah,NGA,NG034012,NG03,June,2025,0,0
Nigeria,Sokoto,Sabon Birni,NGA,NG034013,NG03,June,2025,5,14
Nigeria,Sokoto,Shagari,NGA,NG034014,NG03,June,2025,0,0
Nigeria,Sokoto,Silame,NGA,NG034015,NG03,June,2025,0,0
Nigeria,Sokoto,Sokoto North,NGA,NG034016,NG03,June,2025,0,0
Nigeria,Sokoto,Sokoto South,NGA,NG034017,NG03,June,2025,0,0
Nigeria,Sokoto,Tambuwal,NGA,NG034018,NG03,June,2025,0,0
Nigeria,Sokoto,Tangaza,NGA,NG034019,NG03,June,2025,3,12
Nigeria,Sokoto,Tureta,NGA,NG034020,NG03,June,2025,0,0
Nigeria,Sokoto,Wamakko,NGA,NG034021,NG03,June,2025,0,0
Nigeria,Sokoto,Wurno,NGA,NG034022,NG03,June,2025,1,0
Nigeria,Sokoto,Yabo,NGA,NG034023,NG03,June,2025,0,0
Nigeria,Taraba,Ardo Kola,NGA,NG035001,NG03,June,2025,0,0
Nigeria,Taraba,Bali,NGA,NG035002,NG03,June,2025,1,0
Nigeria,Taraba,Donga,NGA,NG035003,NG03,June,2025,0,0
Nigeria,Taraba,Gashaka,NGA,NG035004,NG03,June,2025,0,0
Nigeria,Taraba,Gassol,NGA,NG035005,NG03,June,2025,0,0
Nigeria,Taraba,Ibi,NGA,NG035006,NG03,June,2025,0,0
Nigeria,Taraba,Jalingo,NGA,NG035007,NG03,June,2025,0,0
Nigeria,Taraba,Karim Lamidu,NGA,NG035008,NG03,June,2025,1,1
Nigeria,Taraba,Kurmi,NGA,NG035009,NG03,June,2025,0,0
Nigeria,Taraba,Lau,NGA,NG035010,NG03,June,2025,0,0
Nigeria,Taraba,Sardauna,NGA,NG035011,NG03,June,2025,0,0
Nigeria,Taraba,Takum,NGA,NG035012,NG03,June,2025,0,0
Nigeria,Taraba,Ussa,NGA,NG035013,NG03,June,2025,1,1
Nigeria,Taraba,Wukari,NGA,NG035014,NG03,June,2025,0,0
Nigeria,Taraba,Yorro,NGA,NG035015,NG03,June,2025,0,0
Nigeria,Taraba,Zing,NGA,NG035016,NG03,June,2025,0,0
Nigeria,Yobe,Bade,NGA,NG036001,NG03,June,2025,1,1
Nigeria,Yobe,Bursari,NGA,NG036002,NG03,June,2025,0,0
Nigeria,Yobe,Damaturu,NGA,NG036003,NG03,June,2025,0,0
Nigeria,Yobe,Fika,NGA,NG036004,NG03,June,2025,0,0
Nigeria,Yobe,Fune,NGA,NG036005,NG03,June,2025,0,0
Nigeria,Yobe,Geidam,NGA,NG036006,NG03,June,2025,0,0
Nigeria,Yobe,Gujba,NGA,NG036007,NG03,June,2025,8,26
Nigeria,Yobe,Gulami,NGA,NG036008,NG03,June,2025,0,0
Nigeria,Yobe,Jakusko,NGA,NG036009,NG03,June,2025,0,0
Nigeria,Yobe,Karasuwa,NGA,NG036010,NG03,June,2025,0,0
Nigeria,Yobe,Machina,NGA,NG036011,NG03,June,2025,0,0
Nigeria,Yobe,Nangere,NGA,NG036012,NG03,June,2025,0,0
Nigeria,Yobe,Nguru,NGA,NG036013,NG03,June,2025,0,0
Nigeria,Yobe,Potiskum,NGA,NG036014,NG03,June,2025,0,0
Nigeria,Yobe,Tarmua,NGA,NG036015,NG03,June,2025,0,0
Nigeria,Yobe,Yunusari,NGA,NG036016,NG03,June,2025,1,0
Nigeria,Yobe,Yusufari,NGA,NG036017,NG03,June,2025,0,0
Nigeria,Zamfara,Anka,NGA,NG037001,NG03,June,2025,2,1
Nigeria,Zamfara,Bakura,NGA,NG037002,NG03,June,2025,1,1
Nigeria,Zamfara,Bukkuyum,NGA,NG037004,NG03,June,2025,2,4
Nigeria,Zamfara,Bungudu,NGA,NG037005,NG03,June,2025,2,1
Nigeria,Zamfara,Gummi,NGA,NG037006,NG03,June,2025,1,0
Nigeria,Zamfara,Gusau,NGA,NG037007,NG03,June,2025,8,36
Nigeria,Zamfara,Kaura Namoda,NGA,NG037008,NG03,June,2025,1,1
Nigeria,Zamfara,Kiyawa,NGA,NG037003,NG03,June,2025,0,0
Nigeria,Zamfara,Maradun,NGA,NG037009,NG03,June,2025,4,6
Nigeria,Zamfara,Maru,NGA,NG037010,NG03,June,2025,5,26
Nigeria,Zamfara,Shinkafi,NGA,NG037011,NG03,June,2025,4,41
Nigeria,Zamfara,Talata Mafara,NGA,NG037012,NG03,June,2025,2,3
Nigeria,Zamfara,Tsafe,NGA,NG037013,NG03,June,2025,9,48
Nigeria,Zamfara,Zurmi,NGA,NG037014,NG03,June,2025,10,6
Nigeria,Abia,Aba North,NGA,NG001001,NG00,July,2025,0,0
Nigeria,Abia,Aba South,NGA,NG001002,NG00,July,2025,0,0
Nigeria,Abia,Arochukwu,NGA,NG001003,NG00,July,2025,0,0
Nigeria,Abia,Bende,NGA,NG001004,NG00,July,2025,0,0
Nigeria,Abia,Ikwuano,NGA,NG001005,NG00,July,2025,0,0
Nigeria,Abia,Isiala Ngwa North,NGA,NG001007,NG00,July,2025,0,0
Nigeria,Abia,Isiala Ngwa South,NGA,NG001006,NG00,July,2025,0,0
Nigeria,Abia,Isuikwuato,NGA,NG001008,NG00,July,2025,0,0
Nigeria,Abia,Nneochi,NGA,NG001017,NG00,July,2025,0,0
Nigeria,Abia,Obioma Ngwa,NGA,NG001009,NG00,July,2025,0,0
Nigeria,Abia,Ohafia,NGA,NG001010,NG00,July,2025,0,0
Nigeria,Abia,Osisioma,NGA,NG001011,NG00,July,2025,0,0
Nigeria,Abia,Ugwunagbo,NGA,NG001012,NG00,July,2025,0,0
Nigeria,Abia,Ukwa East,NGA,NG001013,NG00,July,2025,0,0
Nigeria,Abia,Ukwa West,NGA,NG001014,NG00,July,2025,0,0
Nigeria,Abia,Umuahia North,NGA,NG001015,NG00,July,2025,1,2
Nigeria,Abia,Umuahia South,NGA,NG001016,NG00,July,2025,0,0
Nigeria,Adamawa,Demsa,NGA,NG002001,NG00,July,2025,0,0
Nigeria,Adamawa,Fufore,NGA,NG002002,NG00,July,2025,0,0
Nigeria,Adamawa,Ganye,NGA,NG002003,NG00,July,2025,0,0
Nigeria,Adamawa,Girei,NGA,NG002005,NG00,July,2025,0,0
Nigeria,Adamawa,Gombi,NGA,NG002004,NG00,July,2025,0,0
Nigeria,Adamawa,Guyuk,NGA,NG002006,NG00,July,2025,1,1
Nigeria,Adamawa,Hong,NGA,NG002007,NG00,July,2025,0,0
Nigeria,Adamawa,Jada,NGA,NG002008,NG00,July,2025,0,0
Nigeria,Adamawa,Lamurde,NGA,NG002009,NG00,July,2025,1,10
Nigeria,Adamawa,Madagali,NGA,NG002010,NG00,July,2025,3,7
Nigeria,Adamawa,Maiha,NGA,NG002011,NG00,July,2025,0,0
Nigeria,Adamawa,Mayo-Belwa,NGA,NG002012,NG00,July,2025,0,0
Nigeria,Adamawa,Michika,NGA,NG002013,NG00,July,2025,0,0
Nigeria,Adamawa,Mubi North,NGA,NG002014,NG00,July,2025,0,0
Nigeria,Adamawa,Mubi South,NGA,NG002015,NG00,July,2025,0,0
Nigeria,Adamawa,Numan,NGA,NG002016,NG00,July,2025,0,0
Nigeria,Adamawa,Shelleng,NGA,NG002017,NG00,July,2025,0,0
Nigeria,Adamawa,Song,NGA,NG002018,NG00,July,2025,0,0
Nigeria,Adamawa,Toungo,NGA,NG002019,NG00,July,2025,0,0
Nigeria,Adamawa,Yola-North,NGA,NG002021,NG00,July,2025,0,0
Nigeria,Adamawa,Yola-South,NGA,NG002020,NG00,July,2025,0,0
Nigeria,Akwa Ibom,Abak,NGA,NG003001,NG00,July,2025,0,0
Nigeria,Akwa Ibom,Eastern Obolo,NGA,NG003002,NG00,July,2025,0,0
Nigeria,Akwa Ibom,Eket,NGA,NG003003,NG00,July,2025,0,0
Nigeria,Akwa Ibom,Ekpe Atai,NGA,NG003004,NG00,July,2025,0,0
Nigeria,Akwa Ibom,Essien Udim,NGA,NG003005,NG00,July,2025,0,0
Nigeria,Akwa Ibom,Etim Ekpo,NGA,NG003006,NG00,July,2025,0,0
Nigeria,Akwa Ibom,Etinan,NGA,NG003007,NG00,July,2025,0,0
Nigeria,Akwa Ibom,Ibeno,NGA,NG003008,NG00,July,2025,1,0
Nigeria,Akwa Ibom,Ibesikpo Asutan,NGA,NG003009,NG00,July,2025,0,0
Nigeria,Akwa Ibom,Ibiono Ibom,NGA,NG003010,NG00,July,2025,0,0
Nigeria,Akwa Ibom,Ika,NGA,NG003011,NG00,July,2025,0,0
Nigeria,Akwa Ibom,Ikono,NGA,NG003012,NG00,July,2025,0,0
Nigeria,Akwa Ibom,Ikot Abasi,NGA,NG003013,NG00,July,2025,0,0
Nigeria,Akwa Ibom,Ikot Ekpene,NGA,NG003014,NG00,July,2025,0,0
Nigeria,Akwa Ibom,Ini,NGA,NG003015,NG00,July,2025,0,0
Nigeria,Akwa Ibom,Itu,NGA,NG003016,NG00,July,2025,0,0
Nigeria,Akwa Ibom,Mbo,NGA,NG003017,NG00,July,2025,0,0
Nigeria,Akwa Ibom,Mkpat Enin,NGA,NG003018,NG00,July,2025,0,0
Nigeria,Akwa Ibom,Nsit Ibom,NGA,NG003020,NG00,July,2025,0,0
Nigeria,Akwa Ibom,Nsit Ubium,NGA,NG003021,NG00,July,2025,0,0
Nigeria,Akwa Ibom,Obat Akara,NGA,NG003022,NG00,July,2025,0,0
Nigeria,Akwa Ibom,Okobo,NGA,NG003023,NG00,July,2025,0,0
Nigeria,Akwa Ibom,Onna,NGA,NG003024,NG00,July,2025,0,0
Nigeria,Akwa Ibom,Oron,NGA,NG003025,NG00,July,2025,0,0
Nigeria,Akwa Ibom,Oruk Anam,NGA,NG003026,NG00,July,2025,0,0
Nigeria,Akwa Ibom,Udung Uko,NGA,NG003027,NG00,July,2025,0,0
Nigeria,Akwa Ibom,Ukanafun,NGA,NG003028,NG00,July,2025,0,0
Nigeria,Akwa Ibom,Uruan,NGA,NG003029,NG00,July,2025,0,0
Nigeria,Akwa Ibom,Urue Offong,NGA,NG003030,NG00,July,2025,0,0
Nigeria,Akwa Ibom,Uyo,NGA,NG003031,NG00,July,2025,1,1
Nigeria,Anambra,Aguata,NGA,NG004001,NG00,July,2025,3,8
Nigeria,Anambra,Anambra East,NGA,NG004002,NG00,July,2025,0,0
Nigeria,Anambra,Anambra West,NGA,NG004003,NG00,July,2025,0,0
Nigeria,Anambra,Aniocha,NGA,NG004004,NG00,July,2025,0,0
Nigeria,Anambra,Awka North,NGA,NG004005,NG00,July,2025,0,0
Nigeria,Anambra,Awka South,NGA,NG004006,NG00,July,2025,2,1
Nigeria,Anambra,Ayamelum,NGA,NG004007,NG00,July,2025,0,0
Nigeria,Anambra,Dunukofia,NGA,NG004008,NG00,July,2025,0,0
Nigeria,Anambra,Ekwusigwo,NGA,NG004009,NG00,July,2025,0,0
Nigeria,Anambra,Idemili North,NGA,NG004010,NG00,July,2025,0,0
Nigeria,Anambra,Idemili South,NGA,NG004011,NG00,July,2025,0,0
Nigeria,Anambra,Ihiala,NGA,NG004012,NG00,July,2025,1,3
Nigeria,Anambra,Njikoka,NGA,NG004013,NG00,July,2025,1,0
Nigeria,Anambra,Nnewi North,NGA,NG004014,NG00,July,2025,0,0
Nigeria,Anambra,Nnewi South,NGA,NG004015,NG00,July,2025,0,0
Nigeria,Anambra,Ogbaru,NGA,NG004016,NG00,July,2025,0,0
Nigeria,Anambra,Onisha North,NGA,NG004017,NG00,July,2025,0,0
Nigeria,Anambra,Onisha South,NGA,NG004018,NG00,July,2025,0,0
Nigeria,Anambra,Orumba North,NGA,NG004019,NG00,July,2025,0,0
Nigeria,Anambra,Orumba South,NGA,NG004020,NG00,July,2025,0,0
Nigeria,Anambra,Oyi,NGA,NG004021,NG00,July,2025,0,0
Nigeria,Bauchi,Alkaleri,NGA,NG005001,NG00,July,2025,3,6
Nigeria,Bauchi,Bauchi,NGA,NG005002,NG00,July,2025,0,0
Nigeria,Bauchi,Bogoro,NGA,NG005003,NG00,July,2025,0,0
Nigeria,Bauchi,Damban,NGA,NG005004,NG00,July,2025,0,0
Nigeria,Bauchi,Darazo,NGA,NG005005,NG00,July,2025,3,0
Nigeria,Bauchi,Dass,NGA,NG005006,NG00,July,2025,0,0
Nigeria,Bauchi,Gamawa,NGA,NG005007,NG00,July,2025,0,0
Nigeria,Bauchi,Ganjuwa,NGA,NG005008,NG00,July,2025,0,0
Nigeria,Bauchi,Giade,NGA,NG005009,NG00,July,2025,0,0
Nigeria,Bauchi,Itas-Gadau,NGA,NG005010,NG00,July,2025,1,1
Nigeria,Bauchi,Jamaare,NGA,NG005011,NG00,July,2025,0,0
Nigeria,Bauchi,Katagum,NGA,NG005012,NG00,July,2025,0,0
Nigeria,Bauchi,Kirfi,NGA,NG005013,NG00,July,2025,0,0
Nigeria,Bauchi,Misau,NGA,NG005014,NG00,July,2025,0,0
Nigeria,Bauchi,Ningi,NGA,NG005015,NG00,July,2025,0,0
Nigeria,Bauchi,Shira,NGA,NG005016,NG00,July,2025,0,0
Nigeria,Bauchi,Tafawa Balewa,NGA,NG005017,NG00,July,2025,0,0
Nigeria,Bauchi,Toro,NGA,NG005018,NG00,July,2025,0,0
Nigeria,Bauchi,Warji,NGA,NG005019,NG00,July,2025,0,0
Nigeria,Bauchi,Zaki,NGA,NG005020,NG00,July,2025,0,0
Nigeria,Bayelsa,Brass,NGA,NG006001,NG00,July,2025,0,0
Nigeria,Bayelsa,Ekermor,NGA,NG006002,NG00,July,2025,0,0
Nigeria,Bayelsa,Kolokuma,NGA,NG006003,NG00,July,2025,2,0
Nigeria,Bayelsa,Nembe,NGA,NG006004,NG00,July,2025,0,0
Nigeria,Bayelsa,Ogbia,NGA,NG006005,NG00,July,2025,0,0
Nigeria,Bayelsa,Sagbama,NGA,NG006006,NG00,July,2025,0,0
Nigeria,Bayelsa,Southern Ijaw,NGA,NG006007,NG00,July,2025,1,1
Nigeria,Bayelsa,Yenagoa,NGA,NG006008,NG00,July,2025,0,0
Nigeria,Benue,Ado,NGA,NG007001,NG00,July,2025,0,0
Nigeria,Benue,Agatu,NGA,NG007002,NG00,July,2025,0,0
Nigeria,Benue,Apa,NGA,NG007003,NG00,July,2025,0,0
Nigeria,Benue,Buruku,NGA,NG007004,NG00,July,2025,0,0
Nigeria,Benue,Gboko,NGA,NG007005,NG00,July,2025,1,3
Nigeria,Benue,Guma,NGA,NG007006,NG00,July,2025,11,13
Nigeria,Benue,Gwer East,NGA,NG007007,NG00,July,2025,0,0
Nigeria,Benue,Gwer West,NGA,NG007008,NG00,July,2025,2,2
Nigeria,Benue,Katsina Ala,NGA,NG007009,NG00,July,2025,5,3
Nigeria,Benue,Konshisha,NGA,NG007010,NG00,July,2025,0,0
Nigeria,Benue,Kwande,NGA,NG007011,NG00,July,2025,0,0
Nigeria,Benue,Logo,NGA,NG007012,NG00,July,2025,2,4
Nigeria,Benue,Makurdi,NGA,NG007013,NG00,July,2025,1,0
Nigeria,Benue,Obi,NGA,NG007014,NG00,July,2025,0,0
Nigeria,Benue,Ogbadibo,NGA,NG007015,NG00,July,2025,0,0
Nigeria,Benue,Ohimini,NGA,NG007016,NG00,July,2025,0,0
Nigeria,Benue,Oju,NGA,NG007017,NG00,July,2025,0,0
Nigeria,Benue,Okpokwu,NGA,NG007018,NG00,July,2025,0,0
Nigeria,Benue,Otukpo,NGA,NG007019,NG00,July,2025,0,0
Nigeria,Benue,Tarka,NGA,NG007020,NG00,July,2025,0,0
Nigeria,Benue,Ukum,NGA,NG007021,NG00,July,2025,4,3
Nigeria,Benue,Ushongo,NGA,NG007022,NG00,July,2025,0,0
Nigeria,Benue,Vandeikya,NGA,NG007023,NG00,July,2025,0,0
Nigeria,Borno,Abadan,NGA,NG008001,NG00,July,2025,4,31
Nigeria,Borno,Askira Uba,NGA,NG008002,NG00,July,2025,1,0
Nigeria,Borno,Bama,NGA,NG008003,NG00,July,2025,5,11
Nigeria,Borno,Bayo,NGA,NG008004,NG00,July,2025,0,0
Nigeria,Borno,Biu,NGA,NG008005,NG00,July,2025,1,2
Nigeria,Borno,Chibok,NGA,NG008006,NG00,July,2025,0,0
Nigeria,Borno,Damboa,NGA,NG008007,NG00,July,2025,2,0
Nigeria,Borno,Dikwa,NGA,NG008008,NG00,July,2025,3,1
Nigeria,Borno,Gubio,NGA,NG008009,NG00,July,2025,0,0
Nigeria,Borno,Guzamala,NGA,NG008010,NG00,July,2025,0,0
Nigeria,Borno,Gwoza,NGA,NG008011,NG00,July,2025,13,45
Nigeria,Borno,Hawul,NGA,NG008012,NG00,July,2025,0,0
Nigeria,Borno,Jere,NGA,NG008013,NG00,July,2025,0,0
Nigeria,Borno,Kaga,NGA,NG008014,NG00,July,2025,3,8
Nigeria,Borno,Kala Balge,NGA,NG008015,NG00,July,2025,1,0
Nigeria,Borno,Konduga,NGA,NG008016,NG00,July,2025,9,11
Nigeria,Borno,Kukawa,NGA,NG008017,NG00,July,2025,2,40
Nigeria,Borno,Kwaya Kusar,NGA,NG008018,NG00,July,2025,0,0
Nigeria,Borno,Mafa,NGA,NG008019,NG00,July,2025,4,9
Nigeria,Borno,Magumeri,NGA,NG008020,NG00,July,2025,3,10
Nigeria,Borno,Maiduguri Metro,NGA,NG008021,NG00,July,2025,1,1
Nigeria,Borno,Marte,NGA,NG008022,NG00,July,2025,1,0
Nigeria,Borno,Mobbar,NGA,NG008023,NG00,July,2025,1,0
Nigeria,Borno,Monguno,NGA,NG008024,NG00,July,2025,3,5
Nigeria,Borno,Ngala,NGA,NG008025,NG00,July,2025,3,2
Nigeria,Borno,Nganzai,NGA,NG008026,NG00,July,2025,2,2
Nigeria,Borno,Shani,NGA,NG008027,NG00,July,2025,0,0
Nigeria,Cross River,Abi,NGA,NG009001,NG00,July,2025,0,0
Nigeria,Cross River,Akamkpa,NGA,NG009002,NG00,July,2025,0,0
Nigeria,Cross River,Akpabuyo,NGA,NG009003,NG00,July,2025,0,0
Nigeria,Cross River,Bekwara,NGA,NG009006,NG00,July,2025,0,0
Nigeria,Cross River,Biase,NGA,NG009007,NG00,July,2025,2,10
Nigeria,Cross River,Boki,NGA,NG009008,NG00,July,2025,0,0
Nigeria,Cross River,Calabar Municipal,NGA,NG009010,NG00,July,2025,0,0
Nigeria,Cross River,Calabar South,NGA,NG009009,NG00,July,2025,2,0
Nigeria,Cross River,Etung,NGA,NG009011,NG00,July,2025,0,0
Nigeria,Cross River,Ikom,NGA,NG009012,NG00,July,2025,2,2
Nigeria,Cross River,Obanliku,NGA,NG009013,NG00,July,2025,0,0
Nigeria,Cross River,Obubra,NGA,NG009014,NG00,July,2025,0,0
Nigeria,Cross River,Obudu,NGA,NG009015,NG00,July,2025,0,0
Nigeria,Cross River,Odukpani,NGA,NG009016,NG00,July,2025,0,0
Nigeria,Cross River,Ogaja,NGA,NG009017,NG00,July,2025,0,0
Nigeria,Cross River,Yakurr,NGA,NG009018,NG00,July,2025,0,0
Nigeria,Cross River,Yala,NGA,NG009019,NG00,July,2025,0,0
Nigeria,Delta,Aniocha North,NGA,NG010001,NG01,July,2025,0,0
Nigeria,Delta,Aniocha South,NGA,NG010002,NG01,July,2025,4,6
Nigeria,Delta,Bomadi,NGA,NG010003,NG01,July,2025,0,0
Nigeria,Delta,Burutu,NGA,NG010004,NG01,July,2025,0,0
Nigeria,Delta,Ethiope East,NGA,NG010005,NG01,July,2025,0,0
Nigeria,Delta,Ethiope West,NGA,NG010006,NG01,July,2025,0,0
Nigeria,Delta,Ika North East,NGA,NG010007,NG01,July,2025,0,0
Nigeria,Delta,Ika South,NGA,NG010008,NG01,July,2025,0,0
Nigeria,Delta,Isoko North,NGA,NG010009,NG01,July,2025,0,0
Nigeria,Delta,Isoko South,NGA,NG010010,NG01,July,2025,0,0
Nigeria,Delta,Ndokwa East,NGA,NG010011,NG01,July,2025,0,0
Nigeria,Delta,Ndokwa West,NGA,NG010012,NG01,July,2025,0,0
Nigeria,Delta,Okpe,NGA,NG010013,NG01,July,2025,0,0
Nigeria,Delta,Oshimili North,NGA,NG010014,NG01,July,2025,0,0
Nigeria,Delta,Oshimili South,NGA,NG010015,NG01,July,2025,1,2
Nigeria,Delta,Patani,NGA,NG010016,NG01,July,2025,0,0
Nigeria,Delta,Sapele,NGA,NG010017,NG01,July,2025,0,0
Nigeria,Delta,Udu,NGA,NG010018,NG01,July,2025,0,0
Nigeria,Delta,Ughelli North,NGA,NG010019,NG01,July,2025,3,6
Nigeria,Delta,Ughelli South,NGA,NG010020,NG01,July,2025,0,0
Nigeria,Delta,Ukwuani,NGA,NG010021,NG01,July,2025,0,0
Nigeria,Delta,Uvwie,NGA,NG010022,NG01,July,2025,0,0
Nigeria,Delta,Warri North,NGA,NG010023,NG01,July,2025,0,0
Nigeria,Delta,Warri South,NGA,NG010024,NG01,July,2025,0,0
Nigeria,Delta,Warri South-West,NGA,NG010025,NG01,July,2025,0,0
Nigeria,Ebonyi,Abakaliki,NGA,NG011001,NG01,July,2025,0,0
Nigeria,Ebonyi,Afikpo North,NGA,NG011002,NG01,July,2025,1,0
Nigeria,Ebonyi,Afikpo South,NGA,NG011003,NG01,July,2025,3,3
Nigeria,Ebonyi,Ebonyi,NGA,NG011004,NG01,July,2025,0,0
Nigeria,Ebonyi,Ezza North,NGA,NG011005,NG01,July,2025,0,0
Nigeria,Ebonyi,Ezza South,NGA,NG011006,NG01,July,2025,0,0
Nigeria,Ebonyi,Ikwo,NGA,NG011007,NG01,July,2025,0,0
Nigeria,Ebonyi,Ishielu,NGA,NG011008,NG01,July,2025,1,2
Nigeria,Ebonyi,Ivo,NGA,NG011009,NG01,July,2025,0,0
Nigeria,Ebonyi,Izzi,NGA,NG011010,NG01,July,2025,0,0
Nigeria,Ebonyi,Ohaozara,NGA,NG011011,NG01,July,2025,0,0
Nigeria,Ebonyi,Ohaukwu,NGA,NG011012,NG01,July,2025,0,0
Nigeria,Ebonyi,Onicha,NGA,NG011013,NG01,July,2025,0,0
Nigeria,Edo,Akoko Edo,NGA,NG012001,NG01,July,2025,0,0
Nigeria,Edo,Egor,NGA,NG012002,NG01,July,2025,3,4
Nigeria,Edo,Esan Central,NGA,NG012003,NG01,July,2025,0,0
Nigeria,Edo,Esan North East,NGA,NG012004,NG01,July,2025,1,0
Nigeria,Edo,Esan South East,NGA,NG012005,NG01,July,2025,1,0
Nigeria,Edo,Esan West,NGA,NG012006,NG01,July,2025,0,0
Nigeria,Edo,Etsako Central,NGA,NG012007,NG01,July,2025,1,3
Nigeria,Edo,Etsako East,NGA,NG012008,NG01,July,2025,2,2
Nigeria,Edo,Etsako West,NGA,NG012009,NG01,July,2025,0,0
Nigeria,Edo,Igueben,NGA,NG012010,NG01,July,2025,0,0
Nigeria,Edo,Ikpoba Okha,NGA,NG012011,NG01,July,2025,0,0
Nigeria,Edo,Oredo,NGA,NG012012,NG01,July,2025,5,6
Nigeria,Edo,Orhionwon,NGA,NG012013,NG01,July,2025,0,0
Nigeria,Edo,Ovia North East,NGA,NG012014,NG01,July,2025,2,4
Nigeria,Edo,Ovia South West,NGA,NG012015,NG01,July,2025,0,0
Nigeria,Edo,Owan East,NGA,NG012016,NG01,July,2025,0,0
Nigeria,Edo,Owan West,NGA,NG012017,NG01,July,2025,0,0
Nigeria,Edo,Uhunmwode,NGA,NG012018,NG01,July,2025,0,0
Nigeria,Ekiti,Ado Ekiti,NGA,NG013001,NG01,July,2025,0,0
Nigeria,Ekiti,Aiyekire,NGA,NG013002,NG01,July,2025,0,0
Nigeria,Ekiti,Efon,NGA,NG013003,NG01,July,2025,0,0
Nigeria,Ekiti,Ekiti East,NGA,NG013004,NG01,July,2025,0,0
Nigeria,Ekiti,Ekiti South West,NGA,NG013005,NG01,July,2025,0,0
Nigeria,Ekiti,Ekiti West,NGA,NG013006,NG01,July,2025,0,0
Nigeria,Ekiti,Emure,NGA,NG013007,NG01,July,2025,0,0
Nigeria,Ekiti,Ido-Osi,NGA,NG013008,NG01,July,2025,0,0
Nigeria,Ekiti,Ijero,NGA,NG013009,NG01,July,2025,0,0
Nigeria,Ekiti,Ikere,NGA,NG013010,NG01,July,2025,0,0
Nigeria,Ekiti,Ikole,NGA,NG013011,NG01,July,2025,0,0
Nigeria,Ekiti,Ilejemeji,NGA,NG013012,NG01,July,2025,0,0
Nigeria,Ekiti,Irepodun,NGA,NG013013,NG01,July,2025,0,0
Nigeria,Ekiti,Ise,NGA,NG013014,NG01,July,2025,0,0
Nigeria,Ekiti,Moba,NGA,NG013015,NG01,July,2025,0,0
Nigeria,Ekiti,Oye,NGA,NG013016,NG01,July,2025,0,0
Nigeria,Enugu,Agwu,NGA,NG014002,NG01,July,2025,0,0
Nigeria,Enugu,Aninri,NGA,NG014001,NG01,July,2025,0,0
Nigeria,Enugu,Enugu East,NGA,NG014003,NG01,July,2025,1,0
Nigeria,Enugu,Enugu North,NGA,NG014004,NG01,July,2025,0,0
Nigeria,Enugu,Enugu South,NGA,NG014005,NG01,July,2025,0,0
Nigeria,Enugu,Ezeagu,NGA,NG014006,NG01,July,2025,0,0
Nigeria,Enugu,Igbo Etiti,NGA,NG014007,NG01,July,2025,0,0
Nigeria,Enugu,Igbo Eze North,NGA,NG014008,NG01,July,2025,0,0
Nigeria,Enugu,Igbo Eze South,NGA,NG014009,NG01,July,2025,0,0
Nigeria,Enugu,Isi Uzo,NGA,NG014010,NG01,July,2025,0,0
Nigeria,Enugu,Nkanu East,NGA,NG014011,NG01,July,2025,0,0
Nigeria,Enugu,Nkanu West,NGA,NG014012,NG01,July,2025,0,0
Nigeria,Enugu,Nsukka,NGA,NG014013,NG01,July,2025,1,1
Nigeria,Enugu,Oji River,NGA,NG014014,NG01,July,2025,0,0
Nigeria,Enugu,Udenu,NGA,NG014015,NG01,July,2025,0,0
Nigeria,Enugu,Udi,NGA,NG014016,NG01,July,2025,1,0
Nigeria,Enugu,Uzo Uwani,NGA,NG014017,NG01,July,2025,0,0
Nigeria,Federal Capital Territory,Abaji,NGA,NG015001,NG01,July,2025,0,0
Nigeria,Federal Capital Territory,Abuja Municipal,NGA,NG015002,NG01,July,2025,9,4
Nigeria,Federal Capital Territory,Bwari,NGA,NG015003,NG01,July,2025,0,0
Nigeria,Federal Capital Territory,Gwagwalada,NGA,NG015004,NG01,July,2025,4,3
Nigeria,Federal Capital Territory,Kuje,NGA,NG015005,NG01,July,2025,0,0
Nigeria,Federal Capital Territory,Kwali,NGA,NG015006,NG01,July,2025,0,0
Nigeria,Gombe,Akko,NGA,NG016001,NG01,July,2025,0,0
Nigeria,Gombe,Balanga,NGA,NG016002,NG01,July,2025,0,0
Nigeria,Gombe,Billiri,NGA,NG016003,NG01,July,2025,0,0
Nigeria,Gombe,Dukku,NGA,NG016004,NG01,July,2025,0,0
Nigeria,Gombe,Funakaye,NGA,NG016005,NG01,July,2025,0,0
Nigeria,Gombe,Gombe,NGA,NG016006,NG01,July,2025,0,0
Nigeria,Gombe,Kaltungo,NGA,NG016007,NG01,July,2025,0,0
Nigeria,Gombe,Kwami,NGA,NG016008,NG01,July,2025,0,0
Nigeria,Gombe,Nafada,NGA,NG016009,NG01,July,2025,0,0
Nigeria,Gombe,Shomgom,NGA,NG016010,NG01,July,2025,0,0
Nigeria,Gombe,Yamaltu,NGA,NG016011,NG01,July,2025,0,0
Nigeria,Imo,Aboh Mbaise,NGA,NG017001,NG01,July,2025,0,0
Nigeria,Imo,Ahiazu Mbaise,NGA,NG017002,NG01,July,2025,0,0
Nigeria,Imo,Ehime Mbano,NGA,NG017003,NG01,July,2025,2,0
Nigeria,Imo,Ezinihitte Mbaise,NGA,NG017004,NG01,July,2025,0,0
Nigeria,Imo,Ideato North,NGA,NG017005,NG01,July,2025,3,7
Nigeria,Imo,Ideato South,NGA,NG017006,NG01,July,2025,0,0
Nigeria,Imo,Ihitte Uboma,NGA,NG017007,NG01,July,2025,0,0
Nigeria,Imo,Ikeduru,NGA,NG017008,NG01,July,2025,0,0
Nigeria,Imo,Isiala Mbano,NGA,NG017009,NG01,July,2025,0,0
Nigeria,Imo,Isu,NGA,NG017010,NG01,July,2025,0,0
Nigeria,Imo,Mbaitoli,NGA,NG017011,NG01,July,2025,0,0
Nigeria,Imo,Ngor Okpala,NGA,NG017012,NG01,July,2025,0,0
Nigeria,Imo,Njaba,NGA,NG017013,NG01,July,2025,0,0
Nigeria,Imo,Nkwangele,NGA,NG017015,NG01,July,2025,0,0
Nigeria,Imo,Nkwerre,NGA,NG017014,NG01,July,2025,0,0
Nigeria,Imo,Obowo,NGA,NG017016,NG01,July,2025,1,0
Nigeria,Imo,Oguta,NGA,NG017017,NG01,July,2025,0,0
Nigeria,Imo,Ohaji,NGA,NG017018,NG01,July,2025,0,0
Nigeria,Imo,Okigwe,NGA,NG017019,NG01,July,2025,2,2
Nigeria,Imo,Onuimo,NGA,NG017027,NG01,July,2025,0,0
Nigeria,Imo,Orlu,NGA,NG017020,NG01,July,2025,1,2
Nigeria,Imo,Orsu,NGA,NG017021,NG01,July,2025,0,0
Nigeria,Imo,Oru East,NGA,NG017022,NG01,July,2025,0,0
Nigeria,Imo,Oru West,NGA,NG017023,NG01,July,2025,0,0
Nigeria,Imo,Owerri Municipal,NGA,NG017026,NG01,July,2025,0,0
Nigeria,Imo,Owerri North,NGA,NG017024,NG01,July,2025,0,0
Nigeria,Imo,Owerri West,NGA,NG017025,NG01,July,2025,0,0
Nigeria,Jigawa,Auyo,NGA,NG018001,NG01,July,2025,0,0
Nigeria,Jigawa,Babura,NGA,NG018002,NG01,July,2025,0,0
Nigeria,Jigawa,Birnin Kudu,NGA,NG018004,NG01,July,2025,0,0
Nigeria,Jigawa,Birniwa,NGA,NG018003,NG01,July,2025,0,0
Nigeria,Jigawa,Buji,NGA,NG018005,NG01,July,2025,0,0
Nigeria,Jigawa,Dutse,NGA,NG018006,NG01,July,2025,0,0
Nigeria,Jigawa,Gagarawa,NGA,NG018007,NG01,July,2025,0,0
Nigeria,Jigawa,Garki,NGA,NG018008,NG01,July,2025,0,0
Nigeria,Jigawa,Gumel,NGA,NG018009,NG01,July,2025,0,0
Nigeria,Jigawa,Guri,NGA,NG018010,NG01,July,2025,0,0
Nigeria,Jigawa,Gwaram,NGA,NG018011,NG01,July,2025,0,0
Nigeria,Jigawa,Gwiwa,NGA,NG018012,NG01,July,2025,0,0
Nigeria,Jigawa,Hadejia,NGA,NG018013,NG01,July,2025,0,0
Nigeria,Jigawa,Jahun,NGA,NG018014,NG01,July,2025,0,0
Nigeria,Jigawa,Kafin Hausa,NGA,NG018015,NG01,July,2025,0,0
Nigeria,Jigawa,Kaugama,NGA,NG018016,NG01,July,2025,0,0
Nigeria,Jigawa,Kazaure,NGA,NG018017,NG01,July,2025,0,0
Nigeria,Jigawa,Kiri-Kasamma,NGA,NG018018,NG01,July,2025,0,0
Nigeria,Jigawa,Kiyawa,NGA,NG018019,NG01,July,2025,0,0
Nigeria,Jigawa,Maigatari,NGA,NG018020,NG01,July,2025,0,0
Nigeria,Jigawa,Malam Madori,NGA,NG018021,NG01,July,2025,0,0
Nigeria,Jigawa,Miga,NGA,NG018022,NG01,July,2025,0,0
Nigeria,Jigawa,Ringim,NGA,NG018023,NG01,July,2025,0,0
Nigeria,Jigawa,Roni,NGA,NG018024,NG01,July,2025,0,0
Nigeria,Jigawa,Sule Takarkar,NGA,NG018025,NG01,July,2025,0,0
Nigeria,Jigawa,Taura,NGA,NG018026,NG01,July,2025,0,0
Nigeria,Jigawa,Yankwashi,NGA,NG018027,NG01,July,2025,0,0
Nigeria,Kaduna,Birnin Gwari,NGA,NG019001,NG01,July,2025,0,0
Nigeria,Kaduna,Chikun,NGA,NG019002,NG01,July,2025,1,1
Nigeria,Kaduna,Giwa,NGA,NG019003,NG01,July,2025,0,0
Nigeria,Kaduna,Igabi,NGA,NG019004,NG01,July,2025,1,1
Nigeria,Kaduna,Ikara,NGA,NG019005,NG01,July,2025,0,0
Nigeria,Kaduna,Jaba,NGA,NG019006,NG01,July,2025,0,0
Nigeria,Kaduna,Jema'a,NGA,NG019007,NG01,July,2025,1,1
Nigeria,Kaduna,Kachia,NGA,NG019008,NG01,July,2025,2,2
Nigeria,Kaduna,Kaduna North,NGA,NG019009,NG01,July,2025,0,0
Nigeria,Kaduna,Kaduna South,NGA,NG019010,NG01,July,2025,1,1
Nigeria,Kaduna,Kagarko,NGA,NG019011,NG01,July,2025,0,0
Nigeria,Kaduna,Kajuru,NGA,NG019014,NG01,July,2025,2,5
Nigeria,Kaduna,Kaura,NGA,NG019013,NG01,July,2025,0,0
Nigeria,Kaduna,Kauru,NGA,NG019012,NG01,July,2025,1,1
Nigeria,Kaduna,Kubau,NGA,NG019015,NG01,July,2025,0,0
Nigeria,Kaduna,Kudan,NGA,NG019016,NG01,July,2025,0,0
Nigeria,Kaduna,Lere,NGA,NG019017,NG01,July,2025,0,0
Nigeria,Kaduna,Makarfi,NGA,NG019018,NG01,July,2025,0,0
Nigeria,Kaduna,Sabon Gari,NGA,NG019019,NG01,July,2025,0,0
Nigeria,Kaduna,Sanga,NGA,NG019020,NG01,July,2025,1,1
Nigeria,Kaduna,Soba,NGA,NG019021,NG01,July,2025,0,0
Nigeria,Kaduna,Zangon Kataf,NGA,NG019022,NG01,July,2025,0,0
Nigeria,Kaduna,Zaria,NGA,NG019023,NG01,July,2025,0,0
Nigeria,Kano,Ajingi,NGA,NG020001,NG02,July,2025,0,0
Nigeria,Kano,Albasu,NGA,NG020002,NG02,July,2025,0,0
Nigeria,Kano,Bagwai,NGA,NG020003,NG02,July,2025,0,0
Nigeria,Kano,Bebeji,NGA,NG020004,NG02,July,2025,0,0
Nigeria,Kano,Bichi,NGA,NG020005,NG02,July,2025,0,0
Nigeria,Kano,Bunkure,NGA,NG020006,NG02,July,2025,0,0
Nigeria,Kano,Dala,NGA,NG020007,NG02,July,2025,0,0
Nigeria,Kano,Danbatta,NGA,NG020008,NG02,July,2025,0,0
Nigeria,Kano,Dawakin Kudu,NGA,NG020009,NG02,July,2025,0,0
Nigeria,Kano,Dawakin Tofa,NGA,NG020010,NG02,July,2025,0,0
Nigeria,Kano,Doguwa,NGA,NG020011,NG02,July,2025,0,0
Nigeria,Kano,Fagge,NGA,NG020012,NG02,July,2025,0,0
Nigeria,Kano,Gabasawa,NGA,NG020013,NG02,July,2025,0,0
Nigeria,Kano,Garko,NGA,NG020014,NG02,July,2025,0,0
Nigeria,Kano,Garun Mallam,NGA,NG020015,NG02,July,2025,0,0
Nigeria,Kano,Gaya,NGA,NG020016,NG02,July,2025,0,0
Nigeria,Kano,Gezawa,NGA,NG020017,NG02,July,2025,0,0
Nigeria,Kano,Gwale,NGA,NG020018,NG02,July,2025,0,0
Nigeria,Kano,Gwarzo,NGA,NG020019,NG02,July,2025,0,0
Nigeria,Kano,Kabo,NGA,NG020020,NG02,July,2025,0,0
Nigeria,Kano,Kano Municipal,NGA,NG020021,NG02,July,2025,3,0
Nigeria,Kano,Karaye,NGA,NG020022,NG02,July,2025,0,0
Nigeria,Kano,Kibiya,NGA,NG020023,NG02,July,2025,0,0
Nigeria,Kano,Kiru,NGA,NG020024,NG02,July,2025,0,0
Nigeria,Kano,Kumbotso,NGA,NG020025,NG02,July,2025,0,0
Nigeria,Kano,Kunchi,NGA,NG020026,NG02,July,2025,0,0
Nigeria,Kano,Kura,NGA,NG020027,NG02,July,2025,0,0
Nigeria,Kano,Madobi,NGA,NG020028,NG02,July,2025,0,0
Nigeria,Kano,Makoda,NGA,NG020029,NG02,July,2025,0,0
Nigeria,Kano,Minjibir,NGA,NG020030,NG02,July,2025,0,0
Nigeria,Kano,Nassarawa,NGA,NG020031,NG02,July,2025,0,0
Nigeria,Kano,Rano,NGA,NG020032,NG02,July,2025,0,0
Nigeria,Kano,Rimin Gado,NGA,NG020033,NG02,July,2025,0,0
Nigeria,Kano,Rogo,NGA,NG020034,NG02,July,2025,0,0
Nigeria,Kano,Shanono,NGA,NG020035,NG02,July,2025,0,0
Nigeria,Kano,Sumaila,NGA,NG020036,NG02,July,2025,0,0
Nigeria,Kano,Takai,NGA,NG020037,NG02,July,2025,0,0
Nigeria,Kano,Tarauni,NGA,NG020038,NG02,July,2025,0,0
Nigeria,Kano,Tofa,NGA,NG020039,NG02,July,2025,0,0
Nigeria,Kano,Tsanyawa,NGA,NG020040,NG02,July,2025,0,0
Nigeria,Kano,Tudun Wada,NGA,NG020041,NG02,July,2025,0,0
Nigeria,Kano,Ungogo,NGA,NG020042,NG02,July,2025,0,0
Nigeria,Kano,Warawa,NGA,NG020043,NG02,July,2025,0,0
Nigeria,Kano,Wudil,NGA,NG020044,NG02,July,2025,0,0
Nigeria,Katsina,Bakori,NGA,NG021001,NG02,July,2025,2,6
Nigeria,Katsina,Batagarawa,NGA,NG021002,NG02,July,2025,1,2
Nigeria,Katsina,Batsari,NGA,NG021003,NG02,July,2025,0,0
Nigeria,Katsina,Baure,NGA,NG021004,NG02,July,2025,0,0
Nigeria,Katsina,Bindawa,NGA,NG021005,NG02,July,2025,0,0
Nigeria,Katsina,Charanchi,NGA,NG021006,NG02,July,2025,0,0
Nigeria,Katsina,Dan-Musa,NGA,NG021007,NG02,July,2025,1,1
Nigeria,Katsina,Dandume,NGA,NG021008,NG02,July,2025,3,0
Nigeria,Katsina,Danja,NGA,NG021009,NG02,July,2025,0,0
Nigeria,Katsina,Daura,NGA,NG021010,NG02,July,2025,0,0
Nigeria,Katsina,Dutsi,NGA,NG021011,NG02,July,2025,0,0
Nigeria,Katsina,Dutsinma,NGA,NG021012,NG02,July,2025,14,15
Nigeria,Katsina,Faskari,NGA,NG021013,NG02,July,2025,16,63
Nigeria,Katsina,Funtua,NGA,NG021014,NG02,July,2025,2,3
Nigeria,Katsina,Ingawa,NGA,NG021015,NG02,July,2025,0,0
Nigeria,Katsina,Jibia,NGA,NG021016,NG02,July,2025,0,0
Nigeria,Katsina,Kafur,NGA,NG021017,NG02,July,2025,3,4
Nigeria,Katsina,Kaita,NGA,NG021018,NG02,July,2025,0,0
Nigeria,Katsina,Kankara,NGA,NG021019,NG02,July,2025,3,3
Nigeria,Katsina,Kankia,NGA,NG021020,NG02,July,2025,2,2
Nigeria,Katsina,Katsina,NGA,NG021021,NG02,July,2025,0,0
Nigeria,Katsina,Kurfi,NGA,NG021022,NG02,July,2025,3,8
Nigeria,Katsina,Kusada,NGA,NG021023,NG02,July,2025,0,0
Nigeria,Katsina,Maiadua,NGA,NG021024,NG02,July,2025,0,0
Nigeria,Katsina,Malumfashi,NGA,NG021025,NG02,July,2025,2,2
Nigeria,Katsina,Mani,NGA,NG021026,NG02,July,2025,0,0
Nigeria,Katsina,Mashi,NGA,NG021027,NG02,July,2025,0,0
Nigeria,Katsina,Matazu,NGA,NG021028,NG02,July,2025,4,6
Nigeria,Katsina,Musawa,NGA,NG021029,NG02,July,2025,0,0
Nigeria,Katsina,Rimi,NGA,NG021030,NG02,July,2025,0,0
Nigeria,Katsina,Sabuwa,NGA,NG021031,NG02,July,2025,5,9
Nigeria,Katsina,Safana,NGA,NG021032,NG02,July,2025,0,0
Nigeria,Katsina,Sandamu,NGA,NG021033,NG02,July,2025,0,0
Nigeria,Katsina,Zango,NGA,NG021034,NG02,July,2025,0,0
Nigeria,Kebbi,Alieru,NGA,NG022001,NG02,July,2025,0,0
Nigeria,Kebbi,Arewa,NGA,NG022002,NG02,July,2025,0,0
Nigeria,Kebbi,Argungu,NGA,NG022003,NG02,July,2025,0,0
Nigeria,Kebbi,Augie,NGA,NG022004,NG02,July,2025,1,0
Nigeria,Kebbi,Bagudo,NGA,NG022005,NG02,July,2025,0,0
Nigeria,Kebbi,Birnin-Kebbi,NGA,NG022006,NG02,July,2025,1,1
Nigeria,Kebbi,Bunza,NGA,NG022007,NG02,July,2025,2,9
Nigeria,Kebbi,Dandi Kamba,NGA,NG022008,NG02,July,2025,0,0
Nigeria,Kebbi,Danko,NGA,NG022019,NG02,July,2025,3,10
Nigeria,Kebbi,Fakai,NGA,NG022009,NG02,July,2025,0,0
Nigeria,Kebbi,Gwandu,NGA,NG022010,NG02,July,2025,0,0
Nigeria,Kebbi,Jega,NGA,NG022011,NG02,July,2025,0,0
Nigeria,Kebbi,Kalgo,NGA,NG022012,NG02,July,2025,0,0
Nigeria,Kebbi,Koko,NGA,NG022013,NG02,July,2025,0,0
Nigeria,Kebbi,Maiyama,NGA,NG022014,NG02,July,2025,0,0
Nigeria,Kebbi,Ngaski,NGA,NG022015,NG02,July,2025,0,0
Nigeria,Kebbi,Sakaba,NGA,NG022016,NG02,July,2025,1,10
Nigeria,Kebbi,Shanga,NGA,NG022017,NG02,July,2025,2,0
Nigeria,Kebbi,Suru,NGA,NG022018,NG02,July,2025,0,0
Nigeria,Kebbi,Yauri,NGA,NG022020,NG02,July,2025,0,0
Nigeria,Kebbi,Zuru,NGA,NG022021,NG02,July,2025,0,0
Nigeria,Kogi,Adavi,NGA,NG023001,NG02,July,2025,1,1
Nigeria,Kogi,Ajaokuta,NGA,NG023002,NG02,July,2025,0,0
Nigeria,Kogi,Ankpa,NGA,NG023003,NG02,July,2025,0,0
Nigeria,Kogi,Bassa,NGA,NG023004,NG02,July,2025,1,0
Nigeria,Kogi,Dekina,NGA,NG023005,NG02,July,2025,2,0
Nigeria,Kogi,Ibaji,NGA,NG023006,NG02,July,2025,0,0
Nigeria,Kogi,Idah,NGA,NG023007,NG02,July,2025,0,0
Nigeria,Kogi,Igalamela,NGA,NG023008,NG02,July,2025,1,2
Nigeria,Kogi,Ijumu,NGA,NG023009,NG02,July,2025,0,0
Nigeria,Kogi,Kabba,NGA,NG023010,NG02,July,2025,0,0
Nigeria,Kogi,Kogi,NGA,NG023011,NG02,July,2025,0,0
Nigeria,Kogi,Lokoja,NGA,NG023012,NG02,July,2025,4,0
Nigeria,Kogi,Mopa-Muro,NGA,NG023013,NG02,July,2025,0,0
Nigeria,Kogi,Ofu,NGA,NG023014,NG02,July,2025,0,0
Nigeria,Kogi,Ogori,NGA,NG023015,NG02,July,2025,0,0
Nigeria,Kogi,Okehi,NGA,NG023016,NG02,July,2025,0,0
Nigeria,Kogi,Okene,NGA,NG023017,NG02,July,2025,0,0
Nigeria,Kogi,Olamaboro,NGA,NG023018,NG02,July,2025,0,0
Nigeria,Kogi,Omala,NGA,NG023019,NG02,July,2025,0,0
Nigeria,Kogi,Yagba East,NGA,NG023020,NG02,July,2025,1,0
Nigeria,Kogi,Yagba West,NGA,NG023021,NG02,July,2025,1,0
Nigeria,Kwara,Asa,NGA,NG024001,NG02,July,2025,0,0
Nigeria,Kwara,Baruten,NGA,NG024002,NG02,July,2025,0,0
Nigeria,Kwara,Edu,NGA,NG024003,NG02,July,2025,7,3
Nigeria,Kwara,Ekiti,NGA,NG024004,NG02,July,2025,0,0
Nigeria,Kwara,Ifelodun,NGA,NG024005,NG02,July,2025,1,1
Nigeria,Kwara,Ilorin East,NGA,NG024006,NG02,July,2025,1,1
Nigeria,Kwara,Ilorin South,NGA,NG024007,NG02,July,2025,0,0
Nigeria,Kwara,Ilorin West,NGA,NG024008,NG02,July,2025,1,2
Nigeria,Kwara,Irepodun,NGA,NG024009,NG02,July,2025,0,0
Nigeria,Kwara,Kai Ama,NGA,NG024011,NG02,July,2025,3,8
Nigeria,Kwara,Moro,NGA,NG024012,NG02,July,2025,0,0
Nigeria,Kwara,Offa,NGA,NG024013,NG02,July,2025,0,0
Nigeria,Kwara,Oke-Ero,NGA,NG024014,NG02,July,2025,0,0
Nigeria,Kwara,Osin,NGA,NG024010,NG02,July,2025,0,0
Nigeria,Kwara,Oyun,NGA,NG024015,NG02,July,2025,0,0
Nigeria,Kwara,Pategi,NGA,NG024016,NG02,July,2025,2,0
Nigeria,Lagos,Agege,NGA,NG025001,NG02,July,2025,0,0
Nigeria,Lagos,Ajeromi,NGA,NG025002,NG02,July,2025,0,0
Nigeria,Lagos,Alimosho,NGA,NG025003,NG02,July,2025,1,1
Nigeria,Lagos,Amowo-Odofin,NGA,NG025004,NG02,July,2025,0,0
Nigeria,Lagos,Apapa,NGA,NG025005,NG02,July,2025,0,0
Nigeria,Lagos,Badagry,NGA,NG025006,NG02,July,2025,0,0
Nigeria,Lagos,Epe,NGA,NG025007,NG02,July,2025,0,0
Nigeria,Lagos,Eti-Osa,NGA,NG025008,NG02,July,2025,1,1
Nigeria,Lagos,Ibeju-Lekki,NGA,NG025009,NG02,July,2025,2,2
Nigeria,Lagos,Ifako,NGA,NG025010,NG02,July,2025,0,0
Nigeria,Lagos,Ikeja,NGA,NG025011,NG02,July,2025,0,0
Nigeria,Lagos,Ikorodu,NGA,NG025012,NG02,July,2025,1,0
Nigeria,Lagos,Kosofe,NGA,NG025013,NG02,July,2025,0,0
Nigeria,Lagos,Lagos Island,NGA,NG025014,NG02,July,2025,2,2
Nigeria,Lagos,Lagos Mainland,NGA,NG025015,NG02,July,2025,4,4
Nigeria,Lagos,Mushin,NGA,NG025016,NG02,July,2025,1,1
Nigeria,Lagos,Ojo,NGA,NG025017,NG02,July,2025,2,1
Nigeria,Lagos,Oshodi,NGA,NG025018,NG02,July,2025,0,0
Nigeria,Lagos,Somolu,NGA,NG025019,NG02,July,2025,0,0
Nigeria,Lagos,Surulere,NGA,NG025020,NG02,July,2025,0,0
Nigeria,Nassarawa,Akwanga,NGA,NG026001,NG02,July,2025,0,0
Nigeria,Nassarawa,Awe,NGA,NG026002,NG02,July,2025,0,0
Nigeria,Nassarawa,Doma,NGA,NG026003,NG02,July,2025,0,0
Nigeria,Nassarawa,Karu,NGA,NG026004,NG02,July,2025,0,0
Nigeria,Nassarawa,Keana,NGA,NG026005,NG02,July,2025,1,1
Nigeria,Nassarawa,Keffi,NGA,NG026006,NG02,July,2025,0,0
Nigeria,Nassarawa,Kokona,NGA,NG026007,NG02,July,2025,0,0
Nigeria,Nassarawa,Lafia,NGA,NG026008,NG02,July,2025,3,0
Nigeria,Nassarawa,Nasarawa,NGA,NG026009,NG02,July,2025,0,0
Nigeria,Nassarawa,Nasarawa Eggon,NGA,NG026010,NG02,July,2025,0,0
Nigeria,Nassarawa,Obi,NGA,NG026011,NG02,July,2025,0,0
Nigeria,Nassarawa,Toto,NGA,NG026012,NG02,July,2025,0,0
Nigeria,Nassarawa,Wamba,NGA,NG026013,NG02,July,2025,0,0
Nigeria,Niger,Agaie,NGA,NG027001,NG02,July,2025,0,0
Nigeria,Niger,Agwara,NGA,NG027002,NG02,July,2025,0,0
Nigeria,Niger,Bida,NGA,NG027003,NG02,July,2025,0,0
Nigeria,Niger,Borgu,NGA,NG027004,NG02,July,2025,4,2
Nigeria,Niger,Bosso,NGA,NG027005,NG02,July,2025,0,0
Nigeria,Niger,Edati,NGA,NG027017,NG02,July,2025,1,2
Nigeria,Niger,Gbako,NGA,NG027008,NG02,July,2025,0,0
Nigeria,Niger,Gurara,NGA,NG027009,NG02,July,2025,0,0
Nigeria,Niger,Katcha,NGA,NG027010,NG02,July,2025,1,1
Nigeria,Niger,Kontagora,NGA,NG027011,NG02,July,2025,2,0
Nigeria,Niger,Lapai,NGA,NG027012,NG02,July,2025,0,0
Nigeria,Niger,Lavun,NGA,NG027013,NG02,July,2025,0,0
Nigeria,Niger,Magama,NGA,NG027014,NG02,July,2025,2,1
Nigeria,Niger,Mariga,NGA,NG027015,NG02,July,2025,9,24
Nigeria,Niger,Mashegu,NGA,NG027016,NG02,July,2025,3,6
Nigeria,Niger,Minna,NGA,NG027006,NG02,July,2025,1,0
Nigeria,Niger,Mokwa,NGA,NG027017,NG02,July,2025,1,1
Nigeria,Niger,Muya,NGA,NG027018,NG02,July,2025,1,0
Nigeria,Niger,Paikoro,NGA,NG027019,NG02,July,2025,0,0
Nigeria,Niger,Rafi,NGA,NG027020,NG02,July,2025,3,7
Nigeria,Niger,Rijau,NGA,NG027021,NG02,July,2025,2,16
Nigeria,Niger,Shiroro,NGA,NG027022,NG02,July,2025,2,49
Nigeria,Niger,Suleja,NGA,NG027023,NG02,July,2025,0,0
Nigeria,Niger,Tafa,NGA,NG027024,NG02,July,2025,1,0
Nigeria,Niger,Wushishi,NGA,NG027025,NG02,July,2025,0,0
Nigeria,Ogun,Abeokuta North,NGA,NG028001,NG02,July,2025,0,0
Nigeria,Ogun,Abeokuta South,NGA,NG028002,NG02,July,2025,0,0
Nigeria,Ogun,Ado-Odo,NGA,NG028003,NG02,July,2025,1,1
Nigeria,Ogun,Egbado North,NGA,NG028004,NG02,July,2025,0,0
Nigeria,Ogun,Egbado South,NGA,NG028005,NG02,July,2025,0,0
Nigeria,Ogun,Ewekoro,NGA,NG028006,NG02,July,2025,0,0
Nigeria,Ogun,Ifo,NGA,NG028007,NG02,July,2025,0,0
Nigeria,Ogun,Ijebu East,NGA,NG028008,NG02,July,2025,0,0
Nigeria,Ogun,Ijebu North,NGA,NG028009,NG02,July,2025,0,0
Nigeria,Ogun,Ijebu North East,NGA,NG028010,NG02,July,2025,0,0
Nigeria,Ogun,Ijebu Ode,NGA,NG028010,NG02,July,2025,0,0
Nigeria,Ogun,Ikenne,NGA,NG028012,NG02,July,2025,0,0
Nigeria,Ogun,Imeko-Afon,NGA,NG028013,NG02,July,2025,0,0
Nigeria,Ogun,Ipokia,NGA,NG028014,NG02,July,2025,0,0
Nigeria,Ogun,Obafemi,NGA,NG028015,NG02,July,2025,2,2
Nigeria,Ogun,Odedah,NGA,NG028016,NG02,July,2025,0,0
Nigeria,Ogun,Odogbolu,NGA,NG028017,NG02,July,2025,0,0
Nigeria,Ogun,Ogun Waterside,NGA,NG028018,NG02,July,2025,0,0
Nigeria,Ogun,Remo North,NGA,NG028019,NG02,July,2025,0,0
Nigeria,Ogun,Shagamu,NGA,NG028020,NG02,July,2025,0,0
Nigeria,Ondo,Akoko North East,NGA,NG029001,NG02,July,2025,1,0
Nigeria,Ondo,Akoko North West,NGA,NG029002,NG02,July,2025,0,0
Nigeria,Ondo,Akoko South East,NGA,NG029003,NG02,July,2025,0,0
Nigeria,Ondo,Akoko South West,NGA,NG029004,NG02,July,2025,0,0
Nigeria,Ondo,Akure North,NGA,NG029005,NG02,July,2025,2,1
Nigeria,Ondo,Akure South,NGA,NG029006,NG02,July,2025,2,0
Nigeria,Ondo,Ese-Edo,NGA,NG029007,NG02,July,2025,0,0
Nigeria,Ondo,Idanre,NGA,NG029008,NG02,July,2025,0,0
Nigeria,Ondo,Ifedore,NGA,NG029009,NG02,July,2025,0,0
Nigeria,Ondo,Ilaje,NGA,NG029010,NG02,July,2025,0,0
Nigeria,Ondo,Ile-Oluji-Okeigbo,NGA,NG029011,NG02,July,2025,0,0
Nigeria,Ondo,Irele,NGA,NG029012,NG02,July,2025,0,0
Nigeria,Ondo,Odigbo,NGA,NG029013,NG02,July,2025,1,1
Nigeria,Ondo,Okitipupa,NGA,NG029014,NG02,July,2025,0,0
Nigeria,Ondo,Ondo East,NGA,NG029015,NG02,July,2025,0,0
Nigeria,Ondo,Ondo West,NGA,NG029016,NG02,July,2025,0,0
Nigeria,Ondo,Ose,NGA,NG029017,NG02,July,2025,0,0
Nigeria,Ondo,Owo,NGA,NG029018,NG02,July,2025,0,0
Nigeria,Osun,Aiyedade,NGA,NG030001,NG03,July,2025,0,0
Nigeria,Osun,Aiyedire,NGA,NG030002,NG03,July,2025,0,0
Nigeria,Osun,Atakumosa East,NGA,NG030003,NG03,July,2025,0,0
Nigeria,Osun,Atakumosa West,NGA,NG030004,NG03,July,2025,0,0
Nigeria,Osun,Boluwaduro,NGA,NG030005,NG03,July,2025,0,0
Nigeria,Osun,Boripe,NGA,NG030006,NG03,July,2025,0,0
Nigeria,Osun,Ede North,NGA,NG030007,NG03,July,2025,0,0
Nigeria,Osun,Ede South,NGA,NG030008,NG03,July,2025,0,0
Nigeria,Osun,Egbedore,NGA,NG030009,NG03,July,2025,0,0
Nigeria,Osun,Ejigbo,NGA,NG030010,NG03,July,2025,0,0
Nigeria,Osun,Ife Central,NGA,NG030011,NG03,July,2025,0,0
Nigeria,Osun,Ife East,NGA,NG030012,NG03,July,2025,0,0
Nigeria,Osun,Ife North,NGA,NG030013,NG03,July,2025,0,0
Nigeria,Osun,Ife South,NGA,NG030014,NG03,July,2025,0,0
Nigeria,Osun,Ifedayo,NGA,NG030015,NG03,July,2025,0,0
Nigeria,Osun,Ifelodun,NGA,NG030016,NG03,July,2025,0,0
Nigeria,Osun,Ila,NGA,NG030017,NG03,July,2025,0,0
Nigeria,Osun,Ilesha East,NGA,NG030018,NG03,July,2025,0,0
Nigeria,Osun,Ilesha West,NGA,NG030019,NG03,July,2025,0,0
Nigeria,Osun,Irepodun,NGA,NG030020,NG03,July,2025,0,0
Nigeria,Osun,Irewole,NGA,NG030021,NG03,July,2025,0,0
Nigeria,Osun,Isokan,NGA,NG030022,NG03,July,2025,0,0
Nigeria,Osun,Iwo,NGA,NG030023,NG03,July,2025,0,0
Nigeria,Osun,Obokun,NGA,NG030024,NG03,July,2025,0,0
Nigeria,Osun,Odo-Otin,NGA,NG030025,NG03,July,2025,0,0
Nigeria,Osun,Ola-Oluwa,NGA,NG030026,NG03,July,2025,0,0
Nigeria,Osun,Olorunda,NGA,NG030027,NG03,July,2025,0,0
Nigeria,Osun,Oriade,NGA,NG030028,NG03,July,2025,0,0
Nigeria,Osun,Orolu,NGA,NG030029,NG03,July,2025,0,0
Nigeria,Osun,Osogbo,NGA,NG030030,NG03,July,2025,1,0
Nigeria,Oyo,Afijio,NGA,NG031001,NG03,July,2025,0,0
Nigeria,Oyo,Akinyele,NGA,NG031002,NG03,July,2025,1,1
Nigeria,Oyo,Atiba,NGA,NG031003,NG03,July,2025,0,0
Nigeria,Oyo,Atisbo,NGA,NG031004,NG03,July,2025,0,0
Nigeria,Oyo,Egbeda,NGA,NG031005,NG03,July,2025,0,0
Nigeria,Oyo,Ibadan North,NGA,NG031006,NG03,July,2025,0,0
Nigeria,Oyo,Ibadan North East,NGA,NG031007,NG03,July,2025,0,0
Nigeria,Oyo,Ibadan North West,NGA,NG031008,NG03,July,2025,0,0
Nigeria,Oyo,Ibadan South East,NGA,NG031009,NG03,July,2025,0,0
Nigeria,Oyo,Ibadan South West,NGA,NG031010,NG03,July,2025,0,0
Nigeria,Oyo,Ibarapa Central,NGA,NG031011,NG03,July,2025,0,0
Nigeria,Oyo,Ibarapa East,NGA,NG031012,NG03,July,2025,0,0
Nigeria,Oyo,Ibarapa North,NGA,NG031013,NG03,July,2025,0,0
Nigeria,Oyo,Ido,NGA,NG031014,NG03,July,2025,0,0
Nigeria,Oyo,Irepo,NGA,NG031015,NG03,July,2025,0,0
Nigeria,Oyo,Iseyin,NGA,NG031016,NG03,July,2025,0,0
Nigeria,Oyo,Itesiwaju,NGA,NG031017,NG03,July,2025,1,3
Nigeria,Oyo,Iwajowa,NGA,NG031018,NG03,July,2025,0,0
Nigeria,Oyo,Kajola,NGA,NG031019,NG03,July,2025,0,0
Nigeria,Oyo,Lagelu,NGA,NG031020,NG03,July,2025,0,0
Nigeria,Oyo,Ogbomosho North,NGA,NG031021,NG03,July,2025,0,0
Nigeria,Oyo,Ogbomosho South,NGA,NG031022,NG03,July,2025,0,0
Nigeria,Oyo,Ogo-Oluwa,NGA,NG031023,NG03,July,2025,0,0
Nigeria,Oyo,Olorunsogo,NGA,NG031024,NG03,July,2025,1,0
Nigeria,Oyo,Oluyole,NGA,NG031025,NG03,July,2025,0,0
Nigeria,Oyo,Ona-Ara,NGA,NG031026,NG03,July,2025,0,0
Nigeria,Oyo,Orelope,NGA,NG031027,NG03,July,2025,0,0
Nigeria,Oyo,Ori Ire,NGA,NG031028,NG03,July,2025,0,0
Nigeria,Oyo,Oyo East,NGA,NG031029,NG03,July,2025,0,0
Nigeria,Oyo,Oyo West,NGA,NG031030,NG03,July,2025,0,0
Nigeria,Oyo,Saki East,NGA,NG031031,NG03,July,2025,0,0
Nigeria,Oyo,Saki West,NGA,NG031032,NG03,July,2025,0,0
Nigeria,Oyo,Surulere,NGA,NG031033,NG03,July,2025,0,0
Nigeria,Plateau,Barkin Ladi,NGA,NG032001,NG03,July,2025,1,0
Nigeria,Plateau,Bassa,NGA,NG032002,NG03,July,2025,1,1
Nigeria,Plateau,Bokkos,NGA,NG032003,NG03,July,2025,5,35
Nigeria,Plateau,Jos East,NGA,NG032004,NG03,July,2025,0,0
Nigeria,Plateau,Jos North,NGA,NG032005,NG03,July,2025,0,0
Nigeria,Plateau,Jos South,NGA,NG032006,NG03,July,2025,2,3
Nigeria,Plateau,Kanam,NGA,NG032007,NG03,July,2025,1,8
Nigeria,Plateau,Kanke,NGA,NG032008,NG03,July,2025,0,0
Nigeria,Plateau,Langtang North,NGA,NG032009,NG03,July,2025,0,0
Nigeria,Plateau,Langtang South,NGA,NG032010,NG03,July,2025,0,0
Nigeria,Plateau,Mangu,NGA,NG032011,NG03,July,2025,0,0
Nigeria,Plateau,Mikang,NGA,NG032012,NG03,July,2025,0,0
Nigeria,Plateau,Pankshin,NGA,NG032013,NG03,July,2025,0,0
Nigeria,Plateau,Quan-Pan,NGA,NG032014,NG03,July,2025,1,2
Nigeria,Plateau,Riyom,NGA,NG032015,NG03,July,2025,8,24
Nigeria,Plateau,Shendam,NGA,NG032016,NG03,July,2025,0,0
Nigeria,Plateau,Wase,NGA,NG032017,NG03,July,2025,9,17
Nigeria,Rivers,Ahoada,NGA,NG033002,NG03,July,2025,0,0
Nigeria,Rivers,Ahoada West,NGA,NG033003,NG03,July,2025,0,0
Nigeria,Rivers,Akukutoru,NGA,NG033004,NG03,July,2025,0,0
Nigeria,Rivers,Andoni,NGA,NG033005,NG03,July,2025,0,0
Nigeria,Rivers,Asaritoru,NGA,NG033006,NG03,July,2025,0,0
Nigeria,Rivers,Bonny,NGA,NG033007,NG03,July,2025,0,0
Nigeria,Rivers,Degema,NGA,NG033008,NG03,July,2025,0,0
Nigeria,Rivers,Eleme,NGA,NG033009,NG03,July,2025,0,0
Nigeria,Rivers,Emohua,NGA,NG033010,NG03,July,2025,1,1
Nigeria,Rivers,Etche,NGA,NG033011,NG03,July,2025,0,0
Nigeria,Rivers,Gonaka,NGA,NG033012,NG03,July,2025,0,0
Nigeria,Rivers,Ikwerre,NGA,NG033013,NG03,July,2025,0,0
Nigeria,Rivers,Khana,NGA,NG033014,NG03,July,2025,0,0
Nigeria,Rivers,Obio,NGA,NG033015,NG03,July,2025,1,1
Nigeria,Rivers,Obua,NGA,NG033001,NG03,July,2025,0,0
Nigeria,Rivers,Ogba,NGA,NG033016,NG03,July,2025,0,0
Nigeria,Rivers,Ogu,NGA,NG033017,NG03,July,2025,0,0
Nigeria,Rivers,Okrika,NGA,NG033018,NG03,July,2025,0,0
Nigeria,Rivers,Omumma,NGA,NG033019,NG03,July,2025,0,0
Nigeria,Rivers,Opobo,NGA,NG033020,NG03,July,2025,0,0
Nigeria,Rivers,Oyigbo,NGA,NG033021,NG03,July,2025,0,0
Nigeria,Rivers,Port Harcourt,NGA,NG033022,NG03,July,2025,1,1
Nigeria,Rivers,Tai,NGA,NG033023,NG03,July,2025,0,0
Nigeria,Sokoto,Binji,NGA,NG034001,NG03,July,2025,0,0
Nigeria,Sokoto,Bodinga,NGA,NG034002,NG03,July,2025,1,0
Nigeria,Sokoto,Dange-Shuni,NGA,NG034003,NG03,July,2025,1,3
Nigeria,Sokoto,Gada,NGA,NG034004,NG03,July,2025,0,0
Nigeria,Sokoto,Goronyo,NGA,NG034006,NG03,July,2025,1,3
Nigeria,Sokoto,Gudu,NGA,NG034007,NG03,July,2025,3,2
Nigeria,Sokoto,Gwadabawa,NGA,NG034005,NG03,July,2025,1,3
Nigeria,Sokoto,Illela,NGA,NG034008,NG03,July,2025,1,3
Nigeria,Sokoto,Isa,NGA,NG034009,NG03,July,2025,2,0
Nigeria,Sokoto,Kebbe,NGA,NG034010,NG03,July,2025,0,0
Nigeria,Sokoto,Kware,NGA,NG034011,NG03,July,2025,0,0
Nigeria,Sokoto,Rabah,NGA,NG034012,NG03,July,2025,1,2
Nigeria,Sokoto,Sabon Birni,NGA,NG034013,NG03,July,2025,5,8
Nigeria,Sokoto,Shagari,NGA,NG034014,NG03,July,2025,0,0
Nigeria,Sokoto,Silame,NGA,NG034015,NG03,July,2025,0,0
Nigeria,Sokoto,Sokoto North,NGA,NG034016,NG03,July,2025,0,0
Nigeria,Sokoto,Sokoto South,NGA,NG034017,NG03,July,2025,0,0
Nigeria,Sokoto,Tambuwal,NGA,NG034018,NG03,July,2025,0,0
Nigeria,Sokoto,Tangaza,NGA,NG034019,NG03,July,2025,3,18
Nigeria,Sokoto,Tureta,NGA,NG034020,NG03,July,2025,0,0
Nigeria,Sokoto,Wamakko,NGA,NG034021,NG03,July,2025,0,0
Nigeria,Sokoto,Wurno,NGA,NG034022,NG03,July,2025,1,1
Nigeria,Sokoto,Yabo,NGA,NG034023,NG03,July,2025,0,0
Nigeria,Taraba,Ardo Kola,NGA,NG035001,NG03,July,2025,1,0
Nigeria,Taraba,Bali,NGA,NG035002,NG03,July,2025,0,0
Nigeria,Taraba,Donga,NGA,NG035003,NG03,July,2025,0,0
Nigeria,Taraba,Gashaka,NGA,NG035004,NG03,July,2025,1,1
Nigeria,Taraba,Gassol,NGA,NG035005,NG03,July,2025,1,0
Nigeria,Taraba,Ibi,NGA,NG035006,NG03,July,2025,1,1
Nigeria,Taraba,Jalingo,NGA,NG035007,NG03,July,2025,0,0
Nigeria,Taraba,Karim Lamidu,NGA,NG035008,NG03,July,2025,1,0
Nigeria,Taraba,Kurmi,NGA,NG035009,NG03,July,2025,0,0
Nigeria,Taraba,Lau,NGA,NG035010,NG03,July,2025,0,0
Nigeria,Taraba,Sardauna,NGA,NG035011,NG03,July,2025,0,0
Nigeria,Taraba,Takum,NGA,NG035012,NG03,July,2025,0,0
Nigeria,Taraba,Ussa,NGA,NG035013,NG03,July,2025,0,0
Nigeria,Taraba,Wukari,NGA,NG035014,NG03,July,2025,1,0
Nigeria,Taraba,Yorro,NGA,NG035015,NG03,July,2025,0,0
Nigeria,Taraba,Zing,NGA,NG035016,NG03,July,2025,0,0
Nigeria,Yobe,Bade,NGA,NG036001,NG03,July,2025,0,0
Nigeria,Yobe,Bursari,NGA,NG036002,NG03,July,2025,0,0
Nigeria,Yobe,Damaturu,NGA,NG036003,NG03,July,2025,0,0
Nigeria,Yobe,Fika,NGA,NG036004,NG03,July,2025,1,2
Nigeria,Yobe,Fune,NGA,NG036005,NG03,July,2025,0,0
Nigeria,Yobe,Geidam,NGA,NG036006,NG03,July,2025,0,0
Nigeria,Yobe,Gujba,NGA,NG036007,NG03,July,2025,3,6
Nigeria,Yobe,Gulami,NGA,NG036008,NG03,July,2025,0,0
Nigeria,Yobe,Jakusko,NGA,NG036009,NG03,July,2025,0,0
Nigeria,Yobe,Karasuwa,NGA,NG036010,NG03,July,2025,0,0
Nigeria,Yobe,Machina,NGA,NG036011,NG03,July,2025,0,0
Nigeria,Yobe,Nangere,NGA,NG036012,NG03,July,2025,0,0
Nigeria,Yobe,Nguru,NGA,NG036013,NG03,July,2025,0,0
Nigeria,Yobe,Potiskum,NGA,NG036014,NG03,July,2025,0,0
Nigeria,Yobe,Tarmua,NGA,NG036015,NG03,July,2025,2,0
Nigeria,Yobe,Yunusari,NGA,NG036016,NG03,July,2025,0,0
Nigeria,Yobe,Yusufari,NGA,NG036017,NG03,July,2025,0,0
Nigeria,Zamfara,Anka,NGA,NG037001,NG03,July,2025,2,2
Nigeria,Zamfara,Bakura,NGA,NG037002,NG03,July,2025,8,20
Nigeria,Zamfara,Bukkuyum,NGA,NG037004,NG03,July,2025,4,0
Nigeria,Zamfara,Bungudu,NGA,NG037005,NG03,July,2025,6,10
Nigeria,Zamfara,Gummi,NGA,NG037006,NG03,July,2025,1,0
Nigeria,Zamfara,Gusau,NGA,NG037007,NG03,July,2025,2,3
Nigeria,Zamfara,Kaura Namoda,NGA,NG037008,NG03,July,2025,6,43
Nigeria,Zamfara,Kiyawa,NGA,NG037003,NG03,July,2025,0,0
Nigeria,Zamfara,Maradun,NGA,NG037009,NG03,July,2025,5,7
Nigeria,Zamfara,Maru,NGA,NG037010,NG03,July,2025,3,21
Nigeria,Zamfara,Shinkafi,NGA,NG037011,NG03,July,2025,1,0
Nigeria,Zamfara,Talata Mafara,NGA,NG037012,NG03,July,2025,2,10
Nigeria,Zamfara,Tsafe,NGA,NG037013,NG03,July,2025,8,29
Nigeria,Zamfara,Zurmi,NGA,NG037014,NG03,July,2025,3,3
Nigeria,Abia,Aba North,NGA,NG001001,NG00,August,2025,0,0
Nigeria,Abia,Aba South,NGA,NG001002,NG00,August,2025,2,3
Nigeria,Abia,Arochukwu,NGA,NG001003,NG00,August,2025,0,0
Nigeria,Abia,Bende,NGA,NG001004,NG00,August,2025,0,0
Nigeria,Abia,Ikwuano,NGA,NG001005,NG00,August,2025,0,0
Nigeria,Abia,Isiala Ngwa North,NGA,NG001007,NG00,August,2025,0,0
Nigeria,Abia,Isiala Ngwa South,NGA,NG001006,NG00,August,2025,0,0
Nigeria,Abia,Isuikwuato,NGA,NG001008,NG00,August,2025,1,1
Nigeria,Abia,Nneochi,NGA,NG001017,NG00,August,2025,0,0
Nigeria,Abia,Obioma Ngwa,NGA,NG001009,NG00,August,2025,0,0
Nigeria,Abia,Ohafia,NGA,NG001010,NG00,August,2025,0,0
Nigeria,Abia,Osisioma,NGA,NG001011,NG00,August,2025,0,0
Nigeria,Abia,Ugwunagbo,NGA,NG001012,NG00,August,2025,0,0
Nigeria,Abia,Ukwa East,NGA,NG001013,NG00,August,2025,0,0
Nigeria,Abia,Ukwa West,NGA,NG001014,NG00,August,2025,0,0
Nigeria,Abia,Umuahia North,NGA,NG001015,NG00,August,2025,2,35
Nigeria,Abia,Umuahia South,NGA,NG001016,NG00,August,2025,0,0
Nigeria,Adamawa,Demsa,NGA,NG002001,NG00,August,2025,1,0
Nigeria,Adamawa,Fufore,NGA,NG002002,NG00,August,2025,1,0
Nigeria,Adamawa,Ganye,NGA,NG002003,NG00,August,2025,0,0
Nigeria,Adamawa,Girei,NGA,NG002005,NG00,August,2025,0,0
Nigeria,Adamawa,Gombi,NGA,NG002004,NG00,August,2025,1,0
Nigeria,Adamawa,Guyuk,NGA,NG002006,NG00,August,2025,0,0
Nigeria,Adamawa,Hong,NGA,NG002007,NG00,August,2025,0,0
Nigeria,Adamawa,Jada,NGA,NG002008,NG00,August,2025,0,0
Nigeria,Adamawa,Lamurde,NGA,NG002009,NG00,August,2025,0,0
Nigeria,Adamawa,Madagali,NGA,NG002010,NG00,August,2025,1,0
Nigeria,Adamawa,Maiha,NGA,NG002011,NG00,August,2025,0,0
Nigeria,Adamawa,Mayo-Belwa,NGA,NG002012,NG00,August,2025,0,0
Nigeria,Adamawa,Michika,NGA,NG002013,NG00,August,2025,0,0
Nigeria,Adamawa,Mubi North,NGA,NG002014,NG00,August,2025,0,0
Nigeria,Adamawa,Mubi South,NGA,NG002015,NG00,August,2025,0,0
Nigeria,Adamawa,Numan,NGA,NG002016,NG00,August,2025,1,6
Nigeria,Adamawa,Shelleng,NGA,NG002017,NG00,August,2025,0,0
Nigeria,Adamawa,Song,NGA,NG002018,NG00,August,2025,0,0
Nigeria,Adamawa,Toungo,NGA,NG002019,NG00,August,2025,0,0
Nigeria,Adamawa,Yola-North,NGA,NG002021,NG00,August,2025,0,0
Nigeria,Adamawa,Yola-South,NGA,NG002020,NG00,August,2025,0,0
Nigeria,Akwa Ibom,Abak,NGA,NG003001,NG00,August,2025,1,6
Nigeria,Akwa Ibom,Eastern Obolo,NGA,NG003002,NG00,August,2025,0,0
Nigeria,Akwa Ibom,Eket,NGA,NG003003,NG00,August,2025,0,0
Nigeria,Akwa Ibom,Ekpe Atai,NGA,NG003004,NG00,August,2025,0,0
Nigeria,Akwa Ibom,Essien Udim,NGA,NG003005,NG00,August,2025,0,0
Nigeria,Akwa Ibom,Etim Ekpo,NGA,NG003006,NG00,August,2025,0,0
Nigeria,Akwa Ibom,Etinan,NGA,NG003007,NG00,August,2025,0,0
Nigeria,Akwa Ibom,Ibeno,NGA,NG003008,NG00,August,2025,0,0
Nigeria,Akwa Ibom,Ibesikpo Asutan,NGA,NG003009,NG00,August,2025,0,0
Nigeria,Akwa Ibom,Ibiono Ibom,NGA,NG003010,NG00,August,2025,0,0
Nigeria,Akwa Ibom,Ika,NGA,NG003011,NG00,August,2025,0,0
Nigeria,Akwa Ibom,Ikono,NGA,NG003012,NG00,August,2025,0,0
Nigeria,Akwa Ibom,Ikot Abasi,NGA,NG003013,NG00,August,2025,0,0
Nigeria,Akwa Ibom,Ikot Ekpene,NGA,NG003014,NG00,August,2025,0,0
Nigeria,Akwa Ibom,Ini,NGA,NG003015,NG00,August,2025,0,0
Nigeria,Akwa Ibom,Itu,NGA,NG003016,NG00,August,2025,0,0
Nigeria,Akwa Ibom,Mbo,NGA,NG003017,NG00,August,2025,0,0
Nigeria,Akwa Ibom,Mkpat Enin,NGA,NG003018,NG00,August,2025,0,0
Nigeria,Akwa Ibom,Nsit Ibom,NGA,NG003020,NG00,August,2025,0,0
Nigeria,Akwa Ibom,Nsit Ubium,NGA,NG003021,NG00,August,2025,0,0
Nigeria,Akwa Ibom,Obat Akara,NGA,NG003022,NG00,August,2025,0,0
Nigeria,Akwa Ibom,Okobo,NGA,NG003023,NG00,August,2025,0,0
Nigeria,Akwa Ibom,Onna,NGA,NG003024,NG00,August,2025,0,0
Nigeria,Akwa Ibom,Oron,NGA,NG003025,NG00,August,2025,0,0
Nigeria,Akwa Ibom,Oruk Anam,NGA,NG003026,NG00,August,2025,0,0
Nigeria,Akwa Ibom,Udung Uko,NGA,NG003027,NG00,August,2025,0,0
Nigeria,Akwa Ibom,Ukanafun,NGA,NG003028,NG00,August,2025,1,1
Nigeria,Akwa Ibom,Uruan,NGA,NG003029,NG00,August,2025,0,0
Nigeria,Akwa Ibom,Urue Offong,NGA,NG003030,NG00,August,2025,0,0
Nigeria,Akwa Ibom,Uyo,NGA,NG003031,NG00,August,2025,0,0
Nigeria,Anambra,Aguata,NGA,NG004001,NG00,August,2025,0,0
Nigeria,Anambra,Anambra East,NGA,NG004002,NG00,August,2025,0,0
Nigeria,Anambra,Anambra West,NGA,NG004003,NG00,August,2025,0,0
Nigeria,Anambra,Aniocha,NGA,NG004004,NG00,August,2025,0,0
Nigeria,Anambra,Awka North,NGA,NG004005,NG00,August,2025,3,1
Nigeria,Anambra,Awka South,NGA,NG004006,NG00,August,2025,0,0
Nigeria,Anambra,Ayamelum,NGA,NG004007,NG00,August,2025,0,0
Nigeria,Anambra,Dunukofia,NGA,NG004008,NG00,August,2025,0,0
Nigeria,Anambra,Ekwusigwo,NGA,NG004009,NG00,August,2025,0,0
Nigeria,Anambra,Idemili North,NGA,NG004010,NG00,August,2025,0,0
Nigeria,Anambra,Idemili South,NGA,NG004011,NG00,August,2025,0,0
Nigeria,Anambra,Ihiala,NGA,NG004012,NG00,August,2025,0,0
Nigeria,Anambra,Njikoka,NGA,NG004013,NG00,August,2025,0,0
Nigeria,Anambra,Nnewi North,NGA,NG004014,NG00,August,2025,0,0
Nigeria,Anambra,Nnewi South,NGA,NG004015,NG00,August,2025,0,0
Nigeria,Anambra,Ogbaru,NGA,NG004016,NG00,August,2025,0,0
Nigeria,Anambra,Onisha North,NGA,NG004017,NG00,August,2025,0,0
Nigeria,Anambra,Onisha South,NGA,NG004018,NG00,August,2025,0,0
Nigeria,Anambra,Orumba North,NGA,NG004019,NG00,August,2025,1,4
Nigeria,Anambra,Orumba South,NGA,NG004020,NG00,August,2025,0,0
Nigeria,Anambra,Oyi,NGA,NG004021,NG00,August,2025,0,0
Nigeria,Bauchi,Alkaleri,NGA,NG005001,NG00,August,2025,7,6
Nigeria,Bauchi,Bauchi,NGA,NG005002,NG00,August,2025,0,0
Nigeria,Bauchi,Bogoro,NGA,NG005003,NG00,August,2025,3,3
Nigeria,Bauchi,Damban,NGA,NG005004,NG00,August,2025,0,0
Nigeria,Bauchi,Darazo,NGA,NG005005,NG00,August,2025,0,0
Nigeria,Bauchi,Dass,NGA,NG005006,NG00,August,2025,0,0
Nigeria,Bauchi,Gamawa,NGA,NG005007,NG00,August,2025,0,0
Nigeria,Bauchi,Ganjuwa,NGA,NG005008,NG00,August,2025,0,0
Nigeria,Bauchi,Giade,NGA,NG005009,NG00,August,2025,0,0
Nigeria,Bauchi,Itas-Gadau,NGA,NG005010,NG00,August,2025,0,0
Nigeria,Bauchi,Jamaare,NGA,NG005011,NG00,August,2025,0,0
Nigeria,Bauchi,Katagum,NGA,NG005012,NG00,August,2025,0,0
Nigeria,Bauchi,Kirfi,NGA,NG005013,NG00,August,2025,0,0
Nigeria,Bauchi,Misau,NGA,NG005014,NG00,August,2025,0,0
Nigeria,Bauchi,Ningi,NGA,NG005015,NG00,August,2025,0,0
Nigeria,Bauchi,Shira,NGA,NG005016,NG00,August,2025,0,0
Nigeria,Bauchi,Tafawa Balewa,NGA,NG005017,NG00,August,2025,1,0
Nigeria,Bauchi,Toro,NGA,NG005018,NG00,August,2025,0,0
Nigeria,Bauchi,Warji,NGA,NG005019,NG00,August,2025,0,0
Nigeria,Bauchi,Zaki,NGA,NG005020,NG00,August,2025,0,0
Nigeria,Bayelsa,Brass,NGA,NG006001,NG00,August,2025,0,0
Nigeria,Bayelsa,Ekermor,NGA,NG006002,NG00,August,2025,0,0
Nigeria,Bayelsa,Kolokuma,NGA,NG006003,NG00,August,2025,0,0
Nigeria,Bayelsa,Nembe,NGA,NG006004,NG00,August,2025,0,0
Nigeria,Bayelsa,Ogbia,NGA,NG006005,NG00,August,2025,1,0
Nigeria,Bayelsa,Sagbama,NGA,NG006006,NG00,August,2025,0,0
Nigeria,Bayelsa,Southern Ijaw,NGA,NG006007,NG00,August,2025,0,0
Nigeria,Bayelsa,Yenagoa,NGA,NG006008,NG00,August,2025,1,1
Nigeria,Benue,Ado,NGA,NG007001,NG00,August,2025,0,0
Nigeria,Benue,Agatu,NGA,NG007002,NG00,August,2025,10,17
Nigeria,Benue,Apa,NGA,NG007003,NG00,August,2025,0,0
Nigeria,Benue,Buruku,NGA,NG007004,NG00,August,2025,0,0
Nigeria,Benue,Gboko,NGA,NG007005,NG00,August,2025,0,0
Nigeria,Benue,Guma,NGA,NG007006,NG00,August,2025,9,16
Nigeria,Benue,Gwer East,NGA,NG007007,NG00,August,2025,1,0
Nigeria,Benue,Gwer West,NGA,NG007008,NG00,August,2025,1,2
Nigeria,Benue,Katsina Ala,NGA,NG007009,NG00,August,2025,2,1
Nigeria,Benue,Konshisha,NGA,NG007010,NG00,August,2025,0,0
Nigeria,Benue,Kwande,NGA,NG007011,NG00,August,2025,1,1
Nigeria,Benue,Logo,NGA,NG007012,NG00,August,2025,2,5
Nigeria,Benue,Makurdi,NGA,NG007013,NG00,August,2025,2,3
Nigeria,Benue,Obi,NGA,NG007014,NG00,August,2025,0,0
Nigeria,Benue,Ogbadibo,NGA,NG007015,NG00,August,2025,1,2
Nigeria,Benue,Ohimini,NGA,NG007016,NG00,August,2025,2,2
Nigeria,Benue,Oju,NGA,NG007017,NG00,August,2025,0,0
Nigeria,Benue,Okpokwu,NGA,NG007018,NG00,August,2025,0,0
Nigeria,Benue,Otukpo,NGA,NG007019,NG00,August,2025,3,2
Nigeria,Benue,Tarka,NGA,NG007020,NG00,August,2025,0,0
Nigeria,Benue,Ukum,NGA,NG007021,NG00,August,2025,3,2
Nigeria,Benue,Ushongo,NGA,NG007022,NG00,August,2025,0,0
Nigeria,Benue,Vandeikya,NGA,NG007023,NG00,August,2025,0,0
Nigeria,Borno,Abadan,NGA,NG008001,NG00,August,2025,0,0
Nigeria,Borno,Askira Uba,NGA,NG008002,NG00,August,2025,1,3
Nigeria,Borno,Bama,NGA,NG008003,NG00,August,2025,8,48
Nigeria,Borno,Bayo,NGA,NG008004,NG00,August,2025,0,0
Nigeria,Borno,Biu,NGA,NG008005,NG00,August,2025,1,0
Nigeria,Borno,Chibok,NGA,NG008006,NG00,August,2025,0,0
Nigeria,Borno,Damboa,NGA,NG008007,NG00,August,2025,1,1
Nigeria,Borno,Dikwa,NGA,NG008008,NG00,August,2025,0,0
Nigeria,Borno,Gubio,NGA,NG008009,NG00,August,2025,2,0
Nigeria,Borno,Guzamala,NGA,NG008010,NG00,August,2025,0,0
Nigeria,Borno,Gwoza,NGA,NG008011,NG00,August,2025,6,16
Nigeria,Borno,Hawul,NGA,NG008012,NG00,August,2025,0,0
Nigeria,Borno,Jere,NGA,NG008013,NG00,August,2025,0,0
Nigeria,Borno,Kaga,NGA,NG008014,NG00,August,2025,0,0
Nigeria,Borno,Kala Balge,NGA,NG008015,NG00,August,2025,2,9
Nigeria,Borno,Konduga,NGA,NG008016,NG00,August,2025,3,7
Nigeria,Borno,Kukawa,NGA,NG008017,NG00,August,2025,1,0
Nigeria,Borno,Kwaya Kusar,NGA,NG008018,NG00,August,2025,0,0
Nigeria,Borno,Mafa,NGA,NG008019,NG00,August,2025,2,13
Nigeria,Borno,Magumeri,NGA,NG008020,NG00,August,2025,4,11
Nigeria,Borno,Maiduguri Metro,NGA,NG008021,NG00,August,2025,0,0
Nigeria,Borno,Marte,NGA,NG008022,NG00,August,2025,0,0
Nigeria,Borno,Mobbar,NGA,NG008023,NG00,August,2025,3,21
Nigeria,Borno,Monguno,NGA,NG008024,NG00,August,2025,0,0
Nigeria,Borno,Ngala,NGA,NG008025,NG00,August,2025,1,9
Nigeria,Borno,Nganzai,NGA,NG008026,NG00,August,2025,1,2
Nigeria,Borno,Shani,NGA,NG008027,NG00,August,2025,0,0
Nigeria,Cross River,Abi,NGA,NG009001,NG00,August,2025,0,0
Nigeria,Cross River,Akamkpa,NGA,NG009002,NG00,August,2025,0,0
Nigeria,Cross River,Akpabuyo,NGA,NG009003,NG00,August,2025,0,0
Nigeria,Cross River,Bekwara,NGA,NG009006,NG00,August,2025,0,0
Nigeria,Cross River,Biase,NGA,NG009007,NG00,August,2025,1,0
Nigeria,Cross River,Boki,NGA,NG009008,NG00,August,2025,0,0
Nigeria,Cross River,Calabar Municipal,NGA,NG009010,NG00,August,2025,0,0
Nigeria,Cross River,Calabar South,NGA,NG009009,NG00,August,2025,0,0
Nigeria,Cross River,Etung,NGA,NG009011,NG00,August,2025,1,0
Nigeria,Cross River,Ikom,NGA,NG009012,NG00,August,2025,0,0
Nigeria,Cross River,Obanliku,NGA,NG009013,NG00,August,2025,0,0
Nigeria,Cross River,Obubra,NGA,NG009014,NG00,August,2025,0,0
Nigeria,Cross River,Obudu,NGA,NG009015,NG00,August,2025,0,0
Nigeria,Cross River,Odukpani,NGA,NG009016,NG00,August,2025,0,0
Nigeria,Cross River,Ogaja,NGA,NG009017,NG00,August,2025,0,0
Nigeria,Cross River,Yakurr,NGA,NG009018,NG00,August,2025,0,0
Nigeria,Cross River,Yala,NGA,NG009019,NG00,August,2025,0,0
Nigeria,Delta,Aniocha North,NGA,NG010001,NG01,August,2025,0,0
Nigeria,Delta,Aniocha South,NGA,NG010002,NG01,August,2025,2,5
Nigeria,Delta,Bomadi,NGA,NG010003,NG01,August,2025,0,0
Nigeria,Delta,Burutu,NGA,NG010004,NG01,August,2025,0,0
Nigeria,Delta,Ethiope East,NGA,NG010005,NG01,August,2025,2,0
Nigeria,Delta,Ethiope West,NGA,NG010006,NG01,August,2025,1,1
Nigeria,Delta,Ika North East,NGA,NG010007,NG01,August,2025,1,1
Nigeria,Delta,Ika South,NGA,NG010008,NG01,August,2025,0,0
Nigeria,Delta,Isoko North,NGA,NG010009,NG01,August,2025,0,0
Nigeria,Delta,Isoko South,NGA,NG010010,NG01,August,2025,0,0
Nigeria,Delta,Ndokwa East,NGA,NG010011,NG01,August,2025,0,0
Nigeria,Delta,Ndokwa West,NGA,NG010012,NG01,August,2025,0,0
Nigeria,Delta,Okpe,NGA,NG010013,NG01,August,2025,0,0
Nigeria,Delta,Oshimili North,NGA,NG010014,NG01,August,2025,0,0
Nigeria,Delta,Oshimili South,NGA,NG010015,NG01,August,2025,1,0
Nigeria,Delta,Patani,NGA,NG010016,NG01,August,2025,0,0
Nigeria,Delta,Sapele,NGA,NG010017,NG01,August,2025,0,0
Nigeria,Delta,Udu,NGA,NG010018,NG01,August,2025,0,0
Nigeria,Delta,Ughelli North,NGA,NG010019,NG01,August,2025,3,2
Nigeria,Delta,Ughelli South,NGA,NG010020,NG01,August,2025,0,0
Nigeria,Delta,Ukwuani,NGA,NG010021,NG01,August,2025,0,0
Nigeria,Delta,Uvwie,NGA,NG010022,NG01,August,2025,0,0
Nigeria,Delta,Warri North,NGA,NG010023,NG01,August,2025,0,0
Nigeria,Delta,Warri South,NGA,NG010024,NG01,August,2025,1,3
Nigeria,Delta,Warri South-West,NGA,NG010025,NG01,August,2025,0,0
Nigeria,Ebonyi,Abakaliki,NGA,NG011001,NG01,August,2025,0,0
Nigeria,Ebonyi,Afikpo North,NGA,NG011002,NG01,August,2025,0,0
Nigeria,Ebonyi,Afikpo South,NGA,NG011003,NG01,August,2025,1,1
Nigeria,Ebonyi,Ebonyi,NGA,NG011004,NG01,August,2025,0,0
Nigeria,Ebonyi,Ezza North,NGA,NG011005,NG01,August,2025,1,1
Nigeria,Ebonyi,Ezza South,NGA,NG011006,NG01,August,2025,0,0
Nigeria,Ebonyi,Ikwo,NGA,NG011007,NG01,August,2025,1,1
Nigeria,Ebonyi,Ishielu,NGA,NG011008,NG01,August,2025,0,0
Nigeria,Ebonyi,Ivo,NGA,NG011009,NG01,August,2025,2,5
Nigeria,Ebonyi,Izzi,NGA,NG011010,NG01,August,2025,0,0
Nigeria,Ebonyi,Ohaozara,NGA,NG011011,NG01,August,2025,0,0
Nigeria,Ebonyi,Ohaukwu,NGA,NG011012,NG01,August,2025,0,0
Nigeria,Ebonyi,Onicha,NGA,NG011013,NG01,August,2025,0,0
Nigeria,Edo,Akoko Edo,NGA,NG012001,NG01,August,2025,0,0
Nigeria,Edo,Egor,NGA,NG012002,NG01,August,2025,0,0
Nigeria,Edo,Esan Central,NGA,NG012003,NG01,August,2025,0,0
Nigeria,Edo,Esan North East,NGA,NG012004,NG01,August,2025,2,0
Nigeria,Edo,Esan South East,NGA,NG012005,NG01,August,2025,0,0
Nigeria,Edo,Esan West,NGA,NG012006,NG01,August,2025,0,0
Nigeria,Edo,Etsako Central,NGA,NG012007,NG01,August,2025,0,0
Nigeria,Edo,Etsako East,NGA,NG012008,NG01,August,2025,0,0
Nigeria,Edo,Etsako West,NGA,NG012009,NG01,August,2025,2,1
Nigeria,Edo,Igueben,NGA,NG012010,NG01,August,2025,0,0
Nigeria,Edo,Ikpoba Okha,NGA,NG012011,NG01,August,2025,0,0
Nigeria,Edo,Oredo,NGA,NG012012,NG01,August,2025,0,0
Nigeria,Edo,Orhionwon,NGA,NG012013,NG01,August,2025,0,0
Nigeria,Edo,Ovia North East,NGA,NG012014,NG01,August,2025,0,0
Nigeria,Edo,Ovia South West,NGA,NG012015,NG01,August,2025,0,0
Nigeria,Edo,Owan East,NGA,NG012016,NG01,August,2025,0,0
Nigeria,Edo,Owan West,NGA,NG012017,NG01,August,2025,1,0
Nigeria,Edo,Uhunmwode,NGA,NG012018,NG01,August,2025,1,1
Nigeria,Ekiti,Ado Ekiti,NGA,NG013001,NG01,August,2025,0,0
Nigeria,Ekiti,Aiyekire,NGA,NG013002,NG01,August,2025,0,0
Nigeria,Ekiti,Efon,NGA,NG013003,NG01,August,2025,0,0
Nigeria,Ekiti,Ekiti East,NGA,NG013004,NG01,August,2025,0,0
Nigeria,Ekiti,Ekiti South West,NGA,NG013005,NG01,August,2025,0,0
Nigeria,Ekiti,Ekiti West,NGA,NG013006,NG01,August,2025,0,0
Nigeria,Ekiti,Emure,NGA,NG013007,NG01,August,2025,0,0
Nigeria,Ekiti,Ido-Osi,NGA,NG013008,NG01,August,2025,0,0
Nigeria,Ekiti,Ijero,NGA,NG013009,NG01,August,2025,0,0
Nigeria,Ekiti,Ikere,NGA,NG013010,NG01,August,2025,1,0
Nigeria,Ekiti,Ikole,NGA,NG013011,NG01,August,2025,0,0
Nigeria,Ekiti,Ilejemeji,NGA,NG013012,NG01,August,2025,0,0
Nigeria,Ekiti,Irepodun,NGA,NG013013,NG01,August,2025,0,0
Nigeria,Ekiti,Ise,NGA,NG013014,NG01,August,2025,0,0
Nigeria,Ekiti,Moba,NGA,NG013015,NG01,August,2025,0,0
Nigeria,Ekiti,Oye,NGA,NG013016,NG01,August,2025,0,0
Nigeria,Enugu,Agwu,NGA,NG014002,NG01,August,2025,0,0
Nigeria,Enugu,Aninri,NGA,NG014001,NG01,August,2025,0,0
Nigeria,Enugu,Enugu East,NGA,NG014003,NG01,August,2025,0,0
Nigeria,Enugu,Enugu North,NGA,NG014004,NG01,August,2025,0,0
Nigeria,Enugu,Enugu South,NGA,NG014005,NG01,August,2025,0,0
Nigeria,Enugu,Ezeagu,NGA,NG014006,NG01,August,2025,0,0
Nigeria,Enugu,Igbo Etiti,NGA,NG014007,NG01,August,2025,0,0
Nigeria,Enugu,Igbo Eze North,NGA,NG014008,NG01,August,2025,0,0
Nigeria,Enugu,Igbo Eze South,NGA,NG014009,NG01,August,2025,0,0
Nigeria,Enugu,Isi Uzo,NGA,NG014010,NG01,August,2025,0,0
Nigeria,Enugu,Nkanu East,NGA,NG014011,NG01,August,2025,0,0
Nigeria,Enugu,Nkanu West,NGA,NG014012,NG01,August,2025,0,0
Nigeria,Enugu,Nsukka,NGA,NG014013,NG01,August,2025,0,0
Nigeria,Enugu,Oji River,NGA,NG014014,NG01,August,2025,0,0
Nigeria,Enugu,Udenu,NGA,NG014015,NG01,August,2025,0,0
Nigeria,Enugu,Udi,NGA,NG014016,NG01,August,2025,0,0
Nigeria,Enugu,Uzo Uwani,NGA,NG014017,NG01,August,2025,0,0
Nigeria,Federal Capital Territory,Abaji,NGA,NG015001,NG01,August,2025,0,0
Nigeria,Federal Capital Territory,Abuja Municipal,NGA,NG015002,NG01,August,2025,5,1
Nigeria,Federal Capital Territory,Bwari,NGA,NG015003,NG01,August,2025,2,2
Nigeria,Federal Capital Territory,Gwagwalada,NGA,NG015004,NG01,August,2025,1,0
Nigeria,Federal Capital Territory,Kuje,NGA,NG015005,NG01,August,2025,0,0
Nigeria,Federal Capital Territory,Kwali,NGA,NG015006,NG01,August,2025,1,0
Nigeria,Gombe,Akko,NGA,NG016001,NG01,August,2025,1,1
Nigeria,Gombe,Balanga,NGA,NG016002,NG01,August,2025,0,0
Nigeria,Gombe,Billiri,NGA,NG016003,NG01,August,2025,0,0
Nigeria,Gombe,Dukku,NGA,NG016004,NG01,August,2025,0,0
Nigeria,Gombe,Funakaye,NGA,NG016005,NG01,August,2025,1,0
Nigeria,Gombe,Gombe,NGA,NG016006,NG01,August,2025,0,0
Nigeria,Gombe,Kaltungo,NGA,NG016007,NG01,August,2025,1,1
Nigeria,Gombe,Kwami,NGA,NG016008,NG01,August,2025,0,0
Nigeria,Gombe,Nafada,NGA,NG016009,NG01,August,2025,0,0
Nigeria,Gombe,Shomgom,NGA,NG016010,NG01,August,2025,0,0
Nigeria,Gombe,Yamaltu,NGA,NG016011,NG01,August,2025,1,1
Nigeria,Imo,Aboh Mbaise,NGA,NG017001,NG01,August,2025,0,0
Nigeria,Imo,Ahiazu Mbaise,NGA,NG017002,NG01,August,2025,0,0
Nigeria,Imo,Ehime Mbano,NGA,NG017003,NG01,August,2025,0,0
Nigeria,Imo,Ezinihitte Mbaise,NGA,NG017004,NG01,August,2025,0,0
Nigeria,Imo,Ideato North,NGA,NG017005,NG01,August,2025,1,1
Nigeria,Imo,Ideato South,NGA,NG017006,NG01,August,2025,0,0
Nigeria,Imo,Ihitte Uboma,NGA,NG017007,NG01,August,2025,0,0
Nigeria,Imo,Ikeduru,NGA,NG017008,NG01,August,2025,0,0
Nigeria,Imo,Isiala Mbano,NGA,NG017009,NG01,August,2025,0,0
Nigeria,Imo,Isu,NGA,NG017010,NG01,August,2025,0,0
Nigeria,Imo,Mbaitoli,NGA,NG017011,NG01,August,2025,0,0
Nigeria,Imo,Ngor Okpala,NGA,NG017012,NG01,August,2025,0,0
Nigeria,Imo,Njaba,NGA,NG017013,NG01,August,2025,1,0
Nigeria,Imo,Nkwangele,NGA,NG017015,NG01,August,2025,0,0
Nigeria,Imo,Nkwerre,NGA,NG017014,NG01,August,2025,0,0
Nigeria,Imo,Obowo,NGA,NG017016,NG01,August,2025,0,0
Nigeria,Imo,Oguta,NGA,NG017017,NG01,August,2025,0,0
Nigeria,Imo,Ohaji,NGA,NG017018,NG01,August,2025,0,0
Nigeria,Imo,Okigwe,NGA,NG017019,NG01,August,2025,3,12
Nigeria,Imo,Onuimo,NGA,NG017027,NG01,August,2025,0,0
Nigeria,Imo,Orlu,NGA,NG017020,NG01,August,2025,0,0
Nigeria,Imo,Orsu,NGA,NG017021,NG01,August,2025,0,0
Nigeria,Imo,Oru East,NGA,NG017022,NG01,August,2025,0,0
Nigeria,Imo,Oru West,NGA,NG017023,NG01,August,2025,1,0
Nigeria,Imo,Owerri Municipal,NGA,NG017026,NG01,August,2025,0,0
Nigeria,Imo,Owerri North,NGA,NG017024,NG01,August,2025,0,0
Nigeria,Imo,Owerri West,NGA,NG017025,NG01,August,2025,2,4
Nigeria,Jigawa,Auyo,NGA,NG018001,NG01,August,2025,0,0
Nigeria,Jigawa,Babura,NGA,NG018002,NG01,August,2025,0,0
Nigeria,Jigawa,Birnin Kudu,NGA,NG018004,NG01,August,2025,0,0
Nigeria,Jigawa,Birniwa,NGA,NG018003,NG01,August,2025,0,0
Nigeria,Jigawa,Buji,NGA,NG018005,NG01,August,2025,0,0
Nigeria,Jigawa,Dutse,NGA,NG018006,NG01,August,2025,0,0
Nigeria,Jigawa,Gagarawa,NGA,NG018007,NG01,August,2025,0,0
Nigeria,Jigawa,Garki,NGA,NG018008,NG01,August,2025,0,0
Nigeria,Jigawa,Gumel,NGA,NG018009,NG01,August,2025,0,0
Nigeria,Jigawa,Guri,NGA,NG018010,NG01,August,2025,0,0
Nigeria,Jigawa,Gwaram,NGA,NG018011,NG01,August,2025,0,0
Nigeria,Jigawa,Gwiwa,NGA,NG018012,NG01,August,2025,0,0
Nigeria,Jigawa,Hadejia,NGA,NG018013,NG01,August,2025,0,0
Nigeria,Jigawa,Jahun,NGA,NG018014,NG01,August,2025,0,0
Nigeria,Jigawa,Kafin Hausa,NGA,NG018015,NG01,August,2025,1,0
Nigeria,Jigawa,Kaugama,NGA,NG018016,NG01,August,2025,0,0
Nigeria,Jigawa,Kazaure,NGA,NG018017,NG01,August,2025,0,0
Nigeria,Jigawa,Kiri-Kasamma,NGA,NG018018,NG01,August,2025,0,0
Nigeria,Jigawa,Kiyawa,NGA,NG018019,NG01,August,2025,1,1
Nigeria,Jigawa,Maigatari,NGA,NG018020,NG01,August,2025,0,0
Nigeria,Jigawa,Malam Madori,NGA,NG018021,NG01,August,2025,0,0
Nigeria,Jigawa,Miga,NGA,NG018022,NG01,August,2025,0,0
Nigeria,Jigawa,Ringim,NGA,NG018023,NG01,August,2025,0,0
Nigeria,Jigawa,Roni,NGA,NG018024,NG01,August,2025,0,0
Nigeria,Jigawa,Sule Takarkar,NGA,NG018025,NG01,August,2025,1,0
Nigeria,Jigawa,Taura,NGA,NG018026,NG01,August,2025,0,0
Nigeria,Jigawa,Yankwashi,NGA,NG018027,NG01,August,2025,0,0
Nigeria,Kaduna,Birnin Gwari,NGA,NG019001,NG01,August,2025,2,6
Nigeria,Kaduna,Chikun,NGA,NG019002,NG01,August,2025,2,2
Nigeria,Kaduna,Giwa,NGA,NG019003,NG01,August,2025,2,4
Nigeria,Kaduna,Igabi,NGA,NG019004,NG01,August,2025,2,3
Nigeria,Kaduna,Ikara,NGA,NG019005,NG01,August,2025,0,0
Nigeria,Kaduna,Jaba,NGA,NG019006,NG01,August,2025,0,0
Nigeria,Kaduna,Jema'a,NGA,NG019007,NG01,August,2025,1,0
Nigeria,Kaduna,Kachia,NGA,NG019008,NG01,August,2025,3,1
Nigeria,Kaduna,Kaduna North,NGA,NG019009,NG01,August,2025,2,1
Nigeria,Kaduna,Kaduna South,NGA,NG019010,NG01,August,2025,1,0
Nigeria,Kaduna,Kagarko,NGA,NG019011,NG01,August,2025,1,0
Nigeria,Kaduna,Kajuru,NGA,NG019014,NG01,August,2025,1,1
Nigeria,Kaduna,Kaura,NGA,NG019013,NG01,August,2025,0,0
Nigeria,Kaduna,Kauru,NGA,NG019012,NG01,August,2025,1,7
Nigeria,Kaduna,Kubau,NGA,NG019015,NG01,August,2025,0,0
Nigeria,Kaduna,Kudan,NGA,NG019016,NG01,August,2025,2,2
Nigeria,Kaduna,Lere,NGA,NG019017,NG01,August,2025,0,0
Nigeria,Kaduna,Makarfi,NGA,NG019018,NG01,August,2025,1,0
Nigeria,Kaduna,Sabon Gari,NGA,NG019019,NG01,August,2025,0,0
Nigeria,Kaduna,Sanga,NGA,NG019020,NG01,August,2025,0,0
Nigeria,Kaduna,Soba,NGA,NG019021,NG01,August,2025,0,0
Nigeria,Kaduna,Zangon Kataf,NGA,NG019022,NG01,August,2025,0,0
Nigeria,Kaduna,Zaria,NGA,NG019023,NG01,August,2025,1,2
Nigeria,Kano,Ajingi,NGA,NG020001,NG02,August,2025,0,0
Nigeria,Kano,Albasu,NGA,NG020002,NG02,August,2025,0,0
Nigeria,Kano,Bagwai,NGA,NG020003,NG02,August,2025,0,0
Nigeria,Kano,Bebeji,NGA,NG020004,NG02,August,2025,0,0
Nigeria,Kano,Bichi,NGA,NG020005,NG02,August,2025,0,0
Nigeria,Kano,Bunkure,NGA,NG020006,NG02,August,2025,0,0
Nigeria,Kano,Dala,NGA,NG020007,NG02,August,2025,0,0
Nigeria,Kano,Danbatta,NGA,NG020008,NG02,August,2025,0,0
Nigeria,Kano,Dawakin Kudu,NGA,NG020009,NG02,August,2025,0,0
Nigeria,Kano,Dawakin Tofa,NGA,NG020010,NG02,August,2025,1,1
Nigeria,Kano,Doguwa,NGA,NG020011,NG02,August,2025,0,0
Nigeria,Kano,Fagge,NGA,NG020012,NG02,August,2025,0,0
Nigeria,Kano,Gabasawa,NGA,NG020013,NG02,August,2025,0,0
Nigeria,Kano,Garko,NGA,NG020014,NG02,August,2025,0,0
Nigeria,Kano,Garun Mallam,NGA,NG020015,NG02,August,2025,0,0
Nigeria,Kano,Gaya,NGA,NG020016,NG02,August,2025,0,0
Nigeria,Kano,Gezawa,NGA,NG020017,NG02,August,2025,0,0
Nigeria,Kano,Gwale,NGA,NG020018,NG02,August,2025,0,0
Nigeria,Kano,Gwarzo,NGA,NG020019,NG02,August,2025,0,0
Nigeria,Kano,Kabo,NGA,NG020020,NG02,August,2025,0,0
Nigeria,Kano,Kano Municipal,NGA,NG020021,NG02,August,2025,1,1
Nigeria,Kano,Karaye,NGA,NG020022,NG02,August,2025,0,0
Nigeria,Kano,Kibiya,NGA,NG020023,NG02,August,2025,0,0
Nigeria,Kano,Kiru,NGA,NG020024,NG02,August,2025,2,2
Nigeria,Kano,Kumbotso,NGA,NG020025,NG02,August,2025,1,0
Nigeria,Kano,Kunchi,NGA,NG020026,NG02,August,2025,0,0
Nigeria,Kano,Kura,NGA,NG020027,NG02,August,2025,0,0
Nigeria,Kano,Madobi,NGA,NG020028,NG02,August,2025,0,0
Nigeria,Kano,Makoda,NGA,NG020029,NG02,August,2025,0,0
Nigeria,Kano,Minjibir,NGA,NG020030,NG02,August,2025,0,0
Nigeria,Kano,Nassarawa,NGA,NG020031,NG02,August,2025,0,0
Nigeria,Kano,Rano,NGA,NG020032,NG02,August,2025,0,0
Nigeria,Kano,Rimin Gado,NGA,NG020033,NG02,August,2025,0,0
Nigeria,Kano,Rogo,NGA,NG020034,NG02,August,2025,0,0
Nigeria,Kano,Shanono,NGA,NG020035,NG02,August,2025,0,0
Nigeria,Kano,Sumaila,NGA,NG020036,NG02,August,2025,0,0
Nigeria,Kano,Takai,NGA,NG020037,NG02,August,2025,0,0
Nigeria,Kano,Tarauni,NGA,NG020038,NG02,August,2025,0,0
Nigeria,Kano,Tofa,NGA,NG020039,NG02,August,2025,0,0
Nigeria,Kano,Tsanyawa,NGA,NG020040,NG02,August,2025,0,0
Nigeria,Kano,Tudun Wada,NGA,NG020041,NG02,August,2025,2,0
Nigeria,Kano,Ungogo,NGA,NG020042,NG02,August,2025,1,0
Nigeria,Kano,Warawa,NGA,NG020043,NG02,August,2025,0,0
Nigeria,Kano,Wudil,NGA,NG020044,NG02,August,2025,0,0
Nigeria,Katsina,Bakori,NGA,NG021001,NG02,August,2025,7,2
Nigeria,Katsina,Batagarawa,NGA,NG021002,NG02,August,2025,0,0
Nigeria,Katsina,Batsari,NGA,NG021003,NG02,August,2025,0,0
Nigeria,Katsina,Baure,NGA,NG021004,NG02,August,2025,0,0
Nigeria,Katsina,Bindawa,NGA,NG021005,NG02,August,2025,0,0
Nigeria,Katsina,Charanchi,NGA,NG021006,NG02,August,2025,2,2
Nigeria,Katsina,Dan-Musa,NGA,NG021007,NG02,August,2025,2,1
Nigeria,Katsina,Dandume,NGA,NG021008,NG02,August,2025,9,4
Nigeria,Katsina,Danja,NGA,NG021009,NG02,August,2025,1,0
Nigeria,Katsina,Daura,NGA,NG021010,NG02,August,2025,0,0
Nigeria,Katsina,Dutsi,NGA,NG021011,NG02,August,2025,0,0
Nigeria,Katsina,Dutsinma,NGA,NG021012,NG02,August,2025,8,7
Nigeria,Katsina,Faskari,NGA,NG021013,NG02,August,2025,10,11
Nigeria,Katsina,Funtua,NGA,NG021014,NG02,August,2025,2,0
Nigeria,Katsina,Ingawa,NGA,NG021015,NG02,August,2025,0,0
Nigeria,Katsina,Jibia,NGA,NG021016,NG02,August,2025,3,1
Nigeria,Katsina,Kafur,NGA,NG021017,NG02,August,2025,1,0
Nigeria,Katsina,Kaita,NGA,NG021018,NG02,August,2025,1,2
Nigeria,Katsina,Kankara,NGA,NG021019,NG02,August,2025,6,9
Nigeria,Katsina,Kankia,NGA,NG021020,NG02,August,2025,0,0
Nigeria,Katsina,Katsina,NGA,NG021021,NG02,August,2025,1,1
Nigeria,Katsina,Kurfi,NGA,NG021022,NG02,August,2025,5,9
Nigeria,Katsina,Kusada,NGA,NG021023,NG02,August,2025,0,0
Nigeria,Katsina,Maiadua,NGA,NG021024,NG02,August,2025,0,0
Nigeria,Katsina,Malumfashi,NGA,NG021025,NG02,August,2025,24,53
Nigeria,Katsina,Mani,NGA,NG021026,NG02,August,2025,0,0
Nigeria,Katsina,Mashi,NGA,NG021027,NG02,August,2025,0,0
Nigeria,Katsina,Matazu,NGA,NG021028,NG02,August,2025,9,33
Nigeria,Katsina,Musawa,NGA,NG021029,NG02,August,2025,0,0
Nigeria,Katsina,Rimi,NGA,NG021030,NG02,August,2025,0,0
Nigeria,Katsina,Sabuwa,NGA,NG021031,NG02,August,2025,5,6
Nigeria,Katsina,Safana,NGA,NG021032,NG02,August,2025,1,0
Nigeria,Katsina,Sandamu,NGA,NG021033,NG02,August,2025,0,0
Nigeria,Katsina,Zango,NGA,NG021034,NG02,August,2025,0,0
Nigeria,Kebbi,Alieru,NGA,NG022001,NG02,August,2025,0,0
Nigeria,Kebbi,Arewa,NGA,NG022002,NG02,August,2025,1,1
Nigeria,Kebbi,Argungu,NGA,NG022003,NG02,August,2025,0,0
Nigeria,Kebbi,Augie,NGA,NG022004,NG02,August,2025,0,0
Nigeria,Kebbi,Bagudo,NGA,NG022005,NG02,August,2025,0,0
Nigeria,Kebbi,Birnin-Kebbi,NGA,NG022006,NG02,August,2025,0,0
Nigeria,Kebbi,Bunza,NGA,NG022007,NG02,August,2025,0,0
Nigeria,Kebbi,Dandi Kamba,NGA,NG022008,NG02,August,2025,0,0
Nigeria,Kebbi,Danko,NGA,NG022019,NG02,August,2025,1,0
Nigeria,Kebbi,Fakai,NGA,NG022009,NG02,August,2025,0,0
Nigeria,Kebbi,Gwandu,NGA,NG022010,NG02,August,2025,0,0
Nigeria,Kebbi,Jega,NGA,NG022011,NG02,August,2025,0,0
Nigeria,Kebbi,Kalgo,NGA,NG022012,NG02,August,2025,0,0
Nigeria,Kebbi,Koko,NGA,NG022013,NG02,August,2025,0,0
Nigeria,Kebbi,Maiyama,NGA,NG022014,NG02,August,2025,0,0
Nigeria,Kebbi,Ngaski,NGA,NG022015,NG02,August,2025,0,0
Nigeria,Kebbi,Sakaba,NGA,NG022016,NG02,August,2025,0,0
Nigeria,Kebbi,Shanga,NGA,NG022017,NG02,August,2025,4,6
Nigeria,Kebbi,Suru,NGA,NG022018,NG02,August,2025,0,0
Nigeria,Kebbi,Yauri,NGA,NG022020,NG02,August,2025,0,0
Nigeria,Kebbi,Zuru,NGA,NG022021,NG02,August,2025,0,0
Nigeria,Kogi,Adavi,NGA,NG023001,NG02,August,2025,0,0
Nigeria,Kogi,Ajaokuta,NGA,NG023002,NG02,August,2025,0,0
Nigeria,Kogi,Ankpa,NGA,NG023003,NG02,August,2025,0,0
Nigeria,Kogi,Bassa,NGA,NG023004,NG02,August,2025,0,0
Nigeria,Kogi,Dekina,NGA,NG023005,NG02,August,2025,2,0
Nigeria,Kogi,Ibaji,NGA,NG023006,NG02,August,2025,0,0
Nigeria,Kogi,Idah,NGA,NG023007,NG02,August,2025,0,0
Nigeria,Kogi,Igalamela,NGA,NG023008,NG02,August,2025,0,0
Nigeria,Kogi,Ijumu,NGA,NG023009,NG02,August,2025,0,0
Nigeria,Kogi,Kabba,NGA,NG023010,NG02,August,2025,0,0
Nigeria,Kogi,Kogi,NGA,NG023011,NG02,August,2025,0,0
Nigeria,Kogi,Lokoja,NGA,NG023012,NG02,August,2025,2,0
Nigeria,Kogi,Mopa-Muro,NGA,NG023013,NG02,August,2025,0,0
Nigeria,Kogi,Ofu,NGA,NG023014,NG02,August,2025,4,0
Nigeria,Kogi,Ogori,NGA,NG023015,NG02,August,2025,0,0
Nigeria,Kogi,Okehi,NGA,NG023016,NG02,August,2025,1,0
Nigeria,Kogi,Okene,NGA,NG023017,NG02,August,2025,0,0
Nigeria,Kogi,Olamaboro,NGA,NG023018,NG02,August,2025,0,0
Nigeria,Kogi,Omala,NGA,NG023019,NG02,August,2025,0,0
Nigeria,Kogi,Yagba East,NGA,NG023020,NG02,August,2025,0,0
Nigeria,Kogi,Yagba West,NGA,NG023021,NG02,August,2025,0,0
Nigeria,Kwara,Asa,NGA,NG024001,NG02,August,2025,0,0
Nigeria,Kwara,Baruten,NGA,NG024002,NG02,August,2025,2,1
Nigeria,Kwara,Edu,NGA,NG024003,NG02,August,2025,5,1
Nigeria,Kwara,Ekiti,NGA,NG024004,NG02,August,2025,0,0
Nigeria,Kwara,Ifelodun,NGA,NG024005,NG02,August,2025,10,53
Nigeria,Kwara,Ilorin East,NGA,NG024006,NG02,August,2025,2,2
Nigeria,Kwara,Ilorin South,NGA,NG024007,NG02,August,2025,0,0
Nigeria,Kwara,Ilorin West,NGA,NG024008,NG02,August,2025,0,0
Nigeria,Kwara,Irepodun,NGA,NG024009,NG02,August,2025,1,3
Nigeria,Kwara,Kai Ama,NGA,NG024011,NG02,August,2025,0,0
Nigeria,Kwara,Moro,NGA,NG024012,NG02,August,2025,0,0
Nigeria,Kwara,Offa,NGA,NG024013,NG02,August,2025,0,0
Nigeria,Kwara,Oke-Ero,NGA,NG024014,NG02,August,2025,1,0
Nigeria,Kwara,Osin,NGA,NG024010,NG02,August,2025,2,0
Nigeria,Kwara,Oyun,NGA,NG024015,NG02,August,2025,0,0
Nigeria,Kwara,Pategi,NGA,NG024016,NG02,August,2025,6,2
Nigeria,Lagos,Agege,NGA,NG025001,NG02,August,2025,0,0
Nigeria,Lagos,Ajeromi,NGA,NG025002,NG02,August,2025,0,0
Nigeria,Lagos,Alimosho,NGA,NG025003,NG02,August,2025,2,1
Nigeria,Lagos,Amowo-Odofin,NGA,NG025004,NG02,August,2025,0,0
Nigeria,Lagos,Apapa,NGA,NG025005,NG02,August,2025,1,1
Nigeria,Lagos,Badagry,NGA,NG025006,NG02,August,2025,0,0
Nigeria,Lagos,Epe,NGA,NG025007,NG02,August,2025,0,0
Nigeria,Lagos,Eti-Osa,NGA,NG025008,NG02,August,2025,1,1
Nigeria,Lagos,Ibeju-Lekki,NGA,NG025009,NG02,August,2025,3,4
Nigeria,Lagos,Ifako,NGA,NG025010,NG02,August,2025,1,0
Nigeria,Lagos,Ikeja,NGA,NG025011,NG02,August,2025,0,0
Nigeria,Lagos,Ikorodu,NGA,NG025012,NG02,August,2025,0,0
Nigeria,Lagos,Kosofe,NGA,NG025013,NG02,August,2025,1,3
Nigeria,Lagos,Lagos Island,NGA,NG025014,NG02,August,2025,3,11
Nigeria,Lagos,Lagos Mainland,NGA,NG025015,NG02,August,2025,1,0
Nigeria,Lagos,Mushin,NGA,NG025016,NG02,August,2025,0,0
Nigeria,Lagos,Ojo,NGA,NG025017,NG02,August,2025,2,1
Nigeria,Lagos,Oshodi,NGA,NG025018,NG02,August,2025,0,0
Nigeria,Lagos,Somolu,NGA,NG025019,NG02,August,2025,0,0
Nigeria,Lagos,Surulere,NGA,NG025020,NG02,August,2025,0,0
Nigeria,Nassarawa,Akwanga,NGA,NG026001,NG02,August,2025,0,0
Nigeria,Nassarawa,Awe,NGA,NG026002,NG02,August,2025,1,0
Nigeria,Nassarawa,Doma,NGA,NG026003,NG02,August,2025,0,0
Nigeria,Nassarawa,Karu,NGA,NG026004,NG02,August,2025,3,1
Nigeria,Nassarawa,Keana,NGA,NG026005,NG02,August,2025,0,0
Nigeria,Nassarawa,Keffi,NGA,NG026006,NG02,August,2025,0,0
Nigeria,Nassarawa,Kokona,NGA,NG026007,NG02,August,2025,0,0
Nigeria,Nassarawa,Lafia,NGA,NG026008,NG02,August,2025,7,9
Nigeria,Nassarawa,Nasarawa,NGA,NG026009,NG02,August,2025,1,0
Nigeria,Nassarawa,Nasarawa Eggon,NGA,NG026010,NG02,August,2025,0,0
Nigeria,Nassarawa,Obi,NGA,NG026011,NG02,August,2025,0,0
Nigeria,Nassarawa,Toto,NGA,NG026012,NG02,August,2025,1,0
Nigeria,Nassarawa,Wamba,NGA,NG026013,NG02,August,2025,0,0
Nigeria,Niger,Agaie,NGA,NG027001,NG02,August,2025,1,1
Nigeria,Niger,Agwara,NGA,NG027002,NG02,August,2025,0,0
Nigeria,Niger,Bida,NGA,NG027003,NG02,August,2025,0,0
Nigeria,Niger,Borgu,NGA,NG027004,NG02,August,2025,5,2
Nigeria,Niger,Bosso,NGA,NG027005,NG02,August,2025,0,0
Nigeria,Niger,Edati,NGA,NG027017,NG02,August,2025,0,0
Nigeria,Niger,Gbako,NGA,NG027008,NG02,August,2025,0,0
Nigeria,Niger,Gurara,NGA,NG027009,NG02,August,2025,0,0
Nigeria,Niger,Katcha,NGA,NG027010,NG02,August,2025,0,0
Nigeria,Niger,Kontagora,NGA,NG027011,NG02,August,2025,0,0
Nigeria,Niger,Lapai,NGA,NG027012,NG02,August,2025,0,0
Nigeria,Niger,Lavun,NGA,NG027013,NG02,August,2025,0,0
Nigeria,Niger,Magama,NGA,NG027014,NG02,August,2025,0,0
Nigeria,Niger,Mariga,NGA,NG027015,NG02,August,2025,3,59
Nigeria,Niger,Mashegu,NGA,NG027016,NG02,August,2025,1,0
Nigeria,Niger,Minna,NGA,NG027006,NG02,August,2025,0,0
Nigeria,Niger,Mokwa,NGA,NG027017,NG02,August,2025,0,0
Nigeria,Niger,Muya,NGA,NG027018,NG02,August,2025,0,0
Nigeria,Niger,Paikoro,NGA,NG027019,NG02,August,2025,0,0
Nigeria,Niger,Rafi,NGA,NG027020,NG02,August,2025,3,1
Nigeria,Niger,Rijau,NGA,NG027021,NG02,August,2025,0,0
Nigeria,Niger,Shiroro,NGA,NG027022,NG02,August,2025,1,1
Nigeria,Niger,Suleja,NGA,NG027023,NG02,August,2025,1,3
Nigeria,Niger,Tafa,NGA,NG027024,NG02,August,2025,0,0
Nigeria,Niger,Wushishi,NGA,NG027025,NG02,August,2025,1,2
Nigeria,Ogun,Abeokuta North,NGA,NG028001,NG02,August,2025,0,0
Nigeria,Ogun,Abeokuta South,NGA,NG028002,NG02,August,2025,1,0
Nigeria,Ogun,Ado-Odo,NGA,NG028003,NG02,August,2025,1,1
Nigeria,Ogun,Egbado North,NGA,NG028004,NG02,August,2025,0,0
Nigeria,Ogun,Egbado South,NGA,NG028005,NG02,August,2025,0,0
Nigeria,Ogun,Ewekoro,NGA,NG028006,NG02,August,2025,0,0
Nigeria,Ogun,Ifo,NGA,NG028007,NG02,August,2025,0,0
Nigeria,Ogun,Ijebu East,NGA,NG028008,NG02,August,2025,0,0
Nigeria,Ogun,Ijebu North,NGA,NG028009,NG02,August,2025,0,0
Nigeria,Ogun,Ijebu North East,NGA,NG028010,NG02,August,2025,0,0
Nigeria,Ogun,Ijebu Ode,NGA,NG028010,NG02,August,2025,0,0
Nigeria,Ogun,Ikenne,NGA,NG028012,NG02,August,2025,0,0
Nigeria,Ogun,Imeko-Afon,NGA,NG028013,NG02,August,2025,0,0
Nigeria,Ogun,Ipokia,NGA,NG028014,NG02,August,2025,0,0
Nigeria,Ogun,Obafemi,NGA,NG028015,NG02,August,2025,0,0
Nigeria,Ogun,Odedah,NGA,NG028016,NG02,August,2025,0,0
Nigeria,Ogun,Odogbolu,NGA,NG028017,NG02,August,2025,0,0
Nigeria,Ogun,Ogun Waterside,NGA,NG028018,NG02,August,2025,0,0
Nigeria,Ogun,Remo North,NGA,NG028019,NG02,August,2025,0,0
Nigeria,Ogun,Shagamu,NGA,NG028020,NG02,August,2025,0,0
Nigeria,Ondo,Akoko North East,NGA,NG029001,NG02,August,2025,1,3
Nigeria,Ondo,Akoko North West,NGA,NG029002,NG02,August,2025,0,0
Nigeria,Ondo,Akoko South East,NGA,NG029003,NG02,August,2025,0,0
Nigeria,Ondo,Akoko South West,NGA,NG029004,NG02,August,2025,1,0
Nigeria,Ondo,Akure North,NGA,NG029005,NG02,August,2025,1,1
Nigeria,Ondo,Akure South,NGA,NG029006,NG02,August,2025,1,0
Nigeria,Ondo,Ese-Edo,NGA,NG029007,NG02,August,2025,0,0
Nigeria,Ondo,Idanre,NGA,NG029008,NG02,August,2025,0,0
Nigeria,Ondo,Ifedore,NGA,NG029009,NG02,August,2025,0,0
Nigeria,Ondo,Ilaje,NGA,NG029010,NG02,August,2025,0,0
Nigeria,Ondo,Ile-Oluji-Okeigbo,NGA,NG029011,NG02,August,2025,0,0
Nigeria,Ondo,Irele,NGA,NG029012,NG02,August,2025,0,0
Nigeria,Ondo,Odigbo,NGA,NG029013,NG02,August,2025,0,0
Nigeria,Ondo,Okitipupa,NGA,NG029014,NG02,August,2025,0,0
Nigeria,Ondo,Ondo East,NGA,NG029015,NG02,August,2025,0,0
Nigeria,Ondo,Ondo West,NGA,NG029016,NG02,August,2025,0,0
Nigeria,Ondo,Ose,NGA,NG029017,NG02,August,2025,0,0
Nigeria,Ondo,Owo,NGA,NG029018,NG02,August,2025,1,0
Nigeria,Osun,Aiyedade,NGA,NG030001,NG03,August,2025,0,0
Nigeria,Osun,Aiyedire,NGA,NG030002,NG03,August,2025,0,0
Nigeria,Osun,Atakumosa East,NGA,NG030003,NG03,August,2025,0,0
Nigeria,Osun,Atakumosa West,NGA,NG030004,NG03,August,2025,0,0
Nigeria,Osun,Boluwaduro,NGA,NG030005,NG03,August,2025,0,0
Nigeria,Osun,Boripe,NGA,NG030006,NG03,August,2025,0,0
Nigeria,Osun,Ede North,NGA,NG030007,NG03,August,2025,0,0
Nigeria,Osun,Ede South,NGA,NG030008,NG03,August,2025,0,0
Nigeria,Osun,Egbedore,NGA,NG030009,NG03,August,2025,0,0
Nigeria,Osun,Ejigbo,NGA,NG030010,NG03,August,2025,0,0
Nigeria,Osun,Ife Central,NGA,NG030011,NG03,August,2025,0,0
Nigeria,Osun,Ife East,NGA,NG030012,NG03,August,2025,0,0
Nigeria,Osun,Ife North,NGA,NG030013,NG03,August,2025,1,0
Nigeria,Osun,Ife South,NGA,NG030014,NG03,August,2025,0,0
Nigeria,Osun,Ifedayo,NGA,NG030015,NG03,August,2025,0,0
Nigeria,Osun,Ifelodun,NGA,NG030016,NG03,August,2025,0,0
Nigeria,Osun,Ila,NGA,NG030017,NG03,August,2025,0,0
Nigeria,Osun,Ilesha East,NGA,NG030018,NG03,August,2025,0,0
Nigeria,Osun,Ilesha West,NGA,NG030019,NG03,August,2025,0,0
Nigeria,Osun,Irepodun,NGA,NG030020,NG03,August,2025,0,0
Nigeria,Osun,Irewole,NGA,NG030021,NG03,August,2025,0,0
Nigeria,Osun,Isokan,NGA,NG030022,NG03,August,2025,0,0
Nigeria,Osun,Iwo,NGA,NG030023,NG03,August,2025,1,0
Nigeria,Osun,Obokun,NGA,NG030024,NG03,August,2025,0,0
Nigeria,Osun,Odo-Otin,NGA,NG030025,NG03,August,2025,0,0
Nigeria,Osun,Ola-Oluwa,NGA,NG030026,NG03,August,2025,0,0
Nigeria,Osun,Olorunda,NGA,NG030027,NG03,August,2025,0,0
Nigeria,Osun,Oriade,NGA,NG030028,NG03,August,2025,0,0
Nigeria,Osun,Orolu,NGA,NG030029,NG03,August,2025,0,0
Nigeria,Osun,Osogbo,NGA,NG030030,NG03,August,2025,1,1
Nigeria,Oyo,Afijio,NGA,NG031001,NG03,August,2025,0,0
Nigeria,Oyo,Akinyele,NGA,NG031002,NG03,August,2025,0,0
Nigeria,Oyo,Atiba,NGA,NG031003,NG03,August,2025,0,0
Nigeria,Oyo,Atisbo,NGA,NG031004,NG03,August,2025,0,0
Nigeria,Oyo,Egbeda,NGA,NG031005,NG03,August,2025,0,0
Nigeria,Oyo,Ibadan North,NGA,NG031006,NG03,August,2025,0,0
Nigeria,Oyo,Ibadan North East,NGA,NG031007,NG03,August,2025,0,0
Nigeria,Oyo,Ibadan North West,NGA,NG031008,NG03,August,2025,1,0
Nigeria,Oyo,Ibadan South East,NGA,NG031009,NG03,August,2025,0,0
Nigeria,Oyo,Ibadan South West,NGA,NG031010,NG03,August,2025,0,0
Nigeria,Oyo,Ibarapa Central,NGA,NG031011,NG03,August,2025,0,0
Nigeria,Oyo,Ibarapa East,NGA,NG031012,NG03,August,2025,0,0
Nigeria,Oyo,Ibarapa North,NGA,NG031013,NG03,August,2025,0,0
Nigeria,Oyo,Ido,NGA,NG031014,NG03,August,2025,0,0
Nigeria,Oyo,Irepo,NGA,NG031015,NG03,August,2025,0,0
Nigeria,Oyo,Iseyin,NGA,NG031016,NG03,August,2025,0,0
Nigeria,Oyo,Itesiwaju,NGA,NG031017,NG03,August,2025,0,0
Nigeria,Oyo,Iwajowa,NGA,NG031018,NG03,August,2025,0,0
Nigeria,Oyo,Kajola,NGA,NG031019,NG03,August,2025,0,0
Nigeria,Oyo,Lagelu,NGA,NG031020,NG03,August,2025,0,0
Nigeria,Oyo,Ogbomosho North,NGA,NG031021,NG03,August,2025,1,1
Nigeria,Oyo,Ogbomosho South,NGA,NG031022,NG03,August,2025,0,0
Nigeria,Oyo,Ogo-Oluwa,NGA,NG031023,NG03,August,2025,0,0
Nigeria,Oyo,Olorunsogo,NGA,NG031024,NG03,August,2025,0,0
Nigeria,Oyo,Oluyole,NGA,NG031025,NG03,August,2025,0,0
Nigeria,Oyo,Ona-Ara,NGA,NG031026,NG03,August,2025,0,0
Nigeria,Oyo,Orelope,NGA,NG031027,NG03,August,2025,0,0
Nigeria,Oyo,Ori Ire,NGA,NG031028,NG03,August,2025,0,0
Nigeria,Oyo,Oyo East,NGA,NG031029,NG03,August,2025,0,0
Nigeria,Oyo,Oyo West,NGA,NG031030,NG03,August,2025,0,0
Nigeria,Oyo,Saki East,NGA,NG031031,NG03,August,2025,0,0
Nigeria,Oyo,Saki West,NGA,NG031032,NG03,August,2025,0,0
Nigeria,Oyo,Surulere,NGA,NG031033,NG03,August,2025,0,0
Nigeria,Plateau,Barkin Ladi,NGA,NG032001,NG03,August,2025,2,3
Nigeria,Plateau,Bassa,NGA,NG032002,NG03,August,2025,0,0
Nigeria,Plateau,Bokkos,NGA,NG032003,NG03,August,2025,8,12
Nigeria,Plateau,Jos East,NGA,NG032004,NG03,August,2025,0,0
Nigeria,Plateau,Jos North,NGA,NG032005,NG03,August,2025,1,0
Nigeria,Plateau,Jos South,NGA,NG032006,NG03,August,2025,1,0
Nigeria,Plateau,Kanam,NGA,NG032007,NG03,August,2025,0,0
Nigeria,Plateau,Kanke,NGA,NG032008,NG03,August,2025,0,0
Nigeria,Plateau,Langtang North,NGA,NG032009,NG03,August,2025,0,0
Nigeria,Plateau,Langtang South,NGA,NG032010,NG03,August,2025,0,0
Nigeria,Plateau,Mangu,NGA,NG032011,NG03,August,2025,1,15
Nigeria,Plateau,Mikang,NGA,NG032012,NG03,August,2025,0,0
Nigeria,Plateau,Pankshin,NGA,NG032013,NG03,August,2025,0,0
Nigeria,Plateau,Quan-Pan,NGA,NG032014,NG03,August,2025,1,4
Nigeria,Plateau,Riyom,NGA,NG032015,NG03,August,2025,2,6
Nigeria,Plateau,Shendam,NGA,NG032016,NG03,August,2025,0,0
Nigeria,Plateau,Wase,NGA,NG032017,NG03,August,2025,0,0
Nigeria,Rivers,Ahoada,NGA,NG033002,NG03,August,2025,0,0
Nigeria,Rivers,Ahoada West,NGA,NG033003,NG03,August,2025,0,0
Nigeria,Rivers,Akukutoru,NGA,NG033004,NG03,August,2025,0,0
Nigeria,Rivers,Andoni,NGA,NG033005,NG03,August,2025,0,0
Nigeria,Rivers,Asaritoru,NGA,NG033006,NG03,August,2025,0,0
Nigeria,Rivers,Bonny,NGA,NG033007,NG03,August,2025,0,0
Nigeria,Rivers,Degema,NGA,NG033008,NG03,August,2025,0,0
Nigeria,Rivers,Eleme,NGA,NG033009,NG03,August,2025,0,0
Nigeria,Rivers,Emohua,NGA,NG033010,NG03,August,2025,0,0
Nigeria,Rivers,Etche,NGA,NG033011,NG03,August,2025,0,0
Nigeria,Rivers,Gonaka,NGA,NG033012,NG03,August,2025,0,0
Nigeria,Rivers,Ikwerre,NGA,NG033013,NG03,August,2025,1,4
Nigeria,Rivers,Khana,NGA,NG033014,NG03,August,2025,0,0
Nigeria,Rivers,Obio,NGA,NG033015,NG03,August,2025,0,0
Nigeria,Rivers,Obua,NGA,NG033001,NG03,August,2025,0,0
Nigeria,Rivers,Ogba,NGA,NG033016,NG03,August,2025,0,0
Nigeria,Rivers,Ogu,NGA,NG033017,NG03,August,2025,0,0
Nigeria,Rivers,Okrika,NGA,NG033018,NG03,August,2025,0,0
Nigeria,Rivers,Omumma,NGA,NG033019,NG03,August,2025,0,0
Nigeria,Rivers,Opobo,NGA,NG033020,NG03,August,2025,0,0
Nigeria,Rivers,Oyigbo,NGA,NG033021,NG03,August,2025,0,0
Nigeria,Rivers,Port Harcourt,NGA,NG033022,NG03,August,2025,1,0
Nigeria,Rivers,Tai,NGA,NG033023,NG03,August,2025,0,0
Nigeria,Sokoto,Binji,NGA,NG034001,NG03,August,2025,0,0
Nigeria,Sokoto,Bodinga,NGA,NG034002,NG03,August,2025,0,0
Nigeria,Sokoto,Dange-Shuni,NGA,NG034003,NG03,August,2025,1,0
Nigeria,Sokoto,Gada,NGA,NG034004,NG03,August,2025,0,0
Nigeria,Sokoto,Goronyo,NGA,NG034006,NG03,August,2025,1,0
Nigeria,Sokoto,Gudu,NGA,NG034007,NG03,August,2025,0,0
Nigeria,Sokoto,Gwadabawa,NGA,NG034005,NG03,August,2025,3,9
Nigeria,Sokoto,Illela,NGA,NG034008,NG03,August,2025,1,0
Nigeria,Sokoto,Isa,NGA,NG034009,NG03,August,2025,4,6
Nigeria,Sokoto,Kebbe,NGA,NG034010,NG03,August,2025,0,0
Nigeria,Sokoto,Kware,NGA,NG034011,NG03,August,2025,1,1
Nigeria,Sokoto,Rabah,NGA,NG034012,NG03,August,2025,6,1
Nigeria,Sokoto,Sabon Birni,NGA,NG034013,NG03,August,2025,12,23
Nigeria,Sokoto,Shagari,NGA,NG034014,NG03,August,2025,0,0
Nigeria,Sokoto,Silame,NGA,NG034015,NG03,August,2025,0,0
Nigeria,Sokoto,Sokoto North,NGA,NG034016,NG03,August,2025,1,0
Nigeria,Sokoto,Sokoto South,NGA,NG034017,NG03,August,2025,0,0
Nigeria,Sokoto,Tambuwal,NGA,NG034018,NG03,August,2025,1,0
Nigeria,Sokoto,Tangaza,NGA,NG034019,NG03,August,2025,3,17
Nigeria,Sokoto,Tureta,NGA,NG034020,NG03,August,2025,5,3
Nigeria,Sokoto,Wamakko,NGA,NG034021,NG03,August,2025,1,2
Nigeria,Sokoto,Wurno,NGA,NG034022,NG03,August,2025,3,7
Nigeria,Sokoto,Yabo,NGA,NG034023,NG03,August,2025,0,0
Nigeria,Taraba,Ardo Kola,NGA,NG035001,NG03,August,2025,2,1
Nigeria,Taraba,Bali,NGA,NG035002,NG03,August,2025,2,2
Nigeria,Taraba,Donga,NGA,NG035003,NG03,August,2025,0,0
Nigeria,Taraba,Gashaka,NGA,NG035004,NG03,August,2025,0,0
Nigeria,Taraba,Gassol,NGA,NG035005,NG03,August,2025,0,0
Nigeria,Taraba,Ibi,NGA,NG035006,NG03,August,2025,0,0
Nigeria,Taraba,Jalingo,NGA,NG035007,NG03,August,2025,0,0
Nigeria,Taraba,Karim Lamidu,NGA,NG035008,NG03,August,2025,2,3
Nigeria,Taraba,Kurmi,NGA,NG035009,NG03,August,2025,0,0
Nigeria,Taraba,Lau,NGA,NG035010,NG03,August,2025,1,1
Nigeria,Taraba,Sardauna,NGA,NG035011,NG03,August,2025,0,0
Nigeria,Taraba,Takum,NGA,NG035012,NG03,August,2025,2,0
Nigeria,Taraba,Ussa,NGA,NG035013,NG03,August,2025,0,0
Nigeria,Taraba,Wukari,NGA,NG035014,NG03,August,2025,2,0
Nigeria,Taraba,Yorro,NGA,NG035015,NG03,August,2025,0,0
Nigeria,Taraba,Zing,NGA,NG035016,NG03,August,2025,0,0
Nigeria,Yobe,Bade,NGA,NG036001,NG03,August,2025,1,2
Nigeria,Yobe,Bursari,NGA,NG036002,NG03,August,2025,0,0
Nigeria,Yobe,Damaturu,NGA,NG036003,NG03,August,2025,2,3
Nigeria,Yobe,Fika,NGA,NG036004,NG03,August,2025,0,0
Nigeria,Yobe,Fune,NGA,NG036005,NG03,August,2025,0,0
Nigeria,Yobe,Geidam,NGA,NG036006,NG03,August,2025,0,0
Nigeria,Yobe,Gujba,NGA,NG036007,NG03,August,2025,1,1
Nigeria,Yobe,Gulami,NGA,NG036008,NG03,August,2025,0,0
Nigeria,Yobe,Jakusko,NGA,NG036009,NG03,August,2025,0,0
Nigeria,Yobe,Karasuwa,NGA,NG036010,NG03,August,2025,0,0
Nigeria,Yobe,Machina,NGA,NG036011,NG03,August,2025,0,0
Nigeria,Yobe,Nangere,NGA,NG036012,NG03,August,2025,0,0
Nigeria,Yobe,Nguru,NGA,NG036013,NG03,August,2025,0,0
Nigeria,Yobe,Potiskum,NGA,NG036014,NG03,August,2025,0,0
Nigeria,Yobe,Tarmua,NGA,NG036015,NG03,August,2025,0,0
Nigeria,Yobe,Yunusari,NGA,NG036016,NG03,August,2025,0,0
Nigeria,Yobe,Yusufari,NGA,NG036017,NG03,August,2025,0,0
Nigeria,Zamfara,Anka,NGA,NG037001,NG03,August,2025,0,0
Nigeria,Zamfara,Bakura,NGA,NG037002,NG03,August,2025,8,19
Nigeria,Zamfara,Bukkuyum,NGA,NG037004,NG03,August,2025,10,115
Nigeria,Zamfara,Bungudu,NGA,NG037005,NG03,August,2025,1,2
Nigeria,Zamfara,Gummi,NGA,NG037006,NG03,August,2025,0,0
Nigeria,Zamfara,Gusau,NGA,NG037007,NG03,August,2025,4,17
Nigeria,Zamfara,Kaura Namoda,NGA,NG037008,NG03,August,2025,8,7
Nigeria,Zamfara,Kiyawa,NGA,NG037003,NG03,August,2025,1,0
Nigeria,Zamfara,Maradun,NGA,NG037009,NG03,August,2025,0,0
Nigeria,Zamfara,Maru,NGA,NG037010,NG03,August,2025,1,10
Nigeria,Zamfara,Shinkafi,NGA,NG037011,NG03,August,2025,5,26
Nigeria,Zamfara,Talata Mafara,NGA,NG037012,NG03,August,2025,4,4
Nigeria,Zamfara,Tsafe,NGA,NG037013,NG03,August,2025,14,23
Nigeria,Zamfara,Zurmi,NGA,NG037014,NG03,August,2025,6,2
Nigeria,Abia,Aba North,NGA,NG001001,NG00,September,2025,0,0
Nigeria,Abia,Aba South,NGA,NG001002,NG00,September,2025,0,0
Nigeria,Abia,Arochukwu,NGA,NG001003,NG00,September,2025,0,0
Nigeria,Abia,Bende,NGA,NG001004,NG00,September,2025,0,0
Nigeria,Abia,Ikwuano,NGA,NG001005,NG00,September,2025,0,0
Nigeria,Abia,Isiala Ngwa North,NGA,NG001007,NG00,September,2025,0,0
Nigeria,Abia,Isiala Ngwa South,NGA,NG001006,NG00,September,2025,0,0
Nigeria,Abia,Isuikwuato,NGA,NG001008,NG00,September,2025,0,0
Nigeria,Abia,Nneochi,NGA,NG001017,NG00,September,2025,0,0
Nigeria,Abia,Obioma Ngwa,NGA,NG001009,NG00,September,2025,0,0
Nigeria,Abia,Ohafia,NGA,NG001010,NG00,September,2025,0,0
Nigeria,Abia,Osisioma,NGA,NG001011,NG00,September,2025,0,0
Nigeria,Abia,Ugwunagbo,NGA,NG001012,NG00,September,2025,0,0
Nigeria,Abia,Ukwa East,NGA,NG001013,NG00,September,2025,0,0
Nigeria,Abia,Ukwa West,NGA,NG001014,NG00,September,2025,1,2
Nigeria,Abia,Umuahia North,NGA,NG001015,NG00,September,2025,0,0
Nigeria,Abia,Umuahia South,NGA,NG001016,NG00,September,2025,0,0
Nigeria,Adamawa,Demsa,NGA,NG002001,NG00,September,2025,0,0
Nigeria,Adamawa,Fufore,NGA,NG002002,NG00,September,2025,0,0
Nigeria,Adamawa,Ganye,NGA,NG002003,NG00,September,2025,0,0
Nigeria,Adamawa,Girei,NGA,NG002005,NG00,September,2025,0,0
Nigeria,Adamawa,Gombi,NGA,NG002004,NG00,September,2025,0,0
Nigeria,Adamawa,Guyuk,NGA,NG002006,NG00,September,2025,0,0
Nigeria,Adamawa,Hong,NGA,NG002007,NG00,September,2025,1,0
Nigeria,Adamawa,Jada,NGA,NG002008,NG00,September,2025,0,0
Nigeria,Adamawa,Lamurde,NGA,NG002009,NG00,September,2025,0,0
Nigeria,Adamawa,Madagali,NGA,NG002010,NG00,September,2025,4,7
Nigeria,Adamawa,Maiha,NGA,NG002011,NG00,September,2025,0,0
Nigeria,Adamawa,Mayo-Belwa,NGA,NG002012,NG00,September,2025,0,0
Nigeria,Adamawa,Michika,NGA,NG002013,NG00,September,2025,0,0
Nigeria,Adamawa,Mubi North,NGA,NG002014,NG00,September,2025,0,0
Nigeria,Adamawa,Mubi South,NGA,NG002015,NG00,September,2025,0,0
Nigeria,Adamawa,Numan,NGA,NG002016,NG00,September,2025,0,0
Nigeria,Adamawa,Shelleng,NGA,NG002017,NG00,September,2025,1,1
Nigeria,Adamawa,Song,NGA,NG002018,NG00,September,2025,0,0
Nigeria,Adamawa,Toungo,NGA,NG002019,NG00,September,2025,0,0
Nigeria,Adamawa,Yola-North,NGA,NG002021,NG00,September,2025,0,0
Nigeria,Adamawa,Yola-South,NGA,NG002020,NG00,September,2025,0,0
Nigeria,Akwa Ibom,Abak,NGA,NG003001,NG00,September,2025,1,0
Nigeria,Akwa Ibom,Eastern Obolo,NGA,NG003002,NG00,September,2025,0,0
Nigeria,Akwa Ibom,Eket,NGA,NG003003,NG00,September,2025,0,0
Nigeria,Akwa Ibom,Ekpe Atai,NGA,NG003004,NG00,September,2025,0,0
Nigeria,Akwa Ibom,Essien Udim,NGA,NG003005,NG00,September,2025,0,0
Nigeria,Akwa Ibom,Etim Ekpo,NGA,NG003006,NG00,September,2025,0,0
Nigeria,Akwa Ibom,Etinan,NGA,NG003007,NG00,September,2025,0,0
Nigeria,Akwa Ibom,Ibeno,NGA,NG003008,NG00,September,2025,0,0
Nigeria,Akwa Ibom,Ibesikpo Asutan,NGA,NG003009,NG00,September,2025,0,0
Nigeria,Akwa Ibom,Ibiono Ibom,NGA,NG003010,NG00,September,2025,0,0
Nigeria,Akwa Ibom,Ika,NGA,NG003011,NG00,September,2025,0,0
Nigeria,Akwa Ibom,Ikono,NGA,NG003012,NG00,September,2025,0,0
Nigeria,Akwa Ibom,Ikot Abasi,NGA,NG003013,NG00,September,2025,0,0
Nigeria,Akwa Ibom,Ikot Ekpene,NGA,NG003014,NG00,September,2025,0,0
Nigeria,Akwa Ibom,Ini,NGA,NG003015,NG00,September,2025,0,0
Nigeria,Akwa Ibom,Itu,NGA,NG003016,NG00,September,2025,1,0
Nigeria,Akwa Ibom,Mbo,NGA,NG003017,NG00,September,2025,0,0
Nigeria,Akwa Ibom,Mkpat Enin,NGA,NG003018,NG00,September,2025,0,0
Nigeria,Akwa Ibom,Nsit Ibom,NGA,NG003020,NG00,September,2025,0,0
Nigeria,Akwa Ibom,Nsit Ubium,NGA,NG003021,NG00,September,2025,0,0
Nigeria,Akwa Ibom,Obat Akara,NGA,NG003022,NG00,September,2025,0,0
Nigeria,Akwa Ibom,Okobo,NGA,NG003023,NG00,September,2025,0,0
Nigeria,Akwa Ibom,Onna,NGA,NG003024,NG00,September,2025,0,0
Nigeria,Akwa Ibom,Oron,NGA,NG003025,NG00,September,2025,0,0
Nigeria,Akwa Ibom,Oruk Anam,NGA,NG003026,NG00,September,2025,0,0
Nigeria,Akwa Ibom,Udung Uko,NGA,NG003027,NG00,September,2025,0,0
Nigeria,Akwa Ibom,Ukanafun,NGA,NG003028,NG00,September,2025,0,0
Nigeria,Akwa Ibom,Uruan,NGA,NG003029,NG00,September,2025,0,0
Nigeria,Akwa Ibom,Urue Offong,NGA,NG003030,NG00,September,2025,0,0
Nigeria,Akwa Ibom,Uyo,NGA,NG003031,NG00,September,2025,1,0
Nigeria,Anambra,Aguata,NGA,NG004001,NG00,September,2025,1,0
Nigeria,Anambra,Anambra East,NGA,NG004002,NG00,September,2025,1,0
Nigeria,Anambra,Anambra West,NGA,NG004003,NG00,September,2025,0,0
Nigeria,Anambra,Aniocha,NGA,NG004004,NG00,September,2025,0,0
Nigeria,Anambra,Awka North,NGA,NG004005,NG00,September,2025,0,0
Nigeria,Anambra,Awka South,NGA,NG004006,NG00,September,2025,0,0
Nigeria,Anambra,Ayamelum,NGA,NG004007,NG00,September,2025,0,0
Nigeria,Anambra,Dunukofia,NGA,NG004008,NG00,September,2025,0,0
Nigeria,Anambra,Ekwusigwo,NGA,NG004009,NG00,September,2025,0,0
Nigeria,Anambra,Idemili North,NGA,NG004010,NG00,September,2025,1,4
Nigeria,Anambra,Idemili South,NGA,NG004011,NG00,September,2025,1,0
Nigeria,Anambra,Ihiala,NGA,NG004012,NG00,September,2025,0,0
Nigeria,Anambra,Njikoka,NGA,NG004013,NG00,September,2025,0,0
Nigeria,Anambra,Nnewi North,NGA,NG004014,NG00,September,2025,0,0
Nigeria,Anambra,Nnewi South,NGA,NG004015,NG00,September,2025,0,0
Nigeria,Anambra,Ogbaru,NGA,NG004016,NG00,September,2025,0,0
Nigeria,Anambra,Onisha North,NGA,NG004017,NG00,September,2025,1,4
Nigeria,Anambra,Onisha South,NGA,NG004018,NG00,September,2025,0,0
Nigeria,Anambra,Orumba North,NGA,NG004019,NG00,September,2025,0,0
Nigeria,Anambra,Orumba South,NGA,NG004020,NG00,September,2025,0,0
Nigeria,Anambra,Oyi,NGA,NG004021,NG00,September,2025,0,0
Nigeria,Bauchi,Alkaleri,NGA,NG005001,NG00,September,2025,1,0
Nigeria,Bauchi,Bauchi,NGA,NG005002,NG00,September,2025,0,0
Nigeria,Bauchi,Bogoro,NGA,NG005003,NG00,September,2025,0,0
Nigeria,Bauchi,Damban,NGA,NG005004,NG00,September,2025,0,0
Nigeria,Bauchi,Darazo,NGA,NG005005,NG00,September,2025,0,0
Nigeria,Bauchi,Dass,NGA,NG005006,NG00,September,2025,0,0
Nigeria,Bauchi,Gamawa,NGA,NG005007,NG00,September,2025,0,0
Nigeria,Bauchi,Ganjuwa,NGA,NG005008,NG00,September,2025,0,0
Nigeria,Bauchi,Giade,NGA,NG005009,NG00,September,2025,0,0
Nigeria,Bauchi,Itas-Gadau,NGA,NG005010,NG00,September,2025,0,0
Nigeria,Bauchi,Jamaare,NGA,NG005011,NG00,September,2025,0,0
Nigeria,Bauchi,Katagum,NGA,NG005012,NG00,September,2025,0,0
Nigeria,Bauchi,Kirfi,NGA,NG005013,NG00,September,2025,0,0
Nigeria,Bauchi,Misau,NGA,NG005014,NG00,September,2025,0,0
Nigeria,Bauchi,Ningi,NGA,NG005015,NG00,September,2025,1,0
Nigeria,Bauchi,Shira,NGA,NG005016,NG00,September,2025,0,0
Nigeria,Bauchi,Tafawa Balewa,NGA,NG005017,NG00,September,2025,0,0
Nigeria,Bauchi,Toro,NGA,NG005018,NG00,September,2025,1,0
Nigeria,Bauchi,Warji,NGA,NG005019,NG00,September,2025,0,0
Nigeria,Bauchi,Zaki,NGA,NG005020,NG00,September,2025,0,0
Nigeria,Bayelsa,Brass,NGA,NG006001,NG00,September,2025,0,0
Nigeria,Bayelsa,Ekermor,NGA,NG006002,NG00,September,2025,0,0
Nigeria,Bayelsa,Kolokuma,NGA,NG006003,NG00,September,2025,0,0
Nigeria,Bayelsa,Nembe,NGA,NG006004,NG00,September,2025,0,0
Nigeria,Bayelsa,Ogbia,NGA,NG006005,NG00,September,2025,0,0
Nigeria,Bayelsa,Sagbama,NGA,NG006006,NG00,September,2025,0,0
Nigeria,Bayelsa,Southern Ijaw,NGA,NG006007,NG00,September,2025,0,0
Nigeria,Bayelsa,Yenagoa,NGA,NG006008,NG00,September,2025,0,0
Nigeria,Benue,Ado,NGA,NG007001,NG00,September,2025,0,0
Nigeria,Benue,Agatu,NGA,NG007002,NG00,September,2025,0,0
Nigeria,Benue,Apa,NGA,NG007003,NG00,September,2025,0,0
Nigeria,Benue,Buruku,NGA,NG007004,NG00,September,2025,2,1
Nigeria,Benue,Gboko,NGA,NG007005,NG00,September,2025,1,0
Nigeria,Benue,Guma,NGA,NG007006,NG00,September,2025,4,6
Nigeria,Benue,Gwer East,NGA,NG007007,NG00,September,2025,0,0
Nigeria,Benue,Gwer West,NGA,NG007008,NG00,September,2025,2,2
Nigeria,Benue,Katsina Ala,NGA,NG007009,NG00,September,2025,7,12
Nigeria,Benue,Konshisha,NGA,NG007010,NG00,September,2025,0,0
Nigeria,Benue,Kwande,NGA,NG007011,NG00,September,2025,3,8
Nigeria,Benue,Logo,NGA,NG007012,NG00,September,2025,0,0
Nigeria,Benue,Makurdi,NGA,NG007013,NG00,September,2025,3,7
Nigeria,Benue,Obi,NGA,NG007014,NG00,September,2025,0,0
Nigeria,Benue,Ogbadibo,NGA,NG007015,NG00,September,2025,1,0
Nigeria,Benue,Ohimini,NGA,NG007016,NG00,September,2025,0,0
Nigeria,Benue,Oju,NGA,NG007017,NG00,September,2025,0,0
Nigeria,Benue,Okpokwu,NGA,NG007018,NG00,September,2025,0,0
Nigeria,Benue,Otukpo,NGA,NG007019,NG00,September,2025,1,1
Nigeria,Benue,Tarka,NGA,NG007020,NG00,September,2025,0,0
Nigeria,Benue,Ukum,NGA,NG007021,NG00,September,2025,3,2
Nigeria,Benue,Ushongo,NGA,NG007022,NG00,September,2025,0,0
Nigeria,Benue,Vandeikya,NGA,NG007023,NG00,September,2025,0,0
Nigeria,Borno,Abadan,NGA,NG008001,NG00,September,2025,3,5
Nigeria,Borno,Askira Uba,NGA,NG008002,NG00,September,2025,1,0
Nigeria,Borno,Bama,NGA,NG008003,NG00,September,2025,8,136
Nigeria,Borno,Bayo,NGA,NG008004,NG00,September,2025,0,0
Nigeria,Borno,Biu,NGA,NG008005,NG00,September,2025,3,19
Nigeria,Borno,Chibok,NGA,NG008006,NG00,September,2025,0,0
Nigeria,Borno,Damboa,NGA,NG008007,NG00,September,2025,9,27
Nigeria,Borno,Dikwa,NGA,NG008008,NG00,September,2025,1,4
Nigeria,Borno,Gubio,NGA,NG008009,NG00,September,2025,3,2
Nigeria,Borno,Guzamala,NGA,NG008010,NG00,September,2025,0,0
Nigeria,Borno,Gwoza,NGA,NG008011,NG00,September,2025,8,81
Nigeria,Borno,Hawul,NGA,NG008012,NG00,September,2025,1,2
Nigeria,Borno,Jere,NGA,NG008013,NG00,September,2025,1,1
Nigeria,Borno,Kaga,NGA,NG008014,NG00,September,2025,2,3
Nigeria,Borno,Kala Balge,NGA,NG008015,NG00,September,2025,0,0
Nigeria,Borno,Konduga,NGA,NG008016,NG00,September,2025,6,51
Nigeria,Borno,Kukawa,NGA,NG008017,NG00,September,2025,3,37
Nigeria,Borno,Kwaya Kusar,NGA,NG008018,NG00,September,2025,0,0
Nigeria,Borno,Mafa,NGA,NG008019,NG00,September,2025,2,27
Nigeria,Borno,Magumeri,NGA,NG008020,NG00,September,2025,1,0
Nigeria,Borno,Maiduguri Metro,NGA,NG008021,NG00,September,2025,1,0
Nigeria,Borno,Marte,NGA,NG008022,NG00,September,2025,0,0
Nigeria,Borno,Mobbar,NGA,NG008023,NG00,September,2025,3,41
Nigeria,Borno,Monguno,NGA,NG008024,NG00,September,2025,3,12
Nigeria,Borno,Ngala,NGA,NG008025,NG00,September,2025,2,34
Nigeria,Borno,Nganzai,NGA,NG008026,NG00,September,2025,0,0
Nigeria,Borno,Shani,NGA,NG008027,NG00,September,2025,0,0
Nigeria,Cross River,Abi,NGA,NG009001,NG00,September,2025,0,0
Nigeria,Cross River,Akamkpa,NGA,NG009002,NG00,September,2025,0,0
Nigeria,Cross River,Akpabuyo,NGA,NG009003,NG00,September,2025,0,0
Nigeria,Cross River,Bekwara,NGA,NG009006,NG00,September,2025,0,0
Nigeria,Cross River,Biase,NGA,NG009007,NG00,September,2025,0,0
Nigeria,Cross River,Boki,NGA,NG009008,NG00,September,2025,0,0
Nigeria,Cross River,Calabar Municipal,NGA,NG009010,NG00,September,2025,2,1
Nigeria,Cross River,Calabar South,NGA,NG009009,NG00,September,2025,1,0
Nigeria,Cross River,Etung,NGA,NG009011,NG00,September,2025,0,0
Nigeria,Cross River,Ikom,NGA,NG009012,NG00,September,2025,1,2
Nigeria,Cross River,Obanliku,NGA,NG009013,NG00,September,2025,0,0
Nigeria,Cross River,Obubra,NGA,NG009014,NG00,September,2025,0,0
Nigeria,Cross River,Obudu,NGA,NG009015,NG00,September,2025,0,0
Nigeria,Cross River,Odukpani,NGA,NG009016,NG00,September,2025,0,0
Nigeria,Cross River,Ogaja,NGA,NG009017,NG00,September,2025,0,0
Nigeria,Cross River,Yakurr,NGA,NG009018,NG00,September,2025,0,0
Nigeria,Cross River,Yala,NGA,NG009019,NG00,September,2025,0,0
Nigeria,Delta,Aniocha North,NGA,NG010001,NG01,September,2025,0,0
Nigeria,Delta,Aniocha South,NGA,NG010002,NG01,September,2025,1,0
Nigeria,Delta,Bomadi,NGA,NG010003,NG01,September,2025,1,0
Nigeria,Delta,Burutu,NGA,NG010004,NG01,September,2025,0,0
Nigeria,Delta,Ethiope East,NGA,NG010005,NG01,September,2025,0,0
Nigeria,Delta,Ethiope West,NGA,NG010006,NG01,September,2025,0,0
Nigeria,Delta,Ika North East,NGA,NG010007,NG01,September,2025,1,2
Nigeria,Delta,Ika South,NGA,NG010008,NG01,September,2025,0,0
Nigeria,Delta,Isoko North,NGA,NG010009,NG01,September,2025,0,0
Nigeria,Delta,Isoko South,NGA,NG010010,NG01,September,2025,0,0
Nigeria,Delta,Ndokwa East,NGA,NG010011,NG01,September,2025,0,0
Nigeria,Delta,Ndokwa West,NGA,NG010012,NG01,September,2025,0,0
Nigeria,Delta,Okpe,NGA,NG010013,NG01,September,2025,0,0
Nigeria,Delta,Oshimili North,NGA,NG010014,NG01,September,2025,0,0
Nigeria,Delta,Oshimili South,NGA,NG010015,NG01,September,2025,0,0
Nigeria,Delta,Patani,NGA,NG010016,NG01,September,2025,0,0
Nigeria,Delta,Sapele,NGA,NG010017,NG01,September,2025,0,0
Nigeria,Delta,Udu,NGA,NG010018,NG01,September,2025,0,0
Nigeria,Delta,Ughelli North,NGA,NG010019,NG01,September,2025,2,2
Nigeria,Delta,Ughelli South,NGA,NG010020,NG01,September,2025,0,0
Nigeria,Delta,Ukwuani,NGA,NG010021,NG01,September,2025,0,0
Nigeria,Delta,Uvwie,NGA,NG010022,NG01,September,2025,0,0
Nigeria,Delta,Warri North,NGA,NG010023,NG01,September,2025,0,0
Nigeria,Delta,Warri South,NGA,NG010024,NG01,September,2025,3,3
Nigeria,Delta,Warri South-West,NGA,NG010025,NG01,September,2025,0,0
Nigeria,Ebonyi,Abakaliki,NGA,NG011001,NG01,September,2025,0,0
Nigeria,Ebonyi,Afikpo North,NGA,NG011002,NG01,September,2025,0,0
Nigeria,Ebonyi,Afikpo South,NGA,NG011003,NG01,September,2025,0,0
Nigeria,Ebonyi,Ebonyi,NGA,NG011004,NG01,September,2025,0,0
Nigeria,Ebonyi,Ezza North,NGA,NG011005,NG01,September,2025,0,0
Nigeria,Ebonyi,Ezza South,NGA,NG011006,NG01,September,2025,0,0
Nigeria,Ebonyi,Ikwo,NGA,NG011007,NG01,September,2025,0,0
Nigeria,Ebonyi,Ishielu,NGA,NG011008,NG01,September,2025,1,1
Nigeria,Ebonyi,Ivo,NGA,NG011009,NG01,September,2025,0,0
Nigeria,Ebonyi,Izzi,NGA,NG011010,NG01,September,2025,0,0
Nigeria,Ebonyi,Ohaozara,NGA,NG011011,NG01,September,2025,0,0
Nigeria,Ebonyi,Ohaukwu,NGA,NG011012,NG01,September,2025,0,0
Nigeria,Ebonyi,Onicha,NGA,NG011013,NG01,September,2025,0,0
Nigeria,Edo,Akoko Edo,NGA,NG012001,NG01,September,2025,0,0
Nigeria,Edo,Egor,NGA,NG012002,NG01,September,2025,0,0
Nigeria,Edo,Esan Central,NGA,NG012003,NG01,September,2025,0,0
Nigeria,Edo,Esan North East,NGA,NG012004,NG01,September,2025,0,0
Nigeria,Edo,Esan South East,NGA,NG012005,NG01,September,2025,1,2
Nigeria,Edo,Esan West,NGA,NG012006,NG01,September,2025,0,0
Nigeria,Edo,Etsako Central,NGA,NG012007,NG01,September,2025,0,0
Nigeria,Edo,Etsako East,NGA,NG012008,NG01,September,2025,1,8
Nigeria,Edo,Etsako West,NGA,NG012009,NG01,September,2025,1,2
Nigeria,Edo,Igueben,NGA,NG012010,NG01,September,2025,1,0
Nigeria,Edo,Ikpoba Okha,NGA,NG012011,NG01,September,2025,0,0
Nigeria,Edo,Oredo,NGA,NG012012,NG01,September,2025,0,0
Nigeria,Edo,Orhionwon,NGA,NG012013,NG01,September,2025,0,0
Nigeria,Edo,Ovia North East,NGA,NG012014,NG01,September,2025,1,0
Nigeria,Edo,Ovia South West,NGA,NG012015,NG01,September,2025,0,0
Nigeria,Edo,Owan East,NGA,NG012016,NG01,September,2025,1,0
Nigeria,Edo,Owan West,NGA,NG012017,NG01,September,2025,0,0
Nigeria,Edo,Uhunmwode,NGA,NG012018,NG01,September,2025,1,0
Nigeria,Ekiti,Ado Ekiti,NGA,NG013001,NG01,September,2025,0,0
Nigeria,Ekiti,Aiyekire,NGA,NG013002,NG01,September,2025,0,0
Nigeria,Ekiti,Efon,NGA,NG013003,NG01,September,2025,0,0
Nigeria,Ekiti,Ekiti East,NGA,NG013004,NG01,September,2025,0,0
Nigeria,Ekiti,Ekiti South West,NGA,NG013005,NG01,September,2025,0,0
Nigeria,Ekiti,Ekiti West,NGA,NG013006,NG01,September,2025,0,0
Nigeria,Ekiti,Emure,NGA,NG013007,NG01,September,2025,0,0
Nigeria,Ekiti,Ido-Osi,NGA,NG013008,NG01,September,2025,0,0
Nigeria,Ekiti,Ijero,NGA,NG013009,NG01,September,2025,0,0
Nigeria,Ekiti,Ikere,NGA,NG013010,NG01,September,2025,0,0
Nigeria,Ekiti,Ikole,NGA,NG013011,NG01,September,2025,0,0
Nigeria,Ekiti,Ilejemeji,NGA,NG013012,NG01,September,2025,0,0
Nigeria,Ekiti,Irepodun,NGA,NG013013,NG01,September,2025,0,0
Nigeria,Ekiti,Ise,NGA,NG013014,NG01,September,2025,0,0
Nigeria,Ekiti,Moba,NGA,NG013015,NG01,September,2025,0,0
Nigeria,Ekiti,Oye,NGA,NG013016,NG01,September,2025,0,0
Nigeria,Enugu,Agwu,NGA,NG014002,NG01,September,2025,0,0
Nigeria,Enugu,Aninri,NGA,NG014001,NG01,September,2025,0,0
Nigeria,Enugu,Enugu East,NGA,NG014003,NG01,September,2025,0,0
Nigeria,Enugu,Enugu North,NGA,NG014004,NG01,September,2025,0,0
Nigeria,Enugu,Enugu South,NGA,NG014005,NG01,September,2025,0,0
Nigeria,Enugu,Ezeagu,NGA,NG014006,NG01,September,2025,0,0
Nigeria,Enugu,Igbo Etiti,NGA,NG014007,NG01,September,2025,0,0
Nigeria,Enugu,Igbo Eze North,NGA,NG014008,NG01,September,2025,0,0
Nigeria,Enugu,Igbo Eze South,NGA,NG014009,NG01,September,2025,0,0
Nigeria,Enugu,Isi Uzo,NGA,NG014010,NG01,September,2025,0,0
Nigeria,Enugu,Nkanu East,NGA,NG014011,NG01,September,2025,0,0
Nigeria,Enugu,Nkanu West,NGA,NG014012,NG01,September,2025,0,0
Nigeria,Enugu,Nsukka,NGA,NG014013,NG01,September,2025,1,1
Nigeria,Enugu,Oji River,NGA,NG014014,NG01,September,2025,0,0
Nigeria,Enugu,Udenu,NGA,NG014015,NG01,September,2025,2,1
Nigeria,Enugu,Udi,NGA,NG014016,NG01,September,2025,0,0
Nigeria,Enugu,Uzo Uwani,NGA,NG014017,NG01,September,2025,0,0
Nigeria,Federal Capital Territory,Abaji,NGA,NG015001,NG01,September,2025,0,0
Nigeria,Federal Capital Territory,Abuja Municipal,NGA,NG015002,NG01,September,2025,8,10
Nigeria,Federal Capital Territory,Bwari,NGA,NG015003,NG01,September,2025,0,0
Nigeria,Federal Capital Territory,Gwagwalada,NGA,NG015004,NG01,September,2025,0,0
Nigeria,Federal Capital Territory,Kuje,NGA,NG015005,NG01,September,2025,0,0
Nigeria,Federal Capital Territory,Kwali,NGA,NG015006,NG01,September,2025,1,0
Nigeria,Gombe,Akko,NGA,NG016001,NG01,September,2025,0,0
Nigeria,Gombe,Balanga,NGA,NG016002,NG01,September,2025,0,0
Nigeria,Gombe,Billiri,NGA,NG016003,NG01,September,2025,0,0
Nigeria,Gombe,Dukku,NGA,NG016004,NG01,September,2025,1,0
Nigeria,Gombe,Funakaye,NGA,NG016005,NG01,September,2025,0,0
Nigeria,Gombe,Gombe,NGA,NG016006,NG01,September,2025,0,0
Nigeria,Gombe,Kaltungo,NGA,NG016007,NG01,September,2025,0,0
Nigeria,Gombe,Kwami,NGA,NG016008,NG01,September,2025,0,0
Nigeria,Gombe,Nafada,NGA,NG016009,NG01,September,2025,0,0
Nigeria,Gombe,Shomgom,NGA,NG016010,NG01,September,2025,1,0
Nigeria,Gombe,Yamaltu,NGA,NG016011,NG01,September,2025,0,0
Nigeria,Imo,Aboh Mbaise,NGA,NG017001,NG01,September,2025,0,0
Nigeria,Imo,Ahiazu Mbaise,NGA,NG017002,NG01,September,2025,0,0
Nigeria,Imo,Ehime Mbano,NGA,NG017003,NG01,September,2025,0,0
Nigeria,Imo,Ezinihitte Mbaise,NGA,NG017004,NG01,September,2025,0,0
Nigeria,Imo,Ideato North,NGA,NG017005,NG01,September,2025,0,0
Nigeria,Imo,Ideato South,NGA,NG017006,NG01,September,2025,0,0
Nigeria,Imo,Ihitte Uboma,NGA,NG017007,NG01,September,2025,0,0
Nigeria,Imo,Ikeduru,NGA,NG017008,NG01,September,2025,0,0
Nigeria,Imo,Isiala Mbano,NGA,NG017009,NG01,September,2025,0,0
Nigeria,Imo,Isu,NGA,NG017010,NG01,September,2025,0,0
Nigeria,Imo,Mbaitoli,NGA,NG017011,NG01,September,2025,1,3
Nigeria,Imo,Ngor Okpala,NGA,NG017012,NG01,September,2025,0,0
Nigeria,Imo,Njaba,NGA,NG017013,NG01,September,2025,2,7
Nigeria,Imo,Nkwangele,NGA,NG017015,NG01,September,2025,0,0
Nigeria,Imo,Nkwerre,NGA,NG017014,NG01,September,2025,0,0
Nigeria,Imo,Obowo,NGA,NG017016,NG01,September,2025,0,0
Nigeria,Imo,Oguta,NGA,NG017017,NG01,September,2025,0,0
Nigeria,Imo,Ohaji,NGA,NG017018,NG01,September,2025,0,0
Nigeria,Imo,Okigwe,NGA,NG017019,NG01,September,2025,2,4
Nigeria,Imo,Onuimo,NGA,NG017027,NG01,September,2025,0,0
Nigeria,Imo,Orlu,NGA,NG017020,NG01,September,2025,0,0
Nigeria,Imo,Orsu,NGA,NG017021,NG01,September,2025,0,0
Nigeria,Imo,Oru East,NGA,NG017022,NG01,September,2025,0,0
Nigeria,Imo,Oru West,NGA,NG017023,NG01,September,2025,0,0
Nigeria,Imo,Owerri Municipal,NGA,NG017026,NG01,September,2025,0,0
Nigeria,Imo,Owerri North,NGA,NG017024,NG01,September,2025,0,0
Nigeria,Imo,Owerri West,NGA,NG017025,NG01,September,2025,0,0
Nigeria,Jigawa,Auyo,NGA,NG018001,NG01,September,2025,0,0
Nigeria,Jigawa,Babura,NGA,NG018002,NG01,September,2025,0,0
Nigeria,Jigawa,Birnin Kudu,NGA,NG018004,NG01,September,2025,0,0
Nigeria,Jigawa,Birniwa,NGA,NG018003,NG01,September,2025,0,0
Nigeria,Jigawa,Buji,NGA,NG018005,NG01,September,2025,0,0
Nigeria,Jigawa,Dutse,NGA,NG018006,NG01,September,2025,0,0
Nigeria,Jigawa,Gagarawa,NGA,NG018007,NG01,September,2025,0,0
Nigeria,Jigawa,Garki,NGA,NG018008,NG01,September,2025,0,0
Nigeria,Jigawa,Gumel,NGA,NG018009,NG01,September,2025,0,0
Nigeria,Jigawa,Guri,NGA,NG018010,NG01,September,2025,0,0
Nigeria,Jigawa,Gwaram,NGA,NG018011,NG01,September,2025,0,0
Nigeria,Jigawa,Gwiwa,NGA,NG018012,NG01,September,2025,0,0
Nigeria,Jigawa,Hadejia,NGA,NG018013,NG01,September,2025,0,0
Nigeria,Jigawa,Jahun,NGA,NG018014,NG01,September,2025,0,0
Nigeria,Jigawa,Kafin Hausa,NGA,NG018015,NG01,September,2025,0,0
Nigeria,Jigawa,Kaugama,NGA,NG018016,NG01,September,2025,0,0
Nigeria,Jigawa,Kazaure,NGA,NG018017,NG01,September,2025,0,0
Nigeria,Jigawa,Kiri-Kasamma,NGA,NG018018,NG01,September,2025,0,0
Nigeria,Jigawa,Kiyawa,NGA,NG018019,NG01,September,2025,0,0
Nigeria,Jigawa,Maigatari,NGA,NG018020,NG01,September,2025,0,0
Nigeria,Jigawa,Malam Madori,NGA,NG018021,NG01,September,2025,0,0
Nigeria,Jigawa,Miga,NGA,NG018022,NG01,September,2025,0,0
Nigeria,Jigawa,Ringim,NGA,NG018023,NG01,September,2025,0,0
Nigeria,Jigawa,Roni,NGA,NG018024,NG01,September,2025,0,0
Nigeria,Jigawa,Sule Takarkar,NGA,NG018025,NG01,September,2025,0,0
Nigeria,Jigawa,Taura,NGA,NG018026,NG01,September,2025,0,0
Nigeria,Jigawa,Yankwashi,NGA,NG018027,NG01,September,2025,0,0
Nigeria,Kaduna,Birnin Gwari,NGA,NG019001,NG01,September,2025,1,1
Nigeria,Kaduna,Chikun,NGA,NG019002,NG01,September,2025,1,10
Nigeria,Kaduna,Giwa,NGA,NG019003,NG01,September,2025,3,3
Nigeria,Kaduna,Igabi,NGA,NG019004,NG01,September,2025,1,3
Nigeria,Kaduna,Ikara,NGA,NG019005,NG01,September,2025,0,0
Nigeria,Kaduna,Jaba,NGA,NG019006,NG01,September,2025,0,0
Nigeria,Kaduna,Jema'a,NGA,NG019007,NG01,September,2025,4,8
Nigeria,Kaduna,Kachia,NGA,NG019008,NG01,September,2025,4,15
Nigeria,Kaduna,Kaduna North,NGA,NG019009,NG01,September,2025,1,0
Nigeria,Kaduna,Kaduna South,NGA,NG019010,NG01,September,2025,0,0
Nigeria,Kaduna,Kagarko,NGA,NG019011,NG01,September,2025,0,0
Nigeria,Kaduna,Kajuru,NGA,NG019014,NG01,September,2025,1,0
Nigeria,Kaduna,Kaura,NGA,NG019013,NG01,September,2025,0,0
Nigeria,Kaduna,Kauru,NGA,NG019012,NG01,September,2025,0,0
Nigeria,Kaduna,Kubau,NGA,NG019015,NG01,September,2025,1,0
Nigeria,Kaduna,Kudan,NGA,NG019016,NG01,September,2025,1,0
Nigeria,Kaduna,Lere,NGA,NG019017,NG01,September,2025,0,0
Nigeria,Kaduna,Makarfi,NGA,NG019018,NG01,September,2025,2,0
Nigeria,Kaduna,Sabon Gari,NGA,NG019019,NG01,September,2025,0,0
Nigeria,Kaduna,Sanga,NGA,NG019020,NG01,September,2025,1,0
Nigeria,Kaduna,Soba,NGA,NG019021,NG01,September,2025,1,1
Nigeria,Kaduna,Zangon Kataf,NGA,NG019022,NG01,September,2025,0,0
Nigeria,Kaduna,Zaria,NGA,NG019023,NG01,September,2025,0,0
Nigeria,Kano,Ajingi,NGA,NG020001,NG02,September,2025,0,0
Nigeria,Kano,Albasu,NGA,NG020002,NG02,September,2025,0,0
Nigeria,Kano,Bagwai,NGA,NG020003,NG02,September,2025,0,0
Nigeria,Kano,Bebeji,NGA,NG020004,NG02,September,2025,0,0
Nigeria,Kano,Bichi,NGA,NG020005,NG02,September,2025,0,0
Nigeria,Kano,Bunkure,NGA,NG020006,NG02,September,2025,0,0
Nigeria,Kano,Dala,NGA,NG020007,NG02,September,2025,0,0
Nigeria,Kano,Danbatta,NGA,NG020008,NG02,September,2025,0,0
Nigeria,Kano,Dawakin Kudu,NGA,NG020009,NG02,September,2025,0,0
Nigeria,Kano,Dawakin Tofa,NGA,NG020010,NG02,September,2025,0,0
Nigeria,Kano,Doguwa,NGA,NG020011,NG02,September,2025,0,0
Nigeria,Kano,Fagge,NGA,NG020012,NG02,September,2025,0,0
Nigeria,Kano,Gabasawa,NGA,NG020013,NG02,September,2025,0,0
Nigeria,Kano,Garko,NGA,NG020014,NG02,September,2025,0,0
Nigeria,Kano,Garun Mallam,NGA,NG020015,NG02,September,2025,0,0
Nigeria,Kano,Gaya,NGA,NG020016,NG02,September,2025,0,0
Nigeria,Kano,Gezawa,NGA,NG020017,NG02,September,2025,0,0
Nigeria,Kano,Gwale,NGA,NG020018,NG02,September,2025,1,1
Nigeria,Kano,Gwarzo,NGA,NG020019,NG02,September,2025,0,0
Nigeria,Kano,Kabo,NGA,NG020020,NG02,September,2025,0,0
Nigeria,Kano,Kano Municipal,NGA,NG020021,NG02,September,2025,0,0
Nigeria,Kano,Karaye,NGA,NG020022,NG02,September,2025,0,0
Nigeria,Kano,Kibiya,NGA,NG020023,NG02,September,2025,0,0
Nigeria,Kano,Kiru,NGA,NG020024,NG02,September,2025,0,0
Nigeria,Kano,Kumbotso,NGA,NG020025,NG02,September,2025,0,0
Nigeria,Kano,Kunchi,NGA,NG020026,NG02,September,2025,0,0
Nigeria,Kano,Kura,NGA,NG020027,NG02,September,2025,0,0
Nigeria,Kano,Madobi,NGA,NG020028,NG02,September,2025,0,0
Nigeria,Kano,Makoda,NGA,NG020029,NG02,September,2025,0,0
Nigeria,Kano,Minjibir,NGA,NG020030,NG02,September,2025,0,0
Nigeria,Kano,Nassarawa,NGA,NG020031,NG02,September,2025,0,0
Nigeria,Kano,Rano,NGA,NG020032,NG02,September,2025,0,0
Nigeria,Kano,Rimin Gado,NGA,NG020033,NG02,September,2025,0,0
Nigeria,Kano,Rogo,NGA,NG020034,NG02,September,2025,0,0
Nigeria,Kano,Shanono,NGA,NG020035,NG02,September,2025,0,0
Nigeria,Kano,Sumaila,NGA,NG020036,NG02,September,2025,0,0
Nigeria,Kano,Takai,NGA,NG020037,NG02,September,2025,0,0
Nigeria,Kano,Tarauni,NGA,NG020038,NG02,September,2025,0,0
Nigeria,Kano,Tofa,NGA,NG020039,NG02,September,2025,0,0
Nigeria,Kano,Tsanyawa,NGA,NG020040,NG02,September,2025,0,0
Nigeria,Kano,Tudun Wada,NGA,NG020041,NG02,September,2025,0,0
Nigeria,Kano,Ungogo,NGA,NG020042,NG02,September,2025,0,0
Nigeria,Kano,Warawa,NGA,NG020043,NG02,September,2025,0,0
Nigeria,Kano,Wudil,NGA,NG020044,NG02,September,2025,1,0
Nigeria,Katsina,Bakori,NGA,NG021001,NG02,September,2025,2,6
Nigeria,Katsina,Batagarawa,NGA,NG021002,NG02,September,2025,0,0
Nigeria,Katsina,Batsari,NGA,NG021003,NG02,September,2025,0,0
Nigeria,Katsina,Baure,NGA,NG021004,NG02,September,2025,0,0
Nigeria,Katsina,Bindawa,NGA,NG021005,NG02,September,2025,0,0
Nigeria,Katsina,Charanchi,NGA,NG021006,NG02,September,2025,3,4
Nigeria,Katsina,Dan-Musa,NGA,NG021007,NG02,September,2025,1,1
Nigeria,Katsina,Dandume,NGA,NG021008,NG02,September,2025,3,12
Nigeria,Katsina,Danja,NGA,NG021009,NG02,September,2025,2,3
Nigeria,Katsina,Daura,NGA,NG021010,NG02,September,2025,0,0
Nigeria,Katsina,Dutsi,NGA,NG021011,NG02,September,2025,0,0
Nigeria,Katsina,Dutsinma,NGA,NG021012,NG02,September,2025,17,32
Nigeria,Katsina,Faskari,NGA,NG021013,NG02,September,2025,13,31
Nigeria,Katsina,Funtua,NGA,NG021014,NG02,September,2025,3,2
Nigeria,Katsina,Ingawa,NGA,NG021015,NG02,September,2025,0,0
Nigeria,Katsina,Jibia,NGA,NG021016,NG02,September,2025,1,1
Nigeria,Katsina,Kafur,NGA,NG021017,NG02,September,2025,1,0
Nigeria,Katsina,Kaita,NGA,NG021018,NG02,September,2025,0,0
Nigeria,Katsina,Kankara,NGA,NG021019,NG02,September,2025,18,40
Nigeria,Katsina,Kankia,NGA,NG021020,NG02,September,2025,2,0
Nigeria,Katsina,Katsina,NGA,NG021021,NG02,September,2025,1,0
Nigeria,Katsina,Kurfi,NGA,NG021022,NG02,September,2025,1,1
Nigeria,Katsina,Kusada,NGA,NG021023,NG02,September,2025,1,1
Nigeria,Katsina,Maiadua,NGA,NG021024,NG02,September,2025,0,0
Nigeria,Katsina,Malumfashi,NGA,NG021025,NG02,September,2025,11,15
Nigeria,Katsina,Mani,NGA,NG021026,NG02,September,2025,0,0
Nigeria,Katsina,Mashi,NGA,NG021027,NG02,September,2025,0,0
Nigeria,Katsina,Matazu,NGA,NG021028,NG02,September,2025,4,5
Nigeria,Katsina,Musawa,NGA,NG021029,NG02,September,2025,8,11
Nigeria,Katsina,Rimi,NGA,NG021030,NG02,September,2025,1,2
Nigeria,Katsina,Sabuwa,NGA,NG021031,NG02,September,2025,10,16
Nigeria,Katsina,Safana,NGA,NG021032,NG02,September,2025,1,0
Nigeria,Katsina,Sandamu,NGA,NG021033,NG02,September,2025,0,0
Nigeria,Katsina,Zango,NGA,NG021034,NG02,September,2025,0,0
Nigeria,Kebbi,Alieru,NGA,NG022001,NG02,September,2025,0,0
Nigeria,Kebbi,Arewa,NGA,NG022002,NG02,September,2025,0,0
Nigeria,Kebbi,Argungu,NGA,NG022003,NG02,September,2025,1,0
Nigeria,Kebbi,Augie,NGA,NG022004,NG02,September,2025,0,0
Nigeria,Kebbi,Bagudo,NGA,NG022005,NG02,September,2025,0,0
Nigeria,Kebbi,Birnin-Kebbi,NGA,NG022006,NG02,September,2025,1,0
Nigeria,Kebbi,Bunza,NGA,NG022007,NG02,September,2025,0,0
Nigeria,Kebbi,Dandi Kamba,NGA,NG022008,NG02,September,2025,1,2
Nigeria,Kebbi,Danko,NGA,NG022019,NG02,September,2025,1,0
Nigeria,Kebbi,Fakai,NGA,NG022009,NG02,September,2025,0,0
Nigeria,Kebbi,Gwandu,NGA,NG022010,NG02,September,2025,0,0
Nigeria,Kebbi,Jega,NGA,NG022011,NG02,September,2025,0,0
Nigeria,Kebbi,Kalgo,NGA,NG022012,NG02,September,2025,0,0
Nigeria,Kebbi,Koko,NGA,NG022013,NG02,September,2025,0,0
Nigeria,Kebbi,Maiyama,NGA,NG022014,NG02,September,2025,1,2
Nigeria,Kebbi,Ngaski,NGA,NG022015,NG02,September,2025,1,2
Nigeria,Kebbi,Sakaba,NGA,NG022016,NG02,September,2025,0,0
Nigeria,Kebbi,Shanga,NGA,NG022017,NG02,September,2025,0,0
Nigeria,Kebbi,Suru,NGA,NG022018,NG02,September,2025,0,0
Nigeria,Kebbi,Yauri,NGA,NG022020,NG02,September,2025,0,0
Nigeria,Kebbi,Zuru,NGA,NG022021,NG02,September,2025,0,0
Nigeria,Kogi,Adavi,NGA,NG023001,NG02,September,2025,3,3
Nigeria,Kogi,Ajaokuta,NGA,NG023002,NG02,September,2025,1,2
Nigeria,Kogi,Ankpa,NGA,NG023003,NG02,September,2025,0,0
Nigeria,Kogi,Bassa,NGA,NG023004,NG02,September,2025,0,0
Nigeria,Kogi,Dekina,NGA,NG023005,NG02,September,2025,0,0
Nigeria,Kogi,Ibaji,NGA,NG023006,NG02,September,2025,0,0
Nigeria,Kogi,Idah,NGA,NG023007,NG02,September,2025,0,0
Nigeria,Kogi,Igalamela,NGA,NG023008,NG02,September,2025,1,0
Nigeria,Kogi,Ijumu,NGA,NG023009,NG02,September,2025,1,1
Nigeria,Kogi,Kabba,NGA,NG023010,NG02,September,2025,0,0
Nigeria,Kogi,Kogi,NGA,NG023011,NG02,September,2025,0,0
Nigeria,Kogi,Lokoja,NGA,NG023012,NG02,September,2025,9,28
Nigeria,Kogi,Mopa-Muro,NGA,NG023013,NG02,September,2025,0,0
Nigeria,Kogi,Ofu,NGA,NG023014,NG02,September,2025,0,0
Nigeria,Kogi,Ogori,NGA,NG023015,NG02,September,2025,0,0
Nigeria,Kogi,Okehi,NGA,NG023016,NG02,September,2025,0,0
Nigeria,Kogi,Okene,NGA,NG023017,NG02,September,2025,2,1
Nigeria,Kogi,Olamaboro,NGA,NG023018,NG02,September,2025,2,0
Nigeria,Kogi,Omala,NGA,NG023019,NG02,September,2025,3,2
Nigeria,Kogi,Yagba East,NGA,NG023020,NG02,September,2025,1,2
Nigeria,Kogi,Yagba West,NGA,NG023021,NG02,September,2025,6,16
Nigeria,Kwara,Asa,NGA,NG024001,NG02,September,2025,0,0
Nigeria,Kwara,Baruten,NGA,NG024002,NG02,September,2025,1,0
Nigeria,Kwara,Edu,NGA,NG024003,NG02,September,2025,9,4
Nigeria,Kwara,Ekiti,NGA,NG024004,NG02,September,2025,0,0
Nigeria,Kwara,Ifelodun,NGA,NG024005,NG02,September,2025,11,29
Nigeria,Kwara,Ilorin East,NGA,NG024006,NG02,September,2025,0,0
Nigeria,Kwara,Ilorin South,NGA,NG024007,NG02,September,2025,0,0
Nigeria,Kwara,Ilorin West,NGA,NG024008,NG02,September,2025,0,0
Nigeria,Kwara,Irepodun,NGA,NG024009,NG02,September,2025,2,3
Nigeria,Kwara,Kai Ama,NGA,NG024011,NG02,September,2025,0,0
Nigeria,Kwara,Moro,NGA,NG024012,NG02,September,2025,0,0
Nigeria,Kwara,Offa,NGA,NG024013,NG02,September,2025,0,0
Nigeria,Kwara,Oke-Ero,NGA,NG024014,NG02,September,2025,0,0
Nigeria,Kwara,Osin,NGA,NG024010,NG02,September,2025,2,12
Nigeria,Kwara,Oyun,NGA,NG024015,NG02,September,2025,0,0
Nigeria,Kwara,Pategi,NGA,NG024016,NG02,September,2025,7,5
Nigeria,Lagos,Agege,NGA,NG025001,NG02,September,2025,0,0
Nigeria,Lagos,Ajeromi,NGA,NG025002,NG02,September,2025,0,0
Nigeria,Lagos,Alimosho,NGA,NG025003,NG02,September,2025,0,0
Nigeria,Lagos,Amowo-Odofin,NGA,NG025004,NG02,September,2025,0,0
Nigeria,Lagos,Apapa,NGA,NG025005,NG02,September,2025,0,0
Nigeria,Lagos,Badagry,NGA,NG025006,NG02,September,2025,0,0
Nigeria,Lagos,Epe,NGA,NG025007,NG02,September,2025,0,0
Nigeria,Lagos,Eti-Osa,NGA,NG025008,NG02,September,2025,1,1
Nigeria,Lagos,Ibeju-Lekki,NGA,NG025009,NG02,September,2025,3,4
Nigeria,Lagos,Ifako,NGA,NG025010,NG02,September,2025,0,0
Nigeria,Lagos,Ikeja,NGA,NG025011,NG02,September,2025,1,0
Nigeria,Lagos,Ikorodu,NGA,NG025012,NG02,September,2025,3,6
Nigeria,Lagos,Kosofe,NGA,NG025013,NG02,September,2025,0,0
Nigeria,Lagos,Lagos Island,NGA,NG025014,NG02,September,2025,0,0
Nigeria,Lagos,Lagos Mainland,NGA,NG025015,NG02,September,2025,0,0
Nigeria,Lagos,Mushin,NGA,NG025016,NG02,September,2025,0,0
Nigeria,Lagos,Ojo,NGA,NG025017,NG02,September,2025,0,0
Nigeria,Lagos,Oshodi,NGA,NG025018,NG02,September,2025,0,0
Nigeria,Lagos,Somolu,NGA,NG025019,NG02,September,2025,1,0
Nigeria,Lagos,Surulere,NGA,NG025020,NG02,September,2025,0,0
Nigeria,Nassarawa,Akwanga,NGA,NG026001,NG02,September,2025,0,0
Nigeria,Nassarawa,Awe,NGA,NG026002,NG02,September,2025,0,0
Nigeria,Nassarawa,Doma,NGA,NG026003,NG02,September,2025,0,0
Nigeria,Nassarawa,Karu,NGA,NG026004,NG02,September,2025,0,0
Nigeria,Nassarawa,Keana,NGA,NG026005,NG02,September,2025,0,0
Nigeria,Nassarawa,Keffi,NGA,NG026006,NG02,September,2025,0,0
Nigeria,Nassarawa,Kokona,NGA,NG026007,NG02,September,2025,0,0
Nigeria,Nassarawa,Lafia,NGA,NG026008,NG02,September,2025,4,2
Nigeria,Nassarawa,Nasarawa,NGA,NG026009,NG02,September,2025,0,0
Nigeria,Nassarawa,Nasarawa Eggon,NGA,NG026010,NG02,September,2025,0,0
Nigeria,Nassarawa,Obi,NGA,NG026011,NG02,September,2025,1,0
Nigeria,Nassarawa,Toto,NGA,NG026012,NG02,September,2025,0,0
Nigeria,Nassarawa,Wamba,NGA,NG026013,NG02,September,2025,0,0
Nigeria,Niger,Agaie,NGA,NG027001,NG02,September,2025,0,0
Nigeria,Niger,Agwara,NGA,NG027002,NG02,September,2025,0,0
Nigeria,Niger,Bida,NGA,NG027003,NG02,September,2025,0,0
Nigeria,Niger,Borgu,NGA,NG027004,NG02,September,2025,3,7
Nigeria,Niger,Bosso,NGA,NG027005,NG02,September,2025,1,0
Nigeria,Niger,Edati,NGA,NG027017,NG02,September,2025,0,0
Nigeria,Niger,Gbako,NGA,NG027008,NG02,September,2025,0,0
Nigeria,Niger,Gurara,NGA,NG027009,NG02,September,2025,0,0
Nigeria,Niger,Katcha,NGA,NG027010,NG02,September,2025,0,0
Nigeria,Niger,Kontagora,NGA,NG027011,NG02,September,2025,10,5
Nigeria,Niger,Lapai,NGA,NG027012,NG02,September,2025,0,0
Nigeria,Niger,Lavun,NGA,NG027013,NG02,September,2025,0,0
Nigeria,Niger,Magama,NGA,NG027014,NG02,September,2025,5,26
Nigeria,Niger,Mariga,NGA,NG027015,NG02,September,2025,2,5
Nigeria,Niger,Mashegu,NGA,NG027016,NG02,September,2025,2,0
Nigeria,Niger,Minna,NGA,NG027006,NG02,September,2025,0,0
Nigeria,Niger,Mokwa,NGA,NG027017,NG02,September,2025,0,0
Nigeria,Niger,Muya,NGA,NG027018,NG02,September,2025,0,0
Nigeria,Niger,Paikoro,NGA,NG027019,NG02,September,2025,0,0
Nigeria,Niger,Rafi,NGA,NG027020,NG02,September,2025,0,0
Nigeria,Niger,Rijau,NGA,NG027021,NG02,September,2025,2,0
Nigeria,Niger,Shiroro,NGA,NG027022,NG02,September,2025,3,0
Nigeria,Niger,Suleja,NGA,NG027023,NG02,September,2025,1,1
Nigeria,Niger,Tafa,NGA,NG027024,NG02,September,2025,1,0
Nigeria,Niger,Wushishi,NGA,NG027025,NG02,September,2025,0,0
Nigeria,Ogun,Abeokuta North,NGA,NG028001,NG02,September,2025,0,0
Nigeria,Ogun,Abeokuta South,NGA,NG028002,NG02,September,2025,0,0
Nigeria,Ogun,Ado-Odo,NGA,NG028003,NG02,September,2025,2,1
Nigeria,Ogun,Egbado North,NGA,NG028004,NG02,September,2025,0,0
Nigeria,Ogun,Egbado South,NGA,NG028005,NG02,September,2025,0,0
Nigeria,Ogun,Ewekoro,NGA,NG028006,NG02,September,2025,0,0
Nigeria,Ogun,Ifo,NGA,NG028007,NG02,September,2025,0,0
Nigeria,Ogun,Ijebu East,NGA,NG028008,NG02,September,2025,0,0
Nigeria,Ogun,Ijebu North,NGA,NG028009,NG02,September,2025,0,0
Nigeria,Ogun,Ijebu North East,NGA,NG028010,NG02,September,2025,0,0
Nigeria,Ogun,Ijebu Ode,NGA,NG028010,NG02,September,2025,0,0
Nigeria,Ogun,Ikenne,NGA,NG028012,NG02,September,2025,0,0
Nigeria,Ogun,Imeko-Afon,NGA,NG028013,NG02,September,2025,0,0
Nigeria,Ogun,Ipokia,NGA,NG028014,NG02,September,2025,0,0
Nigeria,Ogun,Obafemi,NGA,NG028015,NG02,September,2025,0,0
Nigeria,Ogun,Odedah,NGA,NG028016,NG02,September,2025,0,0
Nigeria,Ogun,Odogbolu,NGA,NG028017,NG02,September,2025,0,0
Nigeria,Ogun,Ogun Waterside,NGA,NG028018,NG02,September,2025,0,0
Nigeria,Ogun,Remo North,NGA,NG028019,NG02,September,2025,0,0
Nigeria,Ogun,Shagamu,NGA,NG028020,NG02,September,2025,0,0
Nigeria,Ondo,Akoko North East,NGA,NG029001,NG02,September,2025,0,0
Nigeria,Ondo,Akoko North West,NGA,NG029002,NG02,September,2025,0,0
Nigeria,Ondo,Akoko South East,NGA,NG029003,NG02,September,2025,0,0
Nigeria,Ondo,Akoko South West,NGA,NG029004,NG02,September,2025,0,0
Nigeria,Ondo,Akure North,NGA,NG029005,NG02,September,2025,0,0
Nigeria,Ondo,Akure South,NGA,NG029006,NG02,September,2025,1,0
Nigeria,Ondo,Ese-Edo,NGA,NG029007,NG02,September,2025,0,0
Nigeria,Ondo,Idanre,NGA,NG029008,NG02,September,2025,0,0
Nigeria,Ondo,Ifedore,NGA,NG029009,NG02,September,2025,0,0
Nigeria,Ondo,Ilaje,NGA,NG029010,NG02,September,2025,0,0
Nigeria,Ondo,Ile-Oluji-Okeigbo,NGA,NG029011,NG02,September,2025,0,0
Nigeria,Ondo,Irele,NGA,NG029012,NG02,September,2025,0,0
Nigeria,Ondo,Odigbo,NGA,NG029013,NG02,September,2025,0,0
Nigeria,Ondo,Okitipupa,NGA,NG029014,NG02,September,2025,0,0
Nigeria,Ondo,Ondo East,NGA,NG029015,NG02,September,2025,0,0
Nigeria,Ondo,Ondo West,NGA,NG029016,NG02,September,2025,0,0
Nigeria,Ondo,Ose,NGA,NG029017,NG02,September,2025,0,0
Nigeria,Ondo,Owo,NGA,NG029018,NG02,September,2025,0,0
Nigeria,Osun,Aiyedade,NGA,NG030001,NG03,September,2025,0,0
Nigeria,Osun,Aiyedire,NGA,NG030002,NG03,September,2025,0,0
Nigeria,Osun,Atakumosa East,NGA,NG030003,NG03,September,2025,0,0
Nigeria,Osun,Atakumosa West,NGA,NG030004,NG03,September,2025,0,0
Nigeria,Osun,Boluwaduro,NGA,NG030005,NG03,September,2025,0,0
Nigeria,Osun,Boripe,NGA,NG030006,NG03,September,2025,0,0
Nigeria,Osun,Ede North,NGA,NG030007,NG03,September,2025,0,0
Nigeria,Osun,Ede South,NGA,NG030008,NG03,September,2025,0,0
Nigeria,Osun,Egbedore,NGA,NG030009,NG03,September,2025,0,0
Nigeria,Osun,Ejigbo,NGA,NG030010,NG03,September,2025,0,0
Nigeria,Osun,Ife Central,NGA,NG030011,NG03,September,2025,0,0
Nigeria,Osun,Ife East,NGA,NG030012,NG03,September,2025,0,0
Nigeria,Osun,Ife North,NGA,NG030013,NG03,September,2025,1,4
Nigeria,Osun,Ife South,NGA,NG030014,NG03,September,2025,0,0
Nigeria,Osun,Ifedayo,NGA,NG030015,NG03,September,2025,0,0
Nigeria,Osun,Ifelodun,NGA,NG030016,NG03,September,2025,0,0
Nigeria,Osun,Ila,NGA,NG030017,NG03,September,2025,0,0
Nigeria,Osun,Ilesha East,NGA,NG030018,NG03,September,2025,1,2
Nigeria,Osun,Ilesha West,NGA,NG030019,NG03,September,2025,0,0
Nigeria,Osun,Irepodun,NGA,NG030020,NG03,September,2025,0,0
Nigeria,Osun,Irewole,NGA,NG030021,NG03,September,2025,0,0
Nigeria,Osun,Isokan,NGA,NG030022,NG03,September,2025,0,0
Nigeria,Osun,Iwo,NGA,NG030023,NG03,September,2025,0,0
Nigeria,Osun,Obokun,NGA,NG030024,NG03,September,2025,2,2
Nigeria,Osun,Odo-Otin,NGA,NG030025,NG03,September,2025,0,0
Nigeria,Osun,Ola-Oluwa,NGA,NG030026,NG03,September,2025,0,0
Nigeria,Osun,Olorunda,NGA,NG030027,NG03,September,2025,0,0
Nigeria,Osun,Oriade,NGA,NG030028,NG03,September,2025,0,0
Nigeria,Osun,Orolu,NGA,NG030029,NG03,September,2025,0,0
Nigeria,Osun,Osogbo,NGA,NG030030,NG03,September,2025,0,0
Nigeria,Oyo,Afijio,NGA,NG031001,NG03,September,2025,0,0
Nigeria,Oyo,Akinyele,NGA,NG031002,NG03,September,2025,0,0
Nigeria,Oyo,Atiba,NGA,NG031003,NG03,September,2025,0,0
Nigeria,Oyo,Atisbo,NGA,NG031004,NG03,September,2025,0,0
Nigeria,Oyo,Egbeda,NGA,NG031005,NG03,September,2025,0,0
Nigeria,Oyo,Ibadan North,NGA,NG031006,NG03,September,2025,0,0
Nigeria,Oyo,Ibadan North East,NGA,NG031007,NG03,September,2025,0,0
Nigeria,Oyo,Ibadan North West,NGA,NG031008,NG03,September,2025,0,0
Nigeria,Oyo,Ibadan South East,NGA,NG031009,NG03,September,2025,0,0
Nigeria,Oyo,Ibadan South West,NGA,NG031010,NG03,September,2025,0,0
Nigeria,Oyo,Ibarapa Central,NGA,NG031011,NG03,September,2025,0,0
Nigeria,Oyo,Ibarapa East,NGA,NG031012,NG03,September,2025,0,0
Nigeria,Oyo,Ibarapa North,NGA,NG031013,NG03,September,2025,0,0
Nigeria,Oyo,Ido,NGA,NG031014,NG03,September,2025,0,0
Nigeria,Oyo,Irepo,NGA,NG031015,NG03,September,2025,0,0
Nigeria,Oyo,Iseyin,NGA,NG031016,NG03,September,2025,0,0
Nigeria,Oyo,Itesiwaju,NGA,NG031017,NG03,September,2025,1,0
Nigeria,Oyo,Iwajowa,NGA,NG031018,NG03,September,2025,0,0
Nigeria,Oyo,Kajola,NGA,NG031019,NG03,September,2025,0,0
Nigeria,Oyo,Lagelu,NGA,NG031020,NG03,September,2025,0,0
Nigeria,Oyo,Ogbomosho North,NGA,NG031021,NG03,September,2025,0,0
Nigeria,Oyo,Ogbomosho South,NGA,NG031022,NG03,September,2025,0,0
Nigeria,Oyo,Ogo-Oluwa,NGA,NG031023,NG03,September,2025,0,0
Nigeria,Oyo,Olorunsogo,NGA,NG031024,NG03,September,2025,0,0
Nigeria,Oyo,Oluyole,NGA,NG031025,NG03,September,2025,1,0
Nigeria,Oyo,Ona-Ara,NGA,NG031026,NG03,September,2025,0,0
Nigeria,Oyo,Orelope,NGA,NG031027,NG03,September,2025,0,0
Nigeria,Oyo,Ori Ire,NGA,NG031028,NG03,September,2025,0,0
Nigeria,Oyo,Oyo East,NGA,NG031029,NG03,September,2025,0,0
Nigeria,Oyo,Oyo West,NGA,NG031030,NG03,September,2025,0,0
Nigeria,Oyo,Saki East,NGA,NG031031,NG03,September,2025,0,0
Nigeria,Oyo,Saki West,NGA,NG031032,NG03,September,2025,0,0
Nigeria,Oyo,Surulere,NGA,NG031033,NG03,September,2025,0,0
Nigeria,Plateau,Barkin Ladi,NGA,NG032001,NG03,September,2025,3,3
Nigeria,Plateau,Bassa,NGA,NG032002,NG03,September,2025,1,2
Nigeria,Plateau,Bokkos,NGA,NG032003,NG03,September,2025,4,13
Nigeria,Plateau,Jos East,NGA,NG032004,NG03,September,2025,0,0
Nigeria,Plateau,Jos North,NGA,NG032005,NG03,September,2025,2,0
Nigeria,Plateau,Jos South,NGA,NG032006,NG03,September,2025,0,0
Nigeria,Plateau,Kanam,NGA,NG032007,NG03,September,2025,4,2
Nigeria,Plateau,Kanke,NGA,NG032008,NG03,September,2025,0,0
Nigeria,Plateau,Langtang North,NGA,NG032009,NG03,September,2025,0,0
Nigeria,Plateau,Langtang South,NGA,NG032010,NG03,September,2025,0,0
Nigeria,Plateau,Mangu,NGA,NG032011,NG03,September,2025,3,4
Nigeria,Plateau,Mikang,NGA,NG032012,NG03,September,2025,0,0
Nigeria,Plateau,Pankshin,NGA,NG032013,NG03,September,2025,0,0
Nigeria,Plateau,Quan-Pan,NGA,NG032014,NG03,September,2025,0,0
Nigeria,Plateau,Riyom,NGA,NG032015,NG03,September,2025,0,0
Nigeria,Plateau,Shendam,NGA,NG032016,NG03,September,2025,0,0
Nigeria,Plateau,Wase,NGA,NG032017,NG03,September,2025,1,1
Nigeria,Rivers,Ahoada,NGA,NG033002,NG03,September,2025,0,0
Nigeria,Rivers,Ahoada West,NGA,NG033003,NG03,September,2025,0,0
Nigeria,Rivers,Akukutoru,NGA,NG033004,NG03,September,2025,0,0
Nigeria,Rivers,Andoni,NGA,NG033005,NG03,September,2025,0,0
Nigeria,Rivers,Asaritoru,NGA,NG033006,NG03,September,2025,0,0
Nigeria,Rivers,Bonny,NGA,NG033007,NG03,September,2025,0,0
Nigeria,Rivers,Degema,NGA,NG033008,NG03,September,2025,0,0
Nigeria,Rivers,Eleme,NGA,NG033009,NG03,September,2025,0,0
Nigeria,Rivers,Emohua,NGA,NG033010,NG03,September,2025,0,0
Nigeria,Rivers,Etche,NGA,NG033011,NG03,September,2025,0,0
Nigeria,Rivers,Gonaka,NGA,NG033012,NG03,September,2025,0,0
Nigeria,Rivers,Ikwerre,NGA,NG033013,NG03,September,2025,2,1
Nigeria,Rivers,Khana,NGA,NG033014,NG03,September,2025,0,0
Nigeria,Rivers,Obio,NGA,NG033015,NG03,September,2025,0,0
Nigeria,Rivers,Obua,NGA,NG033001,NG03,September,2025,0,0
Nigeria,Rivers,Ogba,NGA,NG033016,NG03,September,2025,0,0
Nigeria,Rivers,Ogu,NGA,NG033017,NG03,September,2025,0,0
Nigeria,Rivers,Okrika,NGA,NG033018,NG03,September,2025,0,0
Nigeria,Rivers,Omumma,NGA,NG033019,NG03,September,2025,0,0
Nigeria,Rivers,Opobo,NGA,NG033020,NG03,September,2025,0,0
Nigeria,Rivers,Oyigbo,NGA,NG033021,NG03,September,2025,0,0
Nigeria,Rivers,Port Harcourt,NGA,NG033022,NG03,September,2025,0,0
Nigeria,Rivers,Tai,NGA,NG033023,NG03,September,2025,0,0
Nigeria,Sokoto,Binji,NGA,NG034001,NG03,September,2025,0,0
Nigeria,Sokoto,Bodinga,NGA,NG034002,NG03,September,2025,0,0
Nigeria,Sokoto,Dange-Shuni,NGA,NG034003,NG03,September,2025,0,0
Nigeria,Sokoto,Gada,NGA,NG034004,NG03,September,2025,0,0
Nigeria,Sokoto,Goronyo,NGA,NG034006,NG03,September,2025,0,0
Nigeria,Sokoto,Gudu,NGA,NG034007,NG03,September,2025,1,1
Nigeria,Sokoto,Gwadabawa,NGA,NG034005,NG03,September,2025,3,3
Nigeria,Sokoto,Illela,NGA,NG034008,NG03,September,2025,0,0
Nigeria,Sokoto,Isa,NGA,NG034009,NG03,September,2025,3,3
Nigeria,Sokoto,Kebbe,NGA,NG034010,NG03,September,2025,15,11
Nigeria,Sokoto,Kware,NGA,NG034011,NG03,September,2025,0,0
Nigeria,Sokoto,Rabah,NGA,NG034012,NG03,September,2025,4,2
Nigeria,Sokoto,Sabon Birni,NGA,NG034013,NG03,September,2025,19,25
Nigeria,Sokoto,Shagari,NGA,NG034014,NG03,September,2025,9,21
Nigeria,Sokoto,Silame,NGA,NG034015,NG03,September,2025,0,0
Nigeria,Sokoto,Sokoto North,NGA,NG034016,NG03,September,2025,1,2
Nigeria,Sokoto,Sokoto South,NGA,NG034017,NG03,September,2025,0,0
Nigeria,Sokoto,Tambuwal,NGA,NG034018,NG03,September,2025,3,10
Nigeria,Sokoto,Tangaza,NGA,NG034019,NG03,September,2025,11,28
Nigeria,Sokoto,Tureta,NGA,NG034020,NG03,September,2025,7,13
Nigeria,Sokoto,Wamakko,NGA,NG034021,NG03,September,2025,0,0
Nigeria,Sokoto,Wurno,NGA,NG034022,NG03,September,2025,3,3
Nigeria,Sokoto,Yabo,NGA,NG034023,NG03,September,2025,0,0
Nigeria,Taraba,Ardo Kola,NGA,NG035001,NG03,September,2025,0,0
Nigeria,Taraba,Bali,NGA,NG035002,NG03,September,2025,0,0
Nigeria,Taraba,Donga,NGA,NG035003,NG03,September,2025,0,0
Nigeria,Taraba,Gashaka,NGA,NG035004,NG03,September,2025,0,0
Nigeria,Taraba,Gassol,NGA,NG035005,NG03,September,2025,1,1
Nigeria,Taraba,Ibi,NGA,NG035006,NG03,September,2025,0,0
Nigeria,Taraba,Jalingo,NGA,NG035007,NG03,September,2025,0,0
Nigeria,Taraba,Karim Lamidu,NGA,NG035008,NG03,September,2025,0,0
Nigeria,Taraba,Kurmi,NGA,NG035009,NG03,September,2025,0,0
Nigeria,Taraba,Lau,NGA,NG035010,NG03,September,2025,0,0
Nigeria,Taraba,Sardauna,NGA,NG035011,NG03,September,2025,0,0
Nigeria,Taraba,Takum,NGA,NG035012,NG03,September,2025,5,6
Nigeria,Taraba,Ussa,NGA,NG035013,NG03,September,2025,0,0
Nigeria,Taraba,Wukari,NGA,NG035014,NG03,September,2025,0,0
Nigeria,Taraba,Yorro,NGA,NG035015,NG03,September,2025,0,0
Nigeria,Taraba,Zing,NGA,NG035016,NG03,September,2025,0,0
Nigeria,Yobe,Bade,NGA,NG036001,NG03,September,2025,0,0
Nigeria,Yobe,Bursari,NGA,NG036002,NG03,September,2025,0,0
Nigeria,Yobe,Damaturu,NGA,NG036003,NG03,September,2025,2,8
Nigeria,Yobe,Fika,NGA,NG036004,NG03,September,2025,0,0
Nigeria,Yobe,Fune,NGA,NG036005,NG03,September,2025,0,0
Nigeria,Yobe,Geidam,NGA,NG036006,NG03,September,2025,0,0
Nigeria,Yobe,Gujba,NGA,NG036007,NG03,September,2025,5,4
Nigeria,Yobe,Gulami,NGA,NG036008,NG03,September,2025,0,0
Nigeria,Yobe,Jakusko,NGA,NG036009,NG03,September,2025,0,0
Nigeria,Yobe,Karasuwa,NGA,NG036010,NG03,September,2025,0,0
Nigeria,Yobe,Machina,NGA,NG036011,NG03,September,2025,0,0
Nigeria,Yobe,Nangere,NGA,NG036012,NG03,September,2025,0,0
Nigeria,Yobe,Nguru,NGA,NG036013,NG03,September,2025,0,0
Nigeria,Yobe,Potiskum,NGA,NG036014,NG03,September,2025,0,0
Nigeria,Yobe,Tarmua,NGA,NG036015,NG03,September,2025,2,1
Nigeria,Yobe,Yunusari,NGA,NG036016,NG03,September,2025,1,3
Nigeria,Yobe,Yusufari,NGA,NG036017,NG03,September,2025,1,0
Nigeria,Zamfara,Anka,NGA,NG037001,NG03,September,2025,2,1
Nigeria,Zamfara,Bakura,NGA,NG037002,NG03,September,2025,3,0
Nigeria,Zamfara,Bukkuyum,NGA,NG037004,NG03,September,2025,11,23
Nigeria,Zamfara,Bungudu,NGA,NG037005,NG03,September,2025,8,13
Nigeria,Zamfara,Gummi,NGA,NG037006,NG03,September,2025,4,4
Nigeria,Zamfara,Gusau,NGA,NG037007,NG03,September,2025,8,40
Nigeria,Zamfara,Kaura Namoda,NGA,NG037008,NG03,September,2025,2,1
Nigeria,Zamfara,Kiyawa,NGA,NG037003,NG03,September,2025,0,0
Nigeria,Zamfara,Maradun,NGA,NG037009,NG03,September,2025,0,0
Nigeria,Zamfara,Maru,NGA,NG037010,NG03,September,2025,13,32
Nigeria,Zamfara,Shinkafi,NGA,NG037011,NG03,September,2025,10,26
Nigeria,Zamfara,Talata Mafara,NGA,NG037012,NG03,September,2025,7,19
Nigeria,Zamfara,Tsafe,NGA,NG037013,NG03,September,2025,14,28
Nigeria,Zamfara,Zurmi,NGA,NG037014,NG03,September,2025,2,1
Nigeria,Abia,Aba North,NGA,NG001001,NG00,October,2025,0,0
Nigeria,Abia,Aba South,NGA,NG001002,NG00,October,2025,0,0
Nigeria,Abia,Arochukwu,NGA,NG001003,NG00,October,2025,0,0
Nigeria,Abia,Bende,NGA,NG001004,NG00,October,2025,1,1
Nigeria,Abia,Ikwuano,NGA,NG001005,NG00,October,2025,0,0
Nigeria,Abia,Isiala Ngwa North,NGA,NG001007,NG00,October,2025,0,0
Nigeria,Abia,Isiala Ngwa South,NGA,NG001006,NG00,October,2025,0,0
Nigeria,Abia,Isuikwuato,NGA,NG001008,NG00,October,2025,0,0
Nigeria,Abia,Nneochi,NGA,NG001017,NG00,October,2025,0,0
Nigeria,Abia,Obioma Ngwa,NGA,NG001009,NG00,October,2025,0,0
Nigeria,Abia,Ohafia,NGA,NG001010,NG00,October,2025,0,0
Nigeria,Abia,Osisioma,NGA,NG001011,NG00,October,2025,0,0
Nigeria,Abia,Ugwunagbo,NGA,NG001012,NG00,October,2025,0,0
Nigeria,Abia,Ukwa East,NGA,NG001013,NG00,October,2025,0,0
Nigeria,Abia,Ukwa West,NGA,NG001014,NG00,October,2025,0,0
Nigeria,Abia,Umuahia North,NGA,NG001015,NG00,October,2025,0,0
Nigeria,Abia,Umuahia South,NGA,NG001016,NG00,October,2025,0,0
Nigeria,Adamawa,Demsa,NGA,NG002001,NG00,October,2025,0,0
Nigeria,Adamawa,Fufore,NGA,NG002002,NG00,October,2025,0,0
Nigeria,Adamawa,Ganye,NGA,NG002003,NG00,October,2025,0,0
Nigeria,Adamawa,Girei,NGA,NG002005,NG00,October,2025,0,0
Nigeria,Adamawa,Gombi,NGA,NG002004,NG00,October,2025,0,0
Nigeria,Adamawa,Guyuk,NGA,NG002006,NG00,October,2025,0,0
Nigeria,Adamawa,Hong,NGA,NG002007,NG00,October,2025,0,0
Nigeria,Adamawa,Jada,NGA,NG002008,NG00,October,2025,0,0
Nigeria,Adamawa,Lamurde,NGA,NG002009,NG00,October,2025,0,0
Nigeria,Adamawa,Madagali,NGA,NG002010,NG00,October,2025,1,0
Nigeria,Adamawa,Maiha,NGA,NG002011,NG00,October,2025,0,0
Nigeria,Adamawa,Mayo-Belwa,NGA,NG002012,NG00,October,2025,0,0
Nigeria,Adamawa,Michika,NGA,NG002013,NG00,October,2025,0,0
Nigeria,Adamawa,Mubi North,NGA,NG002014,NG00,October,2025,0,0
Nigeria,Adamawa,Mubi South,NGA,NG002015,NG00,October,2025,0,0
Nigeria,Adamawa,Numan,NGA,NG002016,NG00,October,2025,0,0
Nigeria,Adamawa,Shelleng,NGA,NG002017,NG00,October,2025,2,1
Nigeria,Adamawa,Song,NGA,NG002018,NG00,October,2025,0,0
Nigeria,Adamawa,Toungo,NGA,NG002019,NG00,October,2025,0,0
Nigeria,Adamawa,Yola-North,NGA,NG002021,NG00,October,2025,0,0
Nigeria,Adamawa,Yola-South,NGA,NG002020,NG00,October,2025,0,0
Nigeria,Akwa Ibom,Abak,NGA,NG003001,NG00,October,2025,0,0
Nigeria,Akwa Ibom,Eastern Obolo,NGA,NG003002,NG00,October,2025,0,0
Nigeria,Akwa Ibom,Eket,NGA,NG003003,NG00,October,2025,0,0
Nigeria,Akwa Ibom,Ekpe Atai,NGA,NG003004,NG00,October,2025,0,0
Nigeria,Akwa Ibom,Essien Udim,NGA,NG003005,NG00,October,2025,0,0
Nigeria,Akwa Ibom,Etim Ekpo,NGA,NG003006,NG00,October,2025,0,0
Nigeria,Akwa Ibom,Etinan,NGA,NG003007,NG00,October,2025,0,0
Nigeria,Akwa Ibom,Ibeno,NGA,NG003008,NG00,October,2025,0,0
Nigeria,Akwa Ibom,Ibesikpo Asutan,NGA,NG003009,NG00,October,2025,0,0
Nigeria,Akwa Ibom,Ibiono Ibom,NGA,NG003010,NG00,October,2025,0,0
Nigeria,Akwa Ibom,Ika,NGA,NG003011,NG00,October,2025,0,0
Nigeria,Akwa Ibom,Ikono,NGA,NG003012,NG00,October,2025,0,0
Nigeria,Akwa Ibom,Ikot Abasi,NGA,NG003013,NG00,October,2025,0,0
Nigeria,Akwa Ibom,Ikot Ekpene,NGA,NG003014,NG00,October,2025,0,0
Nigeria,Akwa Ibom,Ini,NGA,NG003015,NG00,October,2025,0,0
Nigeria,Akwa Ibom,Itu,NGA,NG003016,NG00,October,2025,0,0
Nigeria,Akwa Ibom,Mbo,NGA,NG003017,NG00,October,2025,0,0
Nigeria,Akwa Ibom,Mkpat Enin,NGA,NG003018,NG00,October,2025,0,0
Nigeria,Akwa Ibom,Nsit Ibom,NGA,NG003020,NG00,October,2025,0,0
Nigeria,Akwa Ibom,Nsit Ubium,NGA,NG003021,NG00,October,2025,0,0
Nigeria,Akwa Ibom,Obat Akara,NGA,NG003022,NG00,October,2025,0,0
Nigeria,Akwa Ibom,Okobo,NGA,NG003023,NG00,October,2025,0,0
Nigeria,Akwa Ibom,Onna,NGA,NG003024,NG00,October,2025,0,0
Nigeria,Akwa Ibom,Oron,NGA,NG003025,NG00,October,2025,0,0
Nigeria,Akwa Ibom,Oruk Anam,NGA,NG003026,NG00,October,2025,0,0
Nigeria,Akwa Ibom,Udung Uko,NGA,NG003027,NG00,October,2025,0,0
Nigeria,Akwa Ibom,Ukanafun,NGA,NG003028,NG00,October,2025,0,0
Nigeria,Akwa Ibom,Uruan,NGA,NG003029,NG00,October,2025,0,0
Nigeria,Akwa Ibom,Urue Offong,NGA,NG003030,NG00,October,2025,0,0
Nigeria,Akwa Ibom,Uyo,NGA,NG003031,NG00,October,2025,0,0
Nigeria,Anambra,Aguata,NGA,NG004001,NG00,October,2025,0,0
Nigeria,Anambra,Anambra East,NGA,NG004002,NG00,October,2025,0,0
Nigeria,Anambra,Anambra West,NGA,NG004003,NG00,October,2025,0,0
Nigeria,Anambra,Aniocha,NGA,NG004004,NG00,October,2025,0,0
Nigeria,Anambra,Awka North,NGA,NG004005,NG00,October,2025,0,0
Nigeria,Anambra,Awka South,NGA,NG004006,NG00,October,2025,0,0
Nigeria,Anambra,Ayamelum,NGA,NG004007,NG00,October,2025,0,0
Nigeria,Anambra,Dunukofia,NGA,NG004008,NG00,October,2025,0,0
Nigeria,Anambra,Ekwusigwo,NGA,NG004009,NG00,October,2025,0,0
Nigeria,Anambra,Idemili North,NGA,NG004010,NG00,October,2025,0,0
Nigeria,Anambra,Idemili South,NGA,NG004011,NG00,October,2025,0,0
Nigeria,Anambra,Ihiala,NGA,NG004012,NG00,October,2025,0,0
Nigeria,Anambra,Njikoka,NGA,NG004013,NG00,October,2025,0,0
Nigeria,Anambra,Nnewi North,NGA,NG004014,NG00,October,2025,1,0
Nigeria,Anambra,Nnewi South,NGA,NG004015,NG00,October,2025,1,1
Nigeria,Anambra,Ogbaru,NGA,NG004016,NG00,October,2025,0,0
Nigeria,Anambra,Onisha North,NGA,NG004017,NG00,October,2025,0,0
Nigeria,Anambra,Onisha South,NGA,NG004018,NG00,October,2025,0,0
Nigeria,Anambra,Orumba North,NGA,NG004019,NG00,October,2025,0,0
Nigeria,Anambra,Orumba South,NGA,NG004020,NG00,October,2025,0,0
Nigeria,Anambra,Oyi,NGA,NG004021,NG00,October,2025,0,0
Nigeria,Bauchi,Alkaleri,NGA,NG005001,NG00,October,2025,0,0
Nigeria,Bauchi,Bauchi,NGA,NG005002,NG00,October,2025,3,2
Nigeria,Bauchi,Bogoro,NGA,NG005003,NG00,October,2025,0,0
Nigeria,Bauchi,Damban,NGA,NG005004,NG00,October,2025,0,0
Nigeria,Bauchi,Darazo,NGA,NG005005,NG00,October,2025,0,0
Nigeria,Bauchi,Dass,NGA,NG005006,NG00,October,2025,0,0
Nigeria,Bauchi,Gamawa,NGA,NG005007,NG00,October,2025,0,0
Nigeria,Bauchi,Ganjuwa,NGA,NG005008,NG00,October,2025,0,0
Nigeria,Bauchi,Giade,NGA,NG005009,NG00,October,2025,0,0
Nigeria,Bauchi,Itas-Gadau,NGA,NG005010,NG00,October,2025,0,0
Nigeria,Bauchi,Jamaare,NGA,NG005011,NG00,October,2025,0,0
Nigeria,Bauchi,Katagum,NGA,NG005012,NG00,October,2025,0,0
Nigeria,Bauchi,Kirfi,NGA,NG005013,NG00,October,2025,0,0
Nigeria,Bauchi,Misau,NGA,NG005014,NG00,October,2025,0,0
Nigeria,Bauchi,Ningi,NGA,NG005015,NG00,October,2025,0,0
Nigeria,Bauchi,Shira,NGA,NG005016,NG00,October,2025,0,0
Nigeria,Bauchi,Tafawa Balewa,NGA,NG005017,NG00,October,2025,0,0
Nigeria,Bauchi,Toro,NGA,NG005018,NG00,October,2025,0,0
Nigeria,Bauchi,Warji,NGA,NG005019,NG00,October,2025,0,0
Nigeria,Bauchi,Zaki,NGA,NG005020,NG00,October,2025,0,0
Nigeria,Bayelsa,Brass,NGA,NG006001,NG00,October,2025,0,0
Nigeria,Bayelsa,Ekermor,NGA,NG006002,NG00,October,2025,0,0
Nigeria,Bayelsa,Kolokuma,NGA,NG006003,NG00,October,2025,0,0
Nigeria,Bayelsa,Nembe,NGA,NG006004,NG00,October,2025,0,0
Nigeria,Bayelsa,Ogbia,NGA,NG006005,NG00,October,2025,0,0
Nigeria,Bayelsa,Sagbama,NGA,NG006006,NG00,October,2025,0,0
Nigeria,Bayelsa,Southern Ijaw,NGA,NG006007,NG00,October,2025,0,0
Nigeria,Bayelsa,Yenagoa,NGA,NG006008,NG00,October,2025,0,0
Nigeria,Benue,Ado,NGA,NG007001,NG00,October,2025,0,0
Nigeria,Benue,Agatu,NGA,NG007002,NG00,October,2025,0,0
Nigeria,Benue,Apa,NGA,NG007003,NG00,October,2025,0,0
Nigeria,Benue,Buruku,NGA,NG007004,NG00,October,2025,0,0
Nigeria,Benue,Gboko,NGA,NG007005,NG00,October,2025,2,2
Nigeria,Benue,Guma,NGA,NG007006,NG00,October,2025,0,0
Nigeria,Benue,Gwer East,NGA,NG007007,NG00,October,2025,3,5
Nigeria,Benue,Gwer West,NGA,NG007008,NG00,October,2025,1,2
Nigeria,Benue,Katsina Ala,NGA,NG007009,NG00,October,2025,2,8
Nigeria,Benue,Konshisha,NGA,NG007010,NG00,October,2025,1,3
Nigeria,Benue,Kwande,NGA,NG007011,NG00,October,2025,1,2
Nigeria,Benue,Logo,NGA,NG007012,NG00,October,2025,2,4
Nigeria,Benue,Makurdi,NGA,NG007013,NG00,October,2025,2,2
Nigeria,Benue,Obi,NGA,NG007014,NG00,October,2025,0,0
Nigeria,Benue,Ogbadibo,NGA,NG007015,NG00,October,2025,0,0
Nigeria,Benue,Ohimini,NGA,NG007016,NG00,October,2025,0,0
Nigeria,Benue,Oju,NGA,NG007017,NG00,October,2025,0,0
Nigeria,Benue,Okpokwu,NGA,NG007018,NG00,October,2025,0,0
Nigeria,Benue,Otukpo,NGA,NG007019,NG00,October,2025,4,5
Nigeria,Benue,Tarka,NGA,NG007020,NG00,October,2025,0,0
Nigeria,Benue,Ukum,NGA,NG007021,NG00,October,2025,2,0
Nigeria,Benue,Ushongo,NGA,NG007022,NG00,October,2025,0,0
Nigeria,Benue,Vandeikya,NGA,NG007023,NG00,October,2025,0,0
Nigeria,Borno,Abadan,NGA,NG008001,NG00,October,2025,3,22
Nigeria,Borno,Askira Uba,NGA,NG008002,NG00,October,2025,1,3
Nigeria,Borno,Bama,NGA,NG008003,NG00,October,2025,8,101
Nigeria,Borno,Bayo,NGA,NG008004,NG00,October,2025,0,0
Nigeria,Borno,Biu,NGA,NG008005,NG00,October,2025,0,0
Nigeria,Borno,Chibok,NGA,NG008006,NG00,October,2025,0,0
Nigeria,Borno,Damboa,NGA,NG008007,NG00,October,2025,2,15
Nigeria,Borno,Dikwa,NGA,NG008008,NG00,October,2025,4,32
Nigeria,Borno,Gubio,NGA,NG008009,NG00,October,2025,3,1
Nigeria,Borno,Guzamala,NGA,NG008010,NG00,October,2025,1,0
Nigeria,Borno,Gwoza,NGA,NG008011,NG00,October,2025,10,114
Nigeria,Borno,Hawul,NGA,NG008012,NG00,October,2025,1,10
Nigeria,Borno,Jere,NGA,NG008013,NG00,October,2025,2,12
Nigeria,Borno,Kaga,NGA,NG008014,NG00,October,2025,4,65
Nigeria,Borno,Kala Balge,NGA,NG008015,NG00,October,2025,2,5
Nigeria,Borno,Konduga,NGA,NG008016,NG00,October,2025,11,55
Nigeria,Borno,Kukawa,NGA,NG008017,NG00,October,2025,3,41
Nigeria,Borno,Kwaya Kusar,NGA,NG008018,NG00,October,2025,1,10
Nigeria,Borno,Mafa,NGA,NG008019,NG00,October,2025,8,46
Nigeria,Borno,Magumeri,NGA,NG008020,NG00,October,2025,2,10
Nigeria,Borno,Maiduguri Metro,NGA,NG008021,NG00,October,2025,0,0
Nigeria,Borno,Marte,NGA,NG008022,NG00,October,2025,2,35
Nigeria,Borno,Mobbar,NGA,NG008023,NG00,October,2025,5,13
Nigeria,Borno,Monguno,NGA,NG008024,NG00,October,2025,3,3
Nigeria,Borno,Ngala,NGA,NG008025,NG00,October,2025,3,1
Nigeria,Borno,Nganzai,NGA,NG008026,NG00,October,2025,5,66
Nigeria,Borno,Shani,NGA,NG008027,NG00,October,2025,0,0
Nigeria,Cross River,Abi,NGA,NG009001,NG00,October,2025,0,0
Nigeria,Cross River,Akamkpa,NGA,NG009002,NG00,October,2025,0,0
Nigeria,Cross River,Akpabuyo,NGA,NG009003,NG00,October,2025,0,0
Nigeria,Cross River,Bekwara,NGA,NG009006,NG00,October,2025,0,0
Nigeria,Cross River,Biase,NGA,NG009007,NG00,October,2025,0,0
Nigeria,Cross River,Boki,NGA,NG009008,NG00,October,2025,0,0
Nigeria,Cross River,Calabar Municipal,NGA,NG009010,NG00,October,2025,0,0
Nigeria,Cross River,Calabar South,NGA,NG009009,NG00,October,2025,0,0
Nigeria,Cross River,Etung,NGA,NG009011,NG00,October,2025,0,0
Nigeria,Cross River,Ikom,NGA,NG009012,NG00,October,2025,0,0
Nigeria,Cross River,Obanliku,NGA,NG009013,NG00,October,2025,0,0
Nigeria,Cross River,Obubra,NGA,NG009014,NG00,October,2025,1,0
Nigeria,Cross River,Obudu,NGA,NG009015,NG00,October,2025,0,0
Nigeria,Cross River,Odukpani,NGA,NG009016,NG00,October,2025,0,0
Nigeria,Cross River,Ogaja,NGA,NG009017,NG00,October,2025,0,0
Nigeria,Cross River,Yakurr,NGA,NG009018,NG00,October,2025,1,1
Nigeria,Cross River,Yala,NGA,NG009019,NG00,October,2025,0,0
Nigeria,Delta,Aniocha North,NGA,NG010001,NG01,October,2025,0,0
Nigeria,Delta,Aniocha South,NGA,NG010002,NG01,October,2025,0,0
Nigeria,Delta,Bomadi,NGA,NG010003,NG01,October,2025,0,0
Nigeria,Delta,Burutu,NGA,NG010004,NG01,October,2025,0,0
Nigeria,Delta,Ethiope East,NGA,NG010005,NG01,October,2025,0,0
Nigeria,Delta,Ethiope West,NGA,NG010006,NG01,October,2025,0,0
Nigeria,Delta,Ika North East,NGA,NG010007,NG01,October,2025,0,0
Nigeria,Delta,Ika South,NGA,NG010008,NG01,October,2025,0,0
Nigeria,Delta,Isoko North,NGA,NG010009,NG01,October,2025,0,0
Nigeria,Delta,Isoko South,NGA,NG010010,NG01,October,2025,0,0
Nigeria,Delta,Ndokwa East,NGA,NG010011,NG01,October,2025,0,0
Nigeria,Delta,Ndokwa West,NGA,NG010012,NG01,October,2025,0,0
Nigeria,Delta,Okpe,NGA,NG010013,NG01,October,2025,0,0
Nigeria,Delta,Oshimili North,NGA,NG010014,NG01,October,2025,1,1
Nigeria,Delta,Oshimili South,NGA,NG010015,NG01,October,2025,0,0
Nigeria,Delta,Patani,NGA,NG010016,NG01,October,2025,0,0
Nigeria,Delta,Sapele,NGA,NG010017,NG01,October,2025,0,0
Nigeria,Delta,Udu,NGA,NG010018,NG01,October,2025,0,0
Nigeria,Delta,Ughelli North,NGA,NG010019,NG01,October,2025,0,0
Nigeria,Delta,Ughelli South,NGA,NG010020,NG01,October,2025,0,0
Nigeria,Delta,Ukwuani,NGA,NG010021,NG01,October,2025,0,0
Nigeria,Delta,Uvwie,NGA,NG010022,NG01,October,2025,0,0
Nigeria,Delta,Warri North,NGA,NG010023,NG01,October,2025,0,0
Nigeria,Delta,Warri South,NGA,NG010024,NG01,October,2025,3,2
Nigeria,Delta,Warri South-West,NGA,NG010025,NG01,October,2025,0,0
Nigeria,Ebonyi,Abakaliki,NGA,NG011001,NG01,October,2025,0,0
Nigeria,Ebonyi,Afikpo North,NGA,NG011002,NG01,October,2025,0,0
Nigeria,Ebonyi,Afikpo South,NGA,NG011003,NG01,October,2025,0,0
Nigeria,Ebonyi,Ebonyi,NGA,NG011004,NG01,October,2025,0,0
Nigeria,Ebonyi,Ezza North,NGA,NG011005,NG01,October,2025,0,0
Nigeria,Ebonyi,Ezza South,NGA,NG011006,NG01,October,2025,0,0
Nigeria,Ebonyi,Ikwo,NGA,NG011007,NG01,October,2025,0,0
Nigeria,Ebonyi,Ishielu,NGA,NG011008,NG01,October,2025,0,0
Nigeria,Ebonyi,Ivo,NGA,NG011009,NG01,October,2025,0,0
Nigeria,Ebonyi,Izzi,NGA,NG011010,NG01,October,2025,1,1
Nigeria,Ebonyi,Ohaozara,NGA,NG011011,NG01,October,2025,0,0
Nigeria,Ebonyi,Ohaukwu,NGA,NG011012,NG01,October,2025,0,0
Nigeria,Ebonyi,Onicha,NGA,NG011013,NG01,October,2025,0,0
Nigeria,Edo,Akoko Edo,NGA,NG012001,NG01,October,2025,1,0
Nigeria,Edo,Egor,NGA,NG012002,NG01,October,2025,0,0
Nigeria,Edo,Esan Central,NGA,NG012003,NG01,October,2025,0,0
Nigeria,Edo,Esan North East,NGA,NG012004,NG01,October,2025,0,0
Nigeria,Edo,Esan South East,NGA,NG012005,NG01,October,2025,1,3
Nigeria,Edo,Esan West,NGA,NG012006,NG01,October,2025,0,0
Nigeria,Edo,Etsako Central,NGA,NG012007,NG01,October,2025,0,0
Nigeria,Edo,Etsako East,NGA,NG012008,NG01,October,2025,1,1
Nigeria,Edo,Etsako West,NGA,NG012009,NG01,October,2025,2,0
Nigeria,Edo,Igueben,NGA,NG012010,NG01,October,2025,0,0
Nigeria,Edo,Ikpoba Okha,NGA,NG012011,NG01,October,2025,0,0
Nigeria,Edo,Oredo,NGA,NG012012,NG01,October,2025,0,0
Nigeria,Edo,Orhionwon,NGA,NG012013,NG01,October,2025,0,0
Nigeria,Edo,Ovia North East,NGA,NG012014,NG01,October,2025,4,1
Nigeria,Edo,Ovia South West,NGA,NG012015,NG01,October,2025,0,0
Nigeria,Edo,Owan East,NGA,NG012016,NG01,October,2025,1,0
Nigeria,Edo,Owan West,NGA,NG012017,NG01,October,2025,0,0
Nigeria,Edo,Uhunmwode,NGA,NG012018,NG01,October,2025,0,0
Nigeria,Ekiti,Ado Ekiti,NGA,NG013001,NG01,October,2025,0,0
Nigeria,Ekiti,Aiyekire,NGA,NG013002,NG01,October,2025,0,0
Nigeria,Ekiti,Efon,NGA,NG013003,NG01,October,2025,0,0
Nigeria,Ekiti,Ekiti East,NGA,NG013004,NG01,October,2025,0,0
Nigeria,Ekiti,Ekiti South West,NGA,NG013005,NG01,October,2025,0,0
Nigeria,Ekiti,Ekiti West,NGA,NG013006,NG01,October,2025,0,0
Nigeria,Ekiti,Emure,NGA,NG013007,NG01,October,2025,0,0
Nigeria,Ekiti,Ido-Osi,NGA,NG013008,NG01,October,2025,0,0
Nigeria,Ekiti,Ijero,NGA,NG013009,NG01,October,2025,0,0
Nigeria,Ekiti,Ikere,NGA,NG013010,NG01,October,2025,0,0
Nigeria,Ekiti,Ikole,NGA,NG013011,NG01,October,2025,1,0
Nigeria,Ekiti,Ilejemeji,NGA,NG013012,NG01,October,2025,0,0
Nigeria,Ekiti,Irepodun,NGA,NG013013,NG01,October,2025,0,0
Nigeria,Ekiti,Ise,NGA,NG013014,NG01,October,2025,0,0
Nigeria,Ekiti,Moba,NGA,NG013015,NG01,October,2025,0,0
Nigeria,Ekiti,Oye,NGA,NG013016,NG01,October,2025,0,0
Nigeria,Enugu,Agwu,NGA,NG014002,NG01,October,2025,1,1
Nigeria,Enugu,Aninri,NGA,NG014001,NG01,October,2025,0,0
Nigeria,Enugu,Enugu East,NGA,NG014003,NG01,October,2025,1,2
Nigeria,Enugu,Enugu North,NGA,NG014004,NG01,October,2025,1,3
Nigeria,Enugu,Enugu South,NGA,NG014005,NG01,October,2025,0,0
Nigeria,Enugu,Ezeagu,NGA,NG014006,NG01,October,2025,0,0
Nigeria,Enugu,Igbo Etiti,NGA,NG014007,NG01,October,2025,0,0
Nigeria,Enugu,Igbo Eze North,NGA,NG014008,NG01,October,2025,0,0
Nigeria,Enugu,Igbo Eze South,NGA,NG014009,NG01,October,2025,0,0
Nigeria,Enugu,Isi Uzo,NGA,NG014010,NG01,October,2025,0,0
Nigeria,Enugu,Nkanu East,NGA,NG014011,NG01,October,2025,1,0
Nigeria,Enugu,Nkanu West,NGA,NG014012,NG01,October,2025,0,0
Nigeria,Enugu,Nsukka,NGA,NG014013,NG01,October,2025,0,0
Nigeria,Enugu,Oji River,NGA,NG014014,NG01,October,2025,0,0
Nigeria,Enugu,Udenu,NGA,NG014015,NG01,October,2025,0,0
Nigeria,Enugu,Udi,NGA,NG014016,NG01,October,2025,0,0
Nigeria,Enugu,Uzo Uwani,NGA,NG014017,NG01,October,2025,0,0
Nigeria,Federal Capital Territory,Abaji,NGA,NG015001,NG01,October,2025,1,0
Nigeria,Federal Capital Territory,Abuja Municipal,NGA,NG015002,NG01,October,2025,4,1
Nigeria,Federal Capital Territory,Bwari,NGA,NG015003,NG01,October,2025,2,1
Nigeria,Federal Capital Territory,Gwagwalada,NGA,NG015004,NG01,October,2025,1,0
Nigeria,Federal Capital Territory,Kuje,NGA,NG015005,NG01,October,2025,0,0
Nigeria,Federal Capital Territory,Kwali,NGA,NG015006,NG01,October,2025,0,0
Nigeria,Gombe,Akko,NGA,NG016001,NG01,October,2025,0,0
Nigeria,Gombe,Balanga,NGA,NG016002,NG01,October,2025,0,0
Nigeria,Gombe,Billiri,NGA,NG016003,NG01,October,2025,0,0
Nigeria,Gombe,Dukku,NGA,NG016004,NG01,October,2025,0,0
Nigeria,Gombe,Funakaye,NGA,NG016005,NG01,October,2025,2,2
Nigeria,Gombe,Gombe,NGA,NG016006,NG01,October,2025,0,0
Nigeria,Gombe,Kaltungo,NGA,NG016007,NG01,October,2025,0,0
Nigeria,Gombe,Kwami,NGA,NG016008,NG01,October,2025,0,0
Nigeria,Gombe,Nafada,NGA,NG016009,NG01,October,2025,0,0
Nigeria,Gombe,Shomgom,NGA,NG016010,NG01,October,2025,0,0
Nigeria,Gombe,Yamaltu,NGA,NG016011,NG01,October,2025,0,0
Nigeria,Imo,Aboh Mbaise,NGA,NG017001,NG01,October,2025,0,0
Nigeria,Imo,Ahiazu Mbaise,NGA,NG017002,NG01,October,2025,0,0
Nigeria,Imo,Ehime Mbano,NGA,NG017003,NG01,October,2025,0,0
Nigeria,Imo,Ezinihitte Mbaise,NGA,NG017004,NG01,October,2025,0,0
Nigeria,Imo,Ideato North,NGA,NG017005,NG01,October,2025,0,0
Nigeria,Imo,Ideato South,NGA,NG017006,NG01,October,2025,0,0
Nigeria,Imo,Ihitte Uboma,NGA,NG017007,NG01,October,2025,0,0
Nigeria,Imo,Ikeduru,NGA,NG017008,NG01,October,2025,0,0
Nigeria,Imo,Isiala Mbano,NGA,NG017009,NG01,October,2025,0,0
Nigeria,Imo,Isu,NGA,NG017010,NG01,October,2025,0,0
Nigeria,Imo,Mbaitoli,NGA,NG017011,NG01,October,2025,1,3
Nigeria,Imo,Ngor Okpala,NGA,NG017012,NG01,October,2025,0,0
Nigeria,Imo,Njaba,NGA,NG017013,NG01,October,2025,0,0
Nigeria,Imo,Nkwangele,NGA,NG017015,NG01,October,2025,0,0
Nigeria,Imo,Nkwerre,NGA,NG017014,NG01,October,2025,0,0
Nigeria,Imo,Obowo,NGA,NG017016,NG01,October,2025,0,0
Nigeria,Imo,Oguta,NGA,NG017017,NG01,October,2025,0,0
Nigeria,Imo,Ohaji,NGA,NG017018,NG01,October,2025,0,0
Nigeria,Imo,Okigwe,NGA,NG017019,NG01,October,2025,0,0
Nigeria,Imo,Onuimo,NGA,NG017027,NG01,October,2025,0,0
Nigeria,Imo,Orlu,NGA,NG017020,NG01,October,2025,0,0
Nigeria,Imo,Orsu,NGA,NG017021,NG01,October,2025,0,0
Nigeria,Imo,Oru East,NGA,NG017022,NG01,October,2025,0,0
Nigeria,Imo,Oru West,NGA,NG017023,NG01,October,2025,0,0
Nigeria,Imo,Owerri Municipal,NGA,NG017026,NG01,October,2025,1,2
Nigeria,Imo,Owerri North,NGA,NG017024,NG01,October,2025,0,0
Nigeria,Imo,Owerri West,NGA,NG017025,NG01,October,2025,0,0
Nigeria,Jigawa,Auyo,NGA,NG018001,NG01,October,2025,0,0
Nigeria,Jigawa,Babura,NGA,NG018002,NG01,October,2025,0,0
Nigeria,Jigawa,Birnin Kudu,NGA,NG018004,NG01,October,2025,0,0
Nigeria,Jigawa,Birniwa,NGA,NG018003,NG01,October,2025,1,2
Nigeria,Jigawa,Buji,NGA,NG018005,NG01,October,2025,0,0
Nigeria,Jigawa,Dutse,NGA,NG018006,NG01,October,2025,0,0
Nigeria,Jigawa,Gagarawa,NGA,NG018007,NG01,October,2025,0,0
Nigeria,Jigawa,Garki,NGA,NG018008,NG01,October,2025,0,0
Nigeria,Jigawa,Gumel,NGA,NG018009,NG01,October,2025,0,0
Nigeria,Jigawa,Guri,NGA,NG018010,NG01,October,2025,0,0
Nigeria,Jigawa,Gwaram,NGA,NG018011,NG01,October,2025,0,0
Nigeria,Jigawa,Gwiwa,NGA,NG018012,NG01,October,2025,0,0
Nigeria,Jigawa,Hadejia,NGA,NG018013,NG01,October,2025,0,0
Nigeria,Jigawa,Jahun,NGA,NG018014,NG01,October,2025,0,0
Nigeria,Jigawa,Kafin Hausa,NGA,NG018015,NG01,October,2025,0,0
Nigeria,Jigawa,Kaugama,NGA,NG018016,NG01,October,2025,0,0
Nigeria,Jigawa,Kazaure,NGA,NG018017,NG01,October,2025,0,0
Nigeria,Jigawa,Kiri-Kasamma,NGA,NG018018,NG01,October,2025,0,0
Nigeria,Jigawa,Kiyawa,NGA,NG018019,NG01,October,2025,0,0
Nigeria,Jigawa,Maigatari,NGA,NG018020,NG01,October,2025,0,0
Nigeria,Jigawa,Malam Madori,NGA,NG018021,NG01,October,2025,0,0
Nigeria,Jigawa,Miga,NGA,NG018022,NG01,October,2025,0,0
Nigeria,Jigawa,Ringim,NGA,NG018023,NG01,October,2025,0,0
Nigeria,Jigawa,Roni,NGA,NG018024,NG01,October,2025,0,0
Nigeria,Jigawa,Sule Takarkar,NGA,NG018025,NG01,October,2025,0,0
Nigeria,Jigawa,Taura,NGA,NG018026,NG01,October,2025,0,0
Nigeria,Jigawa,Yankwashi,NGA,NG018027,NG01,October,2025,0,0
Nigeria,Kaduna,Birnin Gwari,NGA,NG019001,NG01,October,2025,5,19
Nigeria,Kaduna,Chikun,NGA,NG019002,NG01,October,2025,8,0
Nigeria,Kaduna,Giwa,NGA,NG019003,NG01,October,2025,1,4
Nigeria,Kaduna,Igabi,NGA,NG019004,NG01,October,2025,0,0
Nigeria,Kaduna,Ikara,NGA,NG019005,NG01,October,2025,0,0
Nigeria,Kaduna,Jaba,NGA,NG019006,NG01,October,2025,0,0
Nigeria,Kaduna,Jema'a,NGA,NG019007,NG01,October,2025,1,1
Nigeria,Kaduna,Kachia,NGA,NG019008,NG01,October,2025,5,3
Nigeria,Kaduna,Kaduna North,NGA,NG019009,NG01,October,2025,0,0
Nigeria,Kaduna,Kaduna South,NGA,NG019010,NG01,October,2025,0,0
Nigeria,Kaduna,Kagarko,NGA,NG019011,NG01,October,2025,0,0
Nigeria,Kaduna,Kajuru,NGA,NG019014,NG01,October,2025,7,0
Nigeria,Kaduna,Kaura,NGA,NG019013,NG01,October,2025,0,0
Nigeria,Kaduna,Kauru,NGA,NG019012,NG01,October,2025,4,8
Nigeria,Kaduna,Kubau,NGA,NG019015,NG01,October,2025,0,0
Nigeria,Kaduna,Kudan,NGA,NG019016,NG01,October,2025,0,0
Nigeria,Kaduna,Lere,NGA,NG019017,NG01,October,2025,0,0
Nigeria,Kaduna,Makarfi,NGA,NG019018,NG01,October,2025,2,2
Nigeria,Kaduna,Sabon Gari,NGA,NG019019,NG01,October,2025,0,0
Nigeria,Kaduna,Sanga,NGA,NG019020,NG01,October,2025,0,0
Nigeria,Kaduna,Soba,NGA,NG019021,NG01,October,2025,0,0
Nigeria,Kaduna,Zangon Kataf,NGA,NG019022,NG01,October,2025,1,2
Nigeria,Kaduna,Zaria,NGA,NG019023,NG01,October,2025,0,0
Nigeria,Kano,Ajingi,NGA,NG020001,NG02,October,2025,0,0
Nigeria,Kano,Albasu,NGA,NG020002,NG02,October,2025,0,0
Nigeria,Kano,Bagwai,NGA,NG020003,NG02,October,2025,0,0
Nigeria,Kano,Bebeji,NGA,NG020004,NG02,October,2025,0,0
Nigeria,Kano,Bichi,NGA,NG020005,NG02,October,2025,0,0
Nigeria,Kano,Bunkure,NGA,NG020006,NG02,October,2025,0,0
Nigeria,Kano,Dala,NGA,NG020007,NG02,October,2025,0,0
Nigeria,Kano,Danbatta,NGA,NG020008,NG02,October,2025,0,0
Nigeria,Kano,Dawakin Kudu,NGA,NG020009,NG02,October,2025,0,0
Nigeria,Kano,Dawakin Tofa,NGA,NG020010,NG02,October,2025,0,0
Nigeria,Kano,Doguwa,NGA,NG020011,NG02,October,2025,0,0
Nigeria,Kano,Fagge,NGA,NG020012,NG02,October,2025,0,0
Nigeria,Kano,Gabasawa,NGA,NG020013,NG02,October,2025,0,0
Nigeria,Kano,Garko,NGA,NG020014,NG02,October,2025,0,0
Nigeria,Kano,Garun Mallam,NGA,NG020015,NG02,October,2025,0,0
Nigeria,Kano,Gaya,NGA,NG020016,NG02,October,2025,0,0
Nigeria,Kano,Gezawa,NGA,NG020017,NG02,October,2025,0,0
Nigeria,Kano,Gwale,NGA,NG020018,NG02,October,2025,0,0
Nigeria,Kano,Gwarzo,NGA,NG020019,NG02,October,2025,0,0
Nigeria,Kano,Kabo,NGA,NG020020,NG02,October,2025,0,0
Nigeria,Kano,Kano Municipal,NGA,NG020021,NG02,October,2025,0,0
Nigeria,Kano,Karaye,NGA,NG020022,NG02,October,2025,0,0
Nigeria,Kano,Kibiya,NGA,NG020023,NG02,October,2025,0,0
Nigeria,Kano,Kiru,NGA,NG020024,NG02,October,2025,0,0
Nigeria,Kano,Kumbotso,NGA,NG020025,NG02,October,2025,0,0
Nigeria,Kano,Kunchi,NGA,NG020026,NG02,October,2025,0,0
Nigeria,Kano,Kura,NGA,NG020027,NG02,October,2025,0,0
Nigeria,Kano,Madobi,NGA,NG020028,NG02,October,2025,0,0
Nigeria,Kano,Makoda,NGA,NG020029,NG02,October,2025,0,0
Nigeria,Kano,Minjibir,NGA,NG020030,NG02,October,2025,0,0
Nigeria,Kano,Nassarawa,NGA,NG020031,NG02,October,2025,0,0
Nigeria,Kano,Rano,NGA,NG020032,NG02,October,2025,0,0
Nigeria,Kano,Rimin Gado,NGA,NG020033,NG02,October,2025,0,0
Nigeria,Kano,Rogo,NGA,NG020034,NG02,October,2025,0,0
Nigeria,Kano,Shanono,NGA,NG020035,NG02,October,2025,12,20
Nigeria,Kano,Sumaila,NGA,NG020036,NG02,October,2025,0,0
Nigeria,Kano,Takai,NGA,NG020037,NG02,October,2025,0,0
Nigeria,Kano,Tarauni,NGA,NG020038,NG02,October,2025,0,0
Nigeria,Kano,Tofa,NGA,NG020039,NG02,October,2025,0,0
Nigeria,Kano,Tsanyawa,NGA,NG020040,NG02,October,2025,1,2
Nigeria,Kano,Tudun Wada,NGA,NG020041,NG02,October,2025,0,0
Nigeria,Kano,Ungogo,NGA,NG020042,NG02,October,2025,0,0
Nigeria,Kano,Warawa,NGA,NG020043,NG02,October,2025,0,0
Nigeria,Kano,Wudil,NGA,NG020044,NG02,October,2025,0,0
Nigeria,Katsina,Bakori,NGA,NG021001,NG02,October,2025,8,14
Nigeria,Katsina,Batagarawa,NGA,NG021002,NG02,October,2025,0,0
Nigeria,Katsina,Batsari,NGA,NG021003,NG02,October,2025,0,0
Nigeria,Katsina,Baure,NGA,NG021004,NG02,October,2025,0,0
Nigeria,Katsina,Bindawa,NGA,NG021005,NG02,October,2025,0,0
Nigeria,Katsina,Charanchi,NGA,NG021006,NG02,October,2025,13,4
Nigeria,Katsina,Dan-Musa,NGA,NG021007,NG02,October,2025,2,6
Nigeria,Katsina,Dandume,NGA,NG021008,NG02,October,2025,2,3
Nigeria,Katsina,Danja,NGA,NG021009,NG02,October,2025,0,0
Nigeria,Katsina,Daura,NGA,NG021010,NG02,October,2025,0,0
Nigeria,Katsina,Dutsi,NGA,NG021011,NG02,October,2025,0,0
Nigeria,Katsina,Dutsinma,NGA,NG021012,NG02,October,2025,2,1
Nigeria,Katsina,Faskari,NGA,NG021013,NG02,October,2025,2,1
Nigeria,Katsina,Funtua,NGA,NG021014,NG02,October,2025,1,0
Nigeria,Katsina,Ingawa,NGA,NG021015,NG02,October,2025,0,0
Nigeria,Katsina,Jibia,NGA,NG021016,NG02,October,2025,0,0
Nigeria,Katsina,Kafur,NGA,NG021017,NG02,October,2025,1,1
Nigeria,Katsina,Kaita,NGA,NG021018,NG02,October,2025,0,0
Nigeria,Katsina,Kankara,NGA,NG021019,NG02,October,2025,9,31
Nigeria,Katsina,Kankia,NGA,NG021020,NG02,October,2025,9,4
Nigeria,Katsina,Katsina,NGA,NG021021,NG02,October,2025,0,0
Nigeria,Katsina,Kurfi,NGA,NG021022,NG02,October,2025,0,0
Nigeria,Katsina,Kusada,NGA,NG021023,NG02,October,2025,1,0
Nigeria,Katsina,Maiadua,NGA,NG021024,NG02,October,2025,0,0
Nigeria,Katsina,Malumfashi,NGA,NG021025,NG02,October,2025,9,23
Nigeria,Katsina,Mani,NGA,NG021026,NG02,October,2025,0,0
Nigeria,Katsina,Mashi,NGA,NG021027,NG02,October,2025,0,0
Nigeria,Katsina,Matazu,NGA,NG021028,NG02,October,2025,1,0
Nigeria,Katsina,Musawa,NGA,NG021029,NG02,October,2025,4,4
Nigeria,Katsina,Rimi,NGA,NG021030,NG02,October,2025,0,0
Nigeria,Katsina,Sabuwa,NGA,NG021031,NG02,October,2025,5,3
Nigeria,Katsina,Safana,NGA,NG021032,NG02,October,2025,1,1
Nigeria,Katsina,Sandamu,NGA,NG021033,NG02,October,2025,0,0
Nigeria,Katsina,Zango,NGA,NG021034,NG02,October,2025,0,0
Nigeria,Kebbi,Alieru,NGA,NG022001,NG02,October,2025,0,0
Nigeria,Kebbi,Arewa,NGA,NG022002,NG02,October,2025,1,13
Nigeria,Kebbi,Argungu,NGA,NG022003,NG02,October,2025,1,14
Nigeria,Kebbi,Augie,NGA,NG022004,NG02,October,2025,0,0
Nigeria,Kebbi,Bagudo,NGA,NG022005,NG02,October,2025,2,0
Nigeria,Kebbi,Birnin-Kebbi,NGA,NG022006,NG02,October,2025,1,2
Nigeria,Kebbi,Bunza,NGA,NG022007,NG02,October,2025,2,11
Nigeria,Kebbi,Dandi Kamba,NGA,NG022008,NG02,October,2025,2,6
Nigeria,Kebbi,Danko,NGA,NG022019,NG02,October,2025,0,0
Nigeria,Kebbi,Fakai,NGA,NG022009,NG02,October,2025,0,0
Nigeria,Kebbi,Gwandu,NGA,NG022010,NG02,October,2025,0,0
Nigeria,Kebbi,Jega,NGA,NG022011,NG02,October,2025,0,0
Nigeria,Kebbi,Kalgo,NGA,NG022012,NG02,October,2025,0,0
Nigeria,Kebbi,Koko,NGA,NG022013,NG02,October,2025,0,0
Nigeria,Kebbi,Maiyama,NGA,NG022014,NG02,October,2025,0,0
Nigeria,Kebbi,Ngaski,NGA,NG022015,NG02,October,2025,0,0
Nigeria,Kebbi,Sakaba,NGA,NG022016,NG02,October,2025,1,10
Nigeria,Kebbi,Shanga,NGA,NG022017,NG02,October,2025,0,0
Nigeria,Kebbi,Suru,NGA,NG022018,NG02,October,2025,0,0
Nigeria,Kebbi,Yauri,NGA,NG022020,NG02,October,2025,0,0
Nigeria,Kebbi,Zuru,NGA,NG022021,NG02,October,2025,0,0
Nigeria,Kogi,Adavi,NGA,NG023001,NG02,October,2025,1,2
Nigeria,Kogi,Ajaokuta,NGA,NG023002,NG02,October,2025,0,0
Nigeria,Kogi,Ankpa,NGA,NG023003,NG02,October,2025,0,0
Nigeria,Kogi,Bassa,NGA,NG023004,NG02,October,2025,0,0
Nigeria,Kogi,Dekina,NGA,NG023005,NG02,October,2025,0,0
Nigeria,Kogi,Ibaji,NGA,NG023006,NG02,October,2025,0,0
Nigeria,Kogi,Idah,NGA,NG023007,NG02,October,2025,0,0
Nigeria,Kogi,Igalamela,NGA,NG023008,NG02,October,2025,0,0
Nigeria,Kogi,Ijumu,NGA,NG023009,NG02,October,2025,0,0
Nigeria,Kogi,Kabba,NGA,NG023010,NG02,October,2025,0,0
Nigeria,Kogi,Kogi,NGA,NG023011,NG02,October,2025,1,0
Nigeria,Kogi,Lokoja,NGA,NG023012,NG02,October,2025,1,1
Nigeria,Kogi,Mopa-Muro,NGA,NG023013,NG02,October,2025,0,0
Nigeria,Kogi,Ofu,NGA,NG023014,NG02,October,2025,1,0
Nigeria,Kogi,Ogori,NGA,NG023015,NG02,October,2025,0,0
Nigeria,Kogi,Okehi,NGA,NG023016,NG02,October,2025,0,0
Nigeria,Kogi,Okene,NGA,NG023017,NG02,October,2025,1,0
Nigeria,Kogi,Olamaboro,NGA,NG023018,NG02,October,2025,0,0
Nigeria,Kogi,Omala,NGA,NG023019,NG02,October,2025,0,0
Nigeria,Kogi,Yagba East,NGA,NG023020,NG02,October,2025,1,0
Nigeria,Kogi,Yagba West,NGA,NG023021,NG02,October,2025,7,28
Nigeria,Kwara,Asa,NGA,NG024001,NG02,October,2025,0,0
Nigeria,Kwara,Baruten,NGA,NG024002,NG02,October,2025,1,7
Nigeria,Kwara,Edu,NGA,NG024003,NG02,October,2025,6,4
Nigeria,Kwara,Ekiti,NGA,NG024004,NG02,October,2025,1,0
Nigeria,Kwara,Ifelodun,NGA,NG024005,NG02,October,2025,2,1
Nigeria,Kwara,Ilorin East,NGA,NG024006,NG02,October,2025,0,0
Nigeria,Kwara,Ilorin South,NGA,NG024007,NG02,October,2025,1,0
Nigeria,Kwara,Ilorin West,NGA,NG024008,NG02,October,2025,0,0
Nigeria,Kwara,Irepodun,NGA,NG024009,NG02,October,2025,1,3
Nigeria,Kwara,Kai Ama,NGA,NG024011,NG02,October,2025,1,1
Nigeria,Kwara,Moro,NGA,NG024012,NG02,October,2025,0,0
Nigeria,Kwara,Offa,NGA,NG024013,NG02,October,2025,0,0
Nigeria,Kwara,Oke-Ero,NGA,NG024014,NG02,October,2025,1,3
Nigeria,Kwara,Osin,NGA,NG024010,NG02,October,2025,0,0
Nigeria,Kwara,Oyun,NGA,NG024015,NG02,October,2025,0,0
Nigeria,Kwara,Pategi,NGA,NG024016,NG02,October,2025,7,10
Nigeria,Lagos,Agege,NGA,NG025001,NG02,October,2025,0,0
Nigeria,Lagos,Ajeromi,NGA,NG025002,NG02,October,2025,0,0
Nigeria,Lagos,Alimosho,NGA,NG025003,NG02,October,2025,0,0
Nigeria,Lagos,Amowo-Odofin,NGA,NG025004,NG02,October,2025,1,0
Nigeria,Lagos,Apapa,NGA,NG025005,NG02,October,2025,0,0
Nigeria,Lagos,Badagry,NGA,NG025006,NG02,October,2025,1,1
Nigeria,Lagos,Epe,NGA,NG025007,NG02,October,2025,0,0
Nigeria,Lagos,Eti-Osa,NGA,NG025008,NG02,October,2025,0,0
Nigeria,Lagos,Ibeju-Lekki,NGA,NG025009,NG02,October,2025,0,0
Nigeria,Lagos,Ifako,NGA,NG025010,NG02,October,2025,0,0
Nigeria,Lagos,Ikeja,NGA,NG025011,NG02,October,2025,0,0
Nigeria,Lagos,Ikorodu,NGA,NG025012,NG02,October,2025,1,1
Nigeria,Lagos,Kosofe,NGA,NG025013,NG02,October,2025,0,0
Nigeria,Lagos,Lagos Island,NGA,NG025014,NG02,October,2025,0,0
Nigeria,Lagos,Lagos Mainland,NGA,NG025015,NG02,October,2025,0,0
Nigeria,Lagos,Mushin,NGA,NG025016,NG02,October,2025,0,0
Nigeria,Lagos,Ojo,NGA,NG025017,NG02,October,2025,3,5
Nigeria,Lagos,Oshodi,NGA,NG025018,NG02,October,2025,0,0
Nigeria,Lagos,Somolu,NGA,NG025019,NG02,October,2025,0,0
Nigeria,Lagos,Surulere,NGA,NG025020,NG02,October,2025,1,2
Nigeria,Nassarawa,Akwanga,NGA,NG026001,NG02,October,2025,0,0
Nigeria,Nassarawa,Awe,NGA,NG026002,NG02,October,2025,0,0
Nigeria,Nassarawa,Doma,NGA,NG026003,NG02,October,2025,0,0
Nigeria,Nassarawa,Karu,NGA,NG026004,NG02,October,2025,0,0
Nigeria,Nassarawa,Keana,NGA,NG026005,NG02,October,2025,0,0
Nigeria,Nassarawa,Keffi,NGA,NG026006,NG02,October,2025,0,0
Nigeria,Nassarawa,Kokona,NGA,NG026007,NG02,October,2025,1,8
Nigeria,Nassarawa,Lafia,NGA,NG026008,NG02,October,2025,1,2
Nigeria,Nassarawa,Nasarawa,NGA,NG026009,NG02,October,2025,0,0
Nigeria,Nassarawa,Nasarawa Eggon,NGA,NG026010,NG02,October,2025,0,0
Nigeria,Nassarawa,Obi,NGA,NG026011,NG02,October,2025,0,0
Nigeria,Nassarawa,Toto,NGA,NG026012,NG02,October,2025,0,0
Nigeria,Nassarawa,Wamba,NGA,NG026013,NG02,October,2025,0,0
Nigeria,Niger,Agaie,NGA,NG027001,NG02,October,2025,0,0
Nigeria,Niger,Agwara,NGA,NG027002,NG02,October,2025,0,0
Nigeria,Niger,Bida,NGA,NG027003,NG02,October,2025,1,0
Nigeria,Niger,Borgu,NGA,NG027004,NG02,October,2025,3,3
Nigeria,Niger,Bosso,NGA,NG027005,NG02,October,2025,0,0
Nigeria,Niger,Edati,NGA,NG027017,NG02,October,2025,2,5
Nigeria,Niger,Gbako,NGA,NG027008,NG02,October,2025,0,0
Nigeria,Niger,Gurara,NGA,NG027009,NG02,October,2025,0,0
Nigeria,Niger,Katcha,NGA,NG027010,NG02,October,2025,1,0
Nigeria,Niger,Kontagora,NGA,NG027011,NG02,October,2025,1,1
Nigeria,Niger,Lapai,NGA,NG027012,NG02,October,2025,0,0
Nigeria,Niger,Lavun,NGA,NG027013,NG02,October,2025,0,0
Nigeria,Niger,Magama,NGA,NG027014,NG02,October,2025,7,3
Nigeria,Niger,Mariga,NGA,NG027015,NG02,October,2025,1,10
Nigeria,Niger,Mashegu,NGA,NG027016,NG02,October,2025,0,0
Nigeria,Niger,Minna,NGA,NG027006,NG02,October,2025,0,0
Nigeria,Niger,Mokwa,NGA,NG027017,NG02,October,2025,0,0
Nigeria,Niger,Muya,NGA,NG027018,NG02,October,2025,0,0
Nigeria,Niger,Paikoro,NGA,NG027019,NG02,October,2025,0,0
Nigeria,Niger,Rafi,NGA,NG027020,NG02,October,2025,2,0
Nigeria,Niger,Rijau,NGA,NG027021,NG02,October,2025,8,1
Nigeria,Niger,Shiroro,NGA,NG027022,NG02,October,2025,1,3
Nigeria,Niger,Suleja,NGA,NG027023,NG02,October,2025,0,0
Nigeria,Niger,Tafa,NGA,NG027024,NG02,October,2025,3,2
Nigeria,Niger,Wushishi,NGA,NG027025,NG02,October,2025,0,0
Nigeria,Ogun,Abeokuta North,NGA,NG028001,NG02,October,2025,0,0
Nigeria,Ogun,Abeokuta South,NGA,NG028002,NG02,October,2025,0,0
Nigeria,Ogun,Ado-Odo,NGA,NG028003,NG02,October,2025,2,6
Nigeria,Ogun,Egbado North,NGA,NG028004,NG02,October,2025,1,0
Nigeria,Ogun,Egbado South,NGA,NG028005,NG02,October,2025,0,0
Nigeria,Ogun,Ewekoro,NGA,NG028006,NG02,October,2025,0,0
Nigeria,Ogun,Ifo,NGA,NG028007,NG02,October,2025,0,0
Nigeria,Ogun,Ijebu East,NGA,NG028008,NG02,October,2025,0,0
Nigeria,Ogun,Ijebu North,NGA,NG028009,NG02,October,2025,0,0
Nigeria,Ogun,Ijebu North East,NGA,NG028010,NG02,October,2025,0,0
Nigeria,Ogun,Ijebu Ode,NGA,NG028010,NG02,October,2025,0,0
Nigeria,Ogun,Ikenne,NGA,NG028012,NG02,October,2025,0,0
Nigeria,Ogun,Imeko-Afon,NGA,NG028013,NG02,October,2025,0,0
Nigeria,Ogun,Ipokia,NGA,NG028014,NG02,October,2025,0,0
Nigeria,Ogun,Obafemi,NGA,NG028015,NG02,October,2025,0,0
Nigeria,Ogun,Odedah,NGA,NG028016,NG02,October,2025,0,0
Nigeria,Ogun,Odogbolu,NGA,NG028017,NG02,October,2025,0,0
Nigeria,Ogun,Ogun Waterside,NGA,NG028018,NG02,October,2025,0,0
Nigeria,Ogun,Remo North,NGA,NG028019,NG02,October,2025,0,0
Nigeria,Ogun,Shagamu,NGA,NG028020,NG02,October,2025,0,0
Nigeria,Ondo,Akoko North East,NGA,NG029001,NG02,October,2025,0,0
Nigeria,Ondo,Akoko North West,NGA,NG029002,NG02,October,2025,0,0
Nigeria,Ondo,Akoko South East,NGA,NG029003,NG02,October,2025,0,0
Nigeria,Ondo,Akoko South West,NGA,NG029004,NG02,October,2025,0,0
Nigeria,Ondo,Akure North,NGA,NG029005,NG02,October,2025,2,0
Nigeria,Ondo,Akure South,NGA,NG029006,NG02,October,2025,0,0
Nigeria,Ondo,Ese-Edo,NGA,NG029007,NG02,October,2025,0,0
Nigeria,Ondo,Idanre,NGA,NG029008,NG02,October,2025,0,0
Nigeria,Ondo,Ifedore,NGA,NG029009,NG02,October,2025,0,0
Nigeria,Ondo,Ilaje,NGA,NG029010,NG02,October,2025,0,0
Nigeria,Ondo,Ile-Oluji-Okeigbo,NGA,NG029011,NG02,October,2025,0,0
Nigeria,Ondo,Irele,NGA,NG029012,NG02,October,2025,0,0
Nigeria,Ondo,Odigbo,NGA,NG029013,NG02,October,2025,0,0
Nigeria,Ondo,Okitipupa,NGA,NG029014,NG02,October,2025,0,0
Nigeria,Ondo,Ondo East,NGA,NG029015,NG02,October,2025,0,0
Nigeria,Ondo,Ondo West,NGA,NG029016,NG02,October,2025,0,0
Nigeria,Ondo,Ose,NGA,NG029017,NG02,October,2025,1,0
Nigeria,Ondo,Owo,NGA,NG029018,NG02,October,2025,0,0
Nigeria,Osun,Aiyedade,NGA,NG030001,NG03,October,2025,1,0
Nigeria,Osun,Aiyedire,NGA,NG030002,NG03,October,2025,0,0
Nigeria,Osun,Atakumosa East,NGA,NG030003,NG03,October,2025,0,0
Nigeria,Osun,Atakumosa West,NGA,NG030004,NG03,October,2025,0,0
Nigeria,Osun,Boluwaduro,NGA,NG030005,NG03,October,2025,0,0
Nigeria,Osun,Boripe,NGA,NG030006,NG03,October,2025,1,0
Nigeria,Osun,Ede North,NGA,NG030007,NG03,October,2025,0,0
Nigeria,Osun,Ede South,NGA,NG030008,NG03,October,2025,0,0
Nigeria,Osun,Egbedore,NGA,NG030009,NG03,October,2025,0,0
Nigeria,Osun,Ejigbo,NGA,NG030010,NG03,October,2025,0,0
Nigeria,Osun,Ife Central,NGA,NG030011,NG03,October,2025,0,0
Nigeria,Osun,Ife East,NGA,NG030012,NG03,October,2025,0,0
Nigeria,Osun,Ife North,NGA,NG030013,NG03,October,2025,0,0
Nigeria,Osun,Ife South,NGA,NG030014,NG03,October,2025,0,0
Nigeria,Osun,Ifedayo,NGA,NG030015,NG03,October,2025,0,0
Nigeria,Osun,Ifelodun,NGA,NG030016,NG03,October,2025,1,0
Nigeria,Osun,Ila,NGA,NG030017,NG03,October,2025,0,0
Nigeria,Osun,Ilesha East,NGA,NG030018,NG03,October,2025,0,0
Nigeria,Osun,Ilesha West,NGA,NG030019,NG03,October,2025,0,0
Nigeria,Osun,Irepodun,NGA,NG030020,NG03,October,2025,0,0
Nigeria,Osun,Irewole,NGA,NG030021,NG03,October,2025,0,0
Nigeria,Osun,Isokan,NGA,NG030022,NG03,October,2025,0,0
Nigeria,Osun,Iwo,NGA,NG030023,NG03,October,2025,0,0
Nigeria,Osun,Obokun,NGA,NG030024,NG03,October,2025,0,0
Nigeria,Osun,Odo-Otin,NGA,NG030025,NG03,October,2025,0,0
Nigeria,Osun,Ola-Oluwa,NGA,NG030026,NG03,October,2025,0,0
Nigeria,Osun,Olorunda,NGA,NG030027,NG03,October,2025,0,0
Nigeria,Osun,Oriade,NGA,NG030028,NG03,October,2025,0,0
Nigeria,Osun,Orolu,NGA,NG030029,NG03,October,2025,0,0
Nigeria,Osun,Osogbo,NGA,NG030030,NG03,October,2025,0,0
Nigeria,Oyo,Afijio,NGA,NG031001,NG03,October,2025,0,0
Nigeria,Oyo,Akinyele,NGA,NG031002,NG03,October,2025,0,0
Nigeria,Oyo,Atiba,NGA,NG031003,NG03,October,2025,1,0
Nigeria,Oyo,Atisbo,NGA,NG031004,NG03,October,2025,2,2
Nigeria,Oyo,Egbeda,NGA,NG031005,NG03,October,2025,0,0
Nigeria,Oyo,Ibadan North,NGA,NG031006,NG03,October,2025,0,0
Nigeria,Oyo,Ibadan North East,NGA,NG031007,NG03,October,2025,0,0
Nigeria,Oyo,Ibadan North West,NGA,NG031008,NG03,October,2025,0,0
Nigeria,Oyo,Ibadan South East,NGA,NG031009,NG03,October,2025,0,0
Nigeria,Oyo,Ibadan South West,NGA,NG031010,NG03,October,2025,0,0
Nigeria,Oyo,Ibarapa Central,NGA,NG031011,NG03,October,2025,0,0
Nigeria,Oyo,Ibarapa East,NGA,NG031012,NG03,October,2025,0,0
Nigeria,Oyo,Ibarapa North,NGA,NG031013,NG03,October,2025,0,0
Nigeria,Oyo,Ido,NGA,NG031014,NG03,October,2025,0,0
Nigeria,Oyo,Irepo,NGA,NG031015,NG03,October,2025,0,0
Nigeria,Oyo,Iseyin,NGA,NG031016,NG03,October,2025,0,0
Nigeria,Oyo,Itesiwaju,NGA,NG031017,NG03,October,2025,0,0
Nigeria,Oyo,Iwajowa,NGA,NG031018,NG03,October,2025,0,0
Nigeria,Oyo,Kajola,NGA,NG031019,NG03,October,2025,0,0
Nigeria,Oyo,Lagelu,NGA,NG031020,NG03,October,2025,0,0
Nigeria,Oyo,Ogbomosho North,NGA,NG031021,NG03,October,2025,0,0
Nigeria,Oyo,Ogbomosho South,NGA,NG031022,NG03,October,2025,0,0
Nigeria,Oyo,Ogo-Oluwa,NGA,NG031023,NG03,October,2025,0,0
Nigeria,Oyo,Olorunsogo,NGA,NG031024,NG03,October,2025,0,0
Nigeria,Oyo,Oluyole,NGA,NG031025,NG03,October,2025,0,0
Nigeria,Oyo,Ona-Ara,NGA,NG031026,NG03,October,2025,0,0
Nigeria,Oyo,Orelope,NGA,NG031027,NG03,October,2025,0,0
Nigeria,Oyo,Ori Ire,NGA,NG031028,NG03,October,2025,0,0
Nigeria,Oyo,Oyo East,NGA,NG031029,NG03,October,2025,0,0
Nigeria,Oyo,Oyo West,NGA,NG031030,NG03,October,2025,0,0
Nigeria,Oyo,Saki East,NGA,NG031031,NG03,October,2025,0,0
Nigeria,Oyo,Saki West,NGA,NG031032,NG03,October,2025,0,0
Nigeria,Oyo,Surulere,NGA,NG031033,NG03,October,2025,0,0
Nigeria,Plateau,Barkin Ladi,NGA,NG032001,NG03,October,2025,7,18
Nigeria,Plateau,Bassa,NGA,NG032002,NG03,October,2025,0,0
Nigeria,Plateau,Bokkos,NGA,NG032003,NG03,October,2025,1,1
Nigeria,Plateau,Jos East,NGA,NG032004,NG03,October,2025,0,0
Nigeria,Plateau,Jos North,NGA,NG032005,NG03,October,2025,0,0
Nigeria,Plateau,Jos South,NGA,NG032006,NG03,October,2025,3,4
Nigeria,Plateau,Kanam,NGA,NG032007,NG03,October,2025,1,2
Nigeria,Plateau,Kanke,NGA,NG032008,NG03,October,2025,0,0
Nigeria,Plateau,Langtang North,NGA,NG032009,NG03,October,2025,0,0
Nigeria,Plateau,Langtang South,NGA,NG032010,NG03,October,2025,0,0
Nigeria,Plateau,Mangu,NGA,NG032011,NG03,October,2025,2,4
Nigeria,Plateau,Mikang,NGA,NG032012,NG03,October,2025,0,0
Nigeria,Plateau,Pankshin,NGA,NG032013,NG03,October,2025,0,0
Nigeria,Plateau,Quan-Pan,NGA,NG032014,NG03,October,2025,0,0
Nigeria,Plateau,Riyom,NGA,NG032015,NG03,October,2025,3,6
Nigeria,Plateau,Shendam,NGA,NG032016,NG03,October,2025,0,0
Nigeria,Plateau,Wase,NGA,NG032017,NG03,October,2025,0,0
Nigeria,Rivers,Ahoada,NGA,NG033002,NG03,October,2025,0,0
Nigeria,Rivers,Ahoada West,NGA,NG033003,NG03,October,2025,0,0
Nigeria,Rivers,Akukutoru,NGA,NG033004,NG03,October,2025,0,0
Nigeria,Rivers,Andoni,NGA,NG033005,NG03,October,2025,0,0
Nigeria,Rivers,Asaritoru,NGA,NG033006,NG03,October,2025,0,0
Nigeria,Rivers,Bonny,NGA,NG033007,NG03,October,2025,0,0
Nigeria,Rivers,Degema,NGA,NG033008,NG03,October,2025,0,0
Nigeria,Rivers,Eleme,NGA,NG033009,NG03,October,2025,0,0
Nigeria,Rivers,Emohua,NGA,NG033010,NG03,October,2025,0,0
Nigeria,Rivers,Etche,NGA,NG033011,NG03,October,2025,0,0
Nigeria,Rivers,Gonaka,NGA,NG033012,NG03,October,2025,0,0
Nigeria,Rivers,Ikwerre,NGA,NG033013,NG03,October,2025,0,0
Nigeria,Rivers,Khana,NGA,NG033014,NG03,October,2025,0,0
Nigeria,Rivers,Obio,NGA,NG033015,NG03,October,2025,1,1
Nigeria,Rivers,Obua,NGA,NG033001,NG03,October,2025,0,0
Nigeria,Rivers,Ogba,NGA,NG033016,NG03,October,2025,0,0
Nigeria,Rivers,Ogu,NGA,NG033017,NG03,October,2025,0,0
Nigeria,Rivers,Okrika,NGA,NG033018,NG03,October,2025,0,0
Nigeria,Rivers,Omumma,NGA,NG033019,NG03,October,2025,0,0
Nigeria,Rivers,Opobo,NGA,NG033020,NG03,October,2025,0,0
Nigeria,Rivers,Oyigbo,NGA,NG033021,NG03,October,2025,0,0
Nigeria,Rivers,Port Harcourt,NGA,NG033022,NG03,October,2025,1,2
Nigeria,Rivers,Tai,NGA,NG033023,NG03,October,2025,0,0
Nigeria,Sokoto,Binji,NGA,NG034001,NG03,October,2025,3,1
Nigeria,Sokoto,Bodinga,NGA,NG034002,NG03,October,2025,0,0
Nigeria,Sokoto,Dange-Shuni,NGA,NG034003,NG03,October,2025,0,0
Nigeria,Sokoto,Gada,NGA,NG034004,NG03,October,2025,0,0
Nigeria,Sokoto,Goronyo,NGA,NG034006,NG03,October,2025,6,16
Nigeria,Sokoto,Gudu,NGA,NG034007,NG03,October,2025,2,2
Nigeria,Sokoto,Gwadabawa,NGA,NG034005,NG03,October,2025,0,0
Nigeria,Sokoto,Illela,NGA,NG034008,NG03,October,2025,0,0
Nigeria,Sokoto,Isa,NGA,NG034009,NG03,October,2025,4,20
Nigeria,Sokoto,Kebbe,NGA,NG034010,NG03,October,2025,0,0
Nigeria,Sokoto,Kware,NGA,NG034011,NG03,October,2025,0,0
Nigeria,Sokoto,Rabah,NGA,NG034012,NG03,October,2025,4,0
Nigeria,Sokoto,Sabon Birni,NGA,NG034013,NG03,October,2025,14,7
Nigeria,Sokoto,Shagari,NGA,NG034014,NG03,October,2025,0,0
Nigeria,Sokoto,Silame,NGA,NG034015,NG03,October,2025,3,2
Nigeria,Sokoto,Sokoto North,NGA,NG034016,NG03,October,2025,0,0
Nigeria,Sokoto,Sokoto South,NGA,NG034017,NG03,October,2025,0,0
Nigeria,Sokoto,Tambuwal,NGA,NG034018,NG03,October,2025,0,0
Nigeria,Sokoto,Tangaza,NGA,NG034019,NG03,October,2025,1,4
Nigeria,Sokoto,Tureta,NGA,NG034020,NG03,October,2025,0,0
Nigeria,Sokoto,Wamakko,NGA,NG034021,NG03,October,2025,0,0
Nigeria,Sokoto,Wurno,NGA,NG034022,NG03,October,2025,6,13
Nigeria,Sokoto,Yabo,NGA,NG034023,NG03,October,2025,1,0
Nigeria,Taraba,Ardo Kola,NGA,NG035001,NG03,October,2025,0,0
Nigeria,Taraba,Bali,NGA,NG035002,NG03,October,2025,0,0
Nigeria,Taraba,Donga,NGA,NG035003,NG03,October,2025,1,1
Nigeria,Taraba,Gashaka,NGA,NG035004,NG03,October,2025,0,0
Nigeria,Taraba,Gassol,NGA,NG035005,NG03,October,2025,0,0
Nigeria,Taraba,Ibi,NGA,NG035006,NG03,October,2025,2,0
Nigeria,Taraba,Jalingo,NGA,NG035007,NG03,October,2025,0,0
Nigeria,Taraba,Karim Lamidu,NGA,NG035008,NG03,October,2025,0,0
Nigeria,Taraba,Kurmi,NGA,NG035009,NG03,October,2025,0,0
Nigeria,Taraba,Lau,NGA,NG035010,NG03,October,2025,2,0
Nigeria,Taraba,Sardauna,NGA,NG035011,NG03,October,2025,0,0
Nigeria,Taraba,Takum,NGA,NG035012,NG03,October,2025,1,0
Nigeria,Taraba,Ussa,NGA,NG035013,NG03,October,2025,0,0
Nigeria,Taraba,Wukari,NGA,NG035014,NG03,October,2025,1,0
Nigeria,Taraba,Yorro,NGA,NG035015,NG03,October,2025,0,0
Nigeria,Taraba,Zing,NGA,NG035016,NG03,October,2025,0,0
Nigeria,Yobe,Bade,NGA,NG036001,NG03,October,2025,0,0
Nigeria,Yobe,Bursari,NGA,NG036002,NG03,October,2025,1,5
Nigeria,Yobe,Damaturu,NGA,NG036003,NG03,October,2025,0,0
Nigeria,Yobe,Fika,NGA,NG036004,NG03,October,2025,0,0
Nigeria,Yobe,Fune,NGA,NG036005,NG03,October,2025,0,0
Nigeria,Yobe,Geidam,NGA,NG036006,NG03,October,2025,0,0
Nigeria,Yobe,Gujba,NGA,NG036007,NG03,October,2025,2,15
Nigeria,Yobe,Gulami,NGA,NG036008,NG03,October,2025,0,0
Nigeria,Yobe,Jakusko,NGA,NG036009,NG03,October,2025,0,0
Nigeria,Yobe,Karasuwa,NGA,NG036010,NG03,October,2025,0,0
Nigeria,Yobe,Machina,NGA,NG036011,NG03,October,2025,0,0
Nigeria,Yobe,Nangere,NGA,NG036012,NG03,October,2025,0,0
Nigeria,Yobe,Nguru,NGA,NG036013,NG03,October,2025,0,0
Nigeria,Yobe,Potiskum,NGA,NG036014,NG03,October,2025,0,0
Nigeria,Yobe,Tarmua,NGA,NG036015,NG03,October,2025,0,0
Nigeria,Yobe,Yunusari,NGA,NG036016,NG03,October,2025,0,0
Nigeria,Yobe,Yusufari,NGA,NG036017,NG03,October,2025,0,0
Nigeria,Zamfara,Anka,NGA,NG037001,NG03,October,2025,6,17
Nigeria,Zamfara,Bakura,NGA,NG037002,NG03,October,2025,1,1
Nigeria,Zamfara,Bukkuyum,NGA,NG037004,NG03,October,2025,4,3
Nigeria,Zamfara,Bungudu,NGA,NG037005,NG03,October,2025,5,2
Nigeria,Zamfara,Gummi,NGA,NG037006,NG03,October,2025,5,3
Nigeria,Zamfara,Gusau,NGA,NG037007,NG03,October,2025,10,30
Nigeria,Zamfara,Kaura Namoda,NGA,NG037008,NG03,October,2025,7,4
Nigeria,Zamfara,Kiyawa,NGA,NG037003,NG03,October,2025,1,1
Nigeria,Zamfara,Maradun,NGA,NG037009,NG03,October,2025,2,0
Nigeria,Zamfara,Maru,NGA,NG037010,NG03,October,2025,2,3
Nigeria,Zamfara,Shinkafi,NGA,NG037011,NG03,October,2025,2,0
Nigeria,Zamfara,Talata Mafara,NGA,NG037012,NG03,October,2025,4,5
Nigeria,Zamfara,Tsafe,NGA,NG037013,NG03,October,2025,16,37
Nigeria,Zamfara,Zurmi,NGA,NG037014,NG03,October,2025,1,0
Nigeria,Abia,Aba North,NGA,NG001001,NG00,November,2025,0,0
Nigeria,Abia,Aba South,NGA,NG001002,NG00,November,2025,1,1
Nigeria,Abia,Arochukwu,NGA,NG001003,NG00,November,2025,0,0
Nigeria,Abia,Bende,NGA,NG001004,NG00,November,2025,0,0
Nigeria,Abia,Ikwuano,NGA,NG001005,NG00,November,2025,0,0
Nigeria,Abia,Isiala Ngwa North,NGA,NG001007,NG00,November,2025,0,0
Nigeria,Abia,Isiala Ngwa South,NGA,NG001006,NG00,November,2025,0,0
Nigeria,Abia,Isuikwuato,NGA,NG001008,NG00,November,2025,0,0
Nigeria,Abia,Nneochi,NGA,NG001017,NG00,November,2025,0,0
Nigeria,Abia,Obioma Ngwa,NGA,NG001009,NG00,November,2025,0,0
Nigeria,Abia,Ohafia,NGA,NG001010,NG00,November,2025,0,0
Nigeria,Abia,Osisioma,NGA,NG001011,NG00,November,2025,0,0
Nigeria,Abia,Ugwunagbo,NGA,NG001012,NG00,November,2025,0,0
Nigeria,Abia,Ukwa East,NGA,NG001013,NG00,November,2025,1,0
Nigeria,Abia,Ukwa West,NGA,NG001014,NG00,November,2025,0,0
Nigeria,Abia,Umuahia North,NGA,NG001015,NG00,November,2025,0,0
Nigeria,Abia,Umuahia South,NGA,NG001016,NG00,November,2025,0,0
Nigeria,Adamawa,Demsa,NGA,NG002001,NG00,November,2025,0,0
Nigeria,Adamawa,Fufore,NGA,NG002002,NG00,November,2025,0,0
Nigeria,Adamawa,Ganye,NGA,NG002003,NG00,November,2025,0,0
Nigeria,Adamawa,Girei,NGA,NG002005,NG00,November,2025,0,0
Nigeria,Adamawa,Gombi,NGA,NG002004,NG00,November,2025,0,0
Nigeria,Adamawa,Guyuk,NGA,NG002006,NG00,November,2025,0,0
Nigeria,Adamawa,Hong,NGA,NG002007,NG00,November,2025,0,0
Nigeria,Adamawa,Jada,NGA,NG002008,NG00,November,2025,0,0
Nigeria,Adamawa,Lamurde,NGA,NG002009,NG00,November,2025,0,0
Nigeria,Adamawa,Madagali,NGA,NG002010,NG00,November,2025,0,0
Nigeria,Adamawa,Maiha,NGA,NG002011,NG00,November,2025,0,0
Nigeria,Adamawa,Mayo-Belwa,NGA,NG002012,NG00,November,2025,0,0
Nigeria,Adamawa,Michika,NGA,NG002013,NG00,November,2025,0,0
Nigeria,Adamawa,Mubi North,NGA,NG002014,NG00,November,2025,0,0
Nigeria,Adamawa,Mubi South,NGA,NG002015,NG00,November,2025,0,0
Nigeria,Adamawa,Numan,NGA,NG002016,NG00,November,2025,0,0
Nigeria,Adamawa,Shelleng,NGA,NG002017,NG00,November,2025,0,0
Nigeria,Adamawa,Song,NGA,NG002018,NG00,November,2025,2,3
Nigeria,Adamawa,Toungo,NGA,NG002019,NG00,November,2025,0,0
Nigeria,Adamawa,Yola-North,NGA,NG002021,NG00,November,2025,0,0
Nigeria,Adamawa,Yola-South,NGA,NG002020,NG00,November,2025,0,0
Nigeria,Akwa Ibom,Abak,NGA,NG003001,NG00,November,2025,0,0
Nigeria,Akwa Ibom,Eastern Obolo,NGA,NG003002,NG00,November,2025,0,0
Nigeria,Akwa Ibom,Eket,NGA,NG003003,NG00,November,2025,0,0
Nigeria,Akwa Ibom,Ekpe Atai,NGA,NG003004,NG00,November,2025,0,0
Nigeria,Akwa Ibom,Essien Udim,NGA,NG003005,NG00,November,2025,0,0
Nigeria,Akwa Ibom,Etim Ekpo,NGA,NG003006,NG00,November,2025,0,0
Nigeria,Akwa Ibom,Etinan,NGA,NG003007,NG00,November,2025,0,0
Nigeria,Akwa Ibom,Ibeno,NGA,NG003008,NG00,November,2025,0,0
Nigeria,Akwa Ibom,Ibesikpo Asutan,NGA,NG003009,NG00,November,2025,0,0
Nigeria,Akwa Ibom,Ibiono Ibom,NGA,NG003010,NG00,November,2025,0,0
Nigeria,Akwa Ibom,Ika,NGA,NG003011,NG00,November,2025,0,0
Nigeria,Akwa Ibom,Ikono,NGA,NG003012,NG00,November,2025,0,0
Nigeria,Akwa Ibom,Ikot Abasi,NGA,NG003013,NG00,November,2025,0,0
Nigeria,Akwa Ibom,Ikot Ekpene,NGA,NG003014,NG00,November,2025,0,0
Nigeria,Akwa Ibom,Ini,NGA,NG003015,NG00,November,2025,0,0
Nigeria,Akwa Ibom,Itu,NGA,NG003016,NG00,November,2025,0,0
Nigeria,Akwa Ibom,Mbo,NGA,NG003017,NG00,November,2025,0,0
Nigeria,Akwa Ibom,Mkpat Enin,NGA,NG003018,NG00,November,2025,0,0
Nigeria,Akwa Ibom,Nsit Ibom,NGA,NG003020,NG00,November,2025,0,0
Nigeria,Akwa Ibom,Nsit Ubium,NGA,NG003021,NG00,November,2025,0,0
Nigeria,Akwa Ibom,Obat Akara,NGA,NG003022,NG00,November,2025,0,0
Nigeria,Akwa Ibom,Okobo,NGA,NG003023,NG00,November,2025,0,0
Nigeria,Akwa Ibom,Onna,NGA,NG003024,NG00,November,2025,0,0
Nigeria,Akwa Ibom,Oron,NGA,NG003025,NG00,November,2025,0,0
Nigeria,Akwa Ibom,Oruk Anam,NGA,NG003026,NG00,November,2025,0,0
Nigeria,Akwa Ibom,Udung Uko,NGA,NG003027,NG00,November,2025,0,0
Nigeria,Akwa Ibom,Ukanafun,NGA,NG003028,NG00,November,2025,0,0
Nigeria,Akwa Ibom,Uruan,NGA,NG003029,NG00,November,2025,0,0
Nigeria,Akwa Ibom,Urue Offong,NGA,NG003030,NG00,November,2025,0,0
Nigeria,Akwa Ibom,Uyo,NGA,NG003031,NG00,November,2025,0,0
Nigeria,Anambra,Aguata,NGA,NG004001,NG00,November,2025,0,0
Nigeria,Anambra,Anambra East,NGA,NG004002,NG00,November,2025,0,0
Nigeria,Anambra,Anambra West,NGA,NG004003,NG00,November,2025,0,0
Nigeria,Anambra,Aniocha,NGA,NG004004,NG00,November,2025,1,0
Nigeria,Anambra,Awka North,NGA,NG004005,NG00,November,2025,0,0
Nigeria,Anambra,Awka South,NGA,NG004006,NG00,November,2025,0,0
Nigeria,Anambra,Ayamelum,NGA,NG004007,NG00,November,2025,0,0
Nigeria,Anambra,Dunukofia,NGA,NG004008,NG00,November,2025,0,0
Nigeria,Anambra,Ekwusigwo,NGA,NG004009,NG00,November,2025,0,0
Nigeria,Anambra,Idemili North,NGA,NG004010,NG00,November,2025,2,1
Nigeria,Anambra,Idemili South,NGA,NG004011,NG00,November,2025,0,0
Nigeria,Anambra,Ihiala,NGA,NG004012,NG00,November,2025,1,0
Nigeria,Anambra,Njikoka,NGA,NG004013,NG00,November,2025,0,0
Nigeria,Anambra,Nnewi North,NGA,NG004014,NG00,November,2025,0,0
Nigeria,Anambra,Nnewi South,NGA,NG004015,NG00,November,2025,0,0
Nigeria,Anambra,Ogbaru,NGA,NG004016,NG00,November,2025,0,0
Nigeria,Anambra,Onisha North,NGA,NG004017,NG00,November,2025,1,0
Nigeria,Anambra,Onisha South,NGA,NG004018,NG00,November,2025,0,0
Nigeria,Anambra,Orumba North,NGA,NG004019,NG00,November,2025,0,0
Nigeria,Anambra,Orumba South,NGA,NG004020,NG00,November,2025,1,1
Nigeria,Anambra,Oyi,NGA,NG004021,NG00,November,2025,0,0
Nigeria,Bauchi,Alkaleri,NGA,NG005001,NG00,November,2025,0,0
Nigeria,Bauchi,Bauchi,NGA,NG005002,NG00,November,2025,2,1
Nigeria,Bauchi,Bogoro,NGA,NG005003,NG00,November,2025,0,0
Nigeria,Bauchi,Damban,NGA,NG005004,NG00,November,2025,0,0
Nigeria,Bauchi,Darazo,NGA,NG005005,NG00,November,2025,1,8
Nigeria,Bauchi,Dass,NGA,NG005006,NG00,November,2025,0,0
Nigeria,Bauchi,Gamawa,NGA,NG005007,NG00,November,2025,0,0
Nigeria,Bauchi,Ganjuwa,NGA,NG005008,NG00,November,2025,0,0
Nigeria,Bauchi,Giade,NGA,NG005009,NG00,November,2025,0,0
Nigeria,Bauchi,Itas-Gadau,NGA,NG005010,NG00,November,2025,0,0
Nigeria,Bauchi,Jamaare,NGA,NG005011,NG00,November,2025,0,0
Nigeria,Bauchi,Katagum,NGA,NG005012,NG00,November,2025,0,0
Nigeria,Bauchi,Kirfi,NGA,NG005013,NG00,November,2025,0,0
Nigeria,Bauchi,Misau,NGA,NG005014,NG00,November,2025,0,0
Nigeria,Bauchi,Ningi,NGA,NG005015,NG00,November,2025,0,0
Nigeria,Bauchi,Shira,NGA,NG005016,NG00,November,2025,0,0
Nigeria,Bauchi,Tafawa Balewa,NGA,NG005017,NG00,November,2025,0,0
Nigeria,Bauchi,Toro,NGA,NG005018,NG00,November,2025,1,1
Nigeria,Bauchi,Warji,NGA,NG005019,NG00,November,2025,0,0
Nigeria,Bauchi,Zaki,NGA,NG005020,NG00,November,2025,1,1
Nigeria,Bayelsa,Brass,NGA,NG006001,NG00,November,2025,0,0
Nigeria,Bayelsa,Ekermor,NGA,NG006002,NG00,November,2025,0,0
Nigeria,Bayelsa,Kolokuma,NGA,NG006003,NG00,November,2025,0,0
Nigeria,Bayelsa,Nembe,NGA,NG006004,NG00,November,2025,0,0
Nigeria,Bayelsa,Ogbia,NGA,NG006005,NG00,November,2025,0,0
Nigeria,Bayelsa,Sagbama,NGA,NG006006,NG00,November,2025,0,0
Nigeria,Bayelsa,Southern Ijaw,NGA,NG006007,NG00,November,2025,0,0
Nigeria,Bayelsa,Yenagoa,NGA,NG006008,NG00,November,2025,0,0
Nigeria,Benue,Ado,NGA,NG007001,NG00,November,2025,1,1
Nigeria,Benue,Agatu,NGA,NG007002,NG00,November,2025,0,0
Nigeria,Benue,Apa,NGA,NG007003,NG00,November,2025,0,0
Nigeria,Benue,Buruku,NGA,NG007004,NG00,November,2025,0,0
Nigeria,Benue,Gboko,NGA,NG007005,NG00,November,2025,0,0
Nigeria,Benue,Guma,NGA,NG007006,NG00,November,2025,1,0
Nigeria,Benue,Gwer East,NGA,NG007007,NG00,November,2025,1,1
Nigeria,Benue,Gwer West,NGA,NG007008,NG00,November,2025,3,3
Nigeria,Benue,Katsina Ala,NGA,NG007009,NG00,November,2025,0,0
Nigeria,Benue,Konshisha,NGA,NG007010,NG00,November,2025,0,0
Nigeria,Benue,Kwande,NGA,NG007011,NG00,November,2025,3,2
Nigeria,Benue,Logo,NGA,NG007012,NG00,November,2025,3,2
Nigeria,Benue,Makurdi,NGA,NG007013,NG00,November,2025,1,2
Nigeria,Benue,Obi,NGA,NG007014,NG00,November,2025,0,0
Nigeria,Benue,Ogbadibo,NGA,NG007015,NG00,November,2025,0,0
Nigeria,Benue,Ohimini,NGA,NG007016,NG00,November,2025,4,5
Nigeria,Benue,Oju,NGA,NG007017,NG00,November,2025,0,0
Nigeria,Benue,Okpokwu,NGA,NG007018,NG00,November,2025,0,0
Nigeria,Benue,Otukpo,NGA,NG007019,NG00,November,2025,2,1
Nigeria,Benue,Tarka,NGA,NG007020,NG00,November,2025,0,0
Nigeria,Benue,Ukum,NGA,NG007021,NG00,November,2025,2,2
Nigeria,Benue,Ushongo,NGA,NG007022,NG00,November,2025,0,0
Nigeria,Benue,Vandeikya,NGA,NG007023,NG00,November,2025,0,0
Nigeria,Borno,Abadan,NGA,NG008001,NG00,November,2025,8,81
Nigeria,Borno,Askira Uba,NGA,NG008002,NG00,November,2025,3,8
Nigeria,Borno,Bama,NGA,NG008003,NG00,November,2025,9,69
Nigeria,Borno,Bayo,NGA,NG008004,NG00,November,2025,1,10
Nigeria,Borno,Biu,NGA,NG008005,NG00,November,2025,3,3
Nigeria,Borno,Chibok,NGA,NG008006,NG00,November,2025,8,34
Nigeria,Borno,Damboa,NGA,NG008007,NG00,November,2025,6,19
Nigeria,Borno,Dikwa,NGA,NG008008,NG00,November,2025,2,3
Nigeria,Borno,Gubio,NGA,NG008009,NG00,November,2025,0,0
Nigeria,Borno,Guzamala,NGA,NG008010,NG00,November,2025,0,0
Nigeria,Borno,Gwoza,NGA,NG008011,NG00,November,2025,21,102
Nigeria,Borno,Hawul,NGA,NG008012,NG00,November,2025,1,15
Nigeria,Borno,Jere,NGA,NG008013,NG00,November,2025,2,3
Nigeria,Borno,Kaga,NGA,NG008014,NG00,November,2025,2,17
Nigeria,Borno,Kala Balge,NGA,NG008015,NG00,November,2025,0,0
Nigeria,Borno,Konduga,NGA,NG008016,NG00,November,2025,9,27
Nigeria,Borno,Kukawa,NGA,NG008017,NG00,November,2025,2,12
Nigeria,Borno,Kwaya Kusar,NGA,NG008018,NG00,November,2025,0,0
Nigeria,Borno,Mafa,NGA,NG008019,NG00,November,2025,2,19
Nigeria,Borno,Magumeri,NGA,NG008020,NG00,November,2025,2,11
Nigeria,Borno,Maiduguri Metro,NGA,NG008021,NG00,November,2025,1,1
Nigeria,Borno,Marte,NGA,NG008022,NG00,November,2025,0,0
Nigeria,Borno,Mobbar,NGA,NG008023,NG00,November,2025,5,55
Nigeria,Borno,Monguno,NGA,NG008024,NG00,November,2025,1,0
Nigeria,Borno,Ngala,NGA,NG008025,NG00,November,2025,7,21
Nigeria,Borno,Nganzai,NGA,NG008026,NG00,November,2025,0,0
Nigeria,Borno,Shani,NGA,NG008027,NG00,November,2025,0,0
Nigeria,Cross River,Abi,NGA,NG009001,NG00,November,2025,0,0
Nigeria,Cross River,Akamkpa,NGA,NG009002,NG00,November,2025,0,0
Nigeria,Cross River,Akpabuyo,NGA,NG009003,NG00,November,2025,0,0
Nigeria,Cross River,Bekwara,NGA,NG009006,NG00,November,2025,0,0
Nigeria,Cross River,Biase,NGA,NG009007,NG00,November,2025,0,0
Nigeria,Cross River,Boki,NGA,NG009008,NG00,November,2025,0,0
Nigeria,Cross River,Calabar Municipal,NGA,NG009010,NG00,November,2025,0,0
Nigeria,Cross River,Calabar South,NGA,NG009009,NG00,November,2025,0,0
Nigeria,Cross River,Etung,NGA,NG009011,NG00,November,2025,0,0
Nigeria,Cross River,Ikom,NGA,NG009012,NG00,November,2025,0,0
Nigeria,Cross River,Obanliku,NGA,NG009013,NG00,November,2025,0,0
Nigeria,Cross River,Obubra,NGA,NG009014,NG00,November,2025,0,0
Nigeria,Cross River,Obudu,NGA,NG009015,NG00,November,2025,0,0
Nigeria,Cross River,Odukpani,NGA,NG009016,NG00,November,2025,0,0
Nigeria,Cross River,Ogaja,NGA,NG009017,NG00,November,2025,0,0
Nigeria,Cross River,Yakurr,NGA,NG009018,NG00,November,2025,0,0
Nigeria,Cross River,Yala,NGA,NG009019,NG00,November,2025,0,0
Nigeria,Delta,Aniocha North,NGA,NG010001,NG01,November,2025,0,0
Nigeria,Delta,Aniocha South,NGA,NG010002,NG01,November,2025,0,0
Nigeria,Delta,Bomadi,NGA,NG010003,NG01,November,2025,0,0
Nigeria,Delta,Burutu,NGA,NG010004,NG01,November,2025,0,0
Nigeria,Delta,Ethiope East,NGA,NG010005,NG01,November,2025,1,1
Nigeria,Delta,Ethiope West,NGA,NG010006,NG01,November,2025,0,0
Nigeria,Delta,Ika North East,NGA,NG010007,NG01,November,2025,0,0
Nigeria,Delta,Ika South,NGA,NG010008,NG01,November,2025,1,1
Nigeria,Delta,Isoko North,NGA,NG010009,NG01,November,2025,0,0
Nigeria,Delta,Isoko South,NGA,NG010010,NG01,November,2025,0,0
Nigeria,Delta,Ndokwa East,NGA,NG010011,NG01,November,2025,0,0
Nigeria,Delta,Ndokwa West,NGA,NG010012,NG01,November,2025,0,0
Nigeria,Delta,Okpe,NGA,NG010013,NG01,November,2025,0,0
Nigeria,Delta,Oshimili North,NGA,NG010014,NG01,November,2025,0,0
Nigeria,Delta,Oshimili South,NGA,NG010015,NG01,November,2025,2,5
Nigeria,Delta,Patani,NGA,NG010016,NG01,November,2025,0,0
Nigeria,Delta,Sapele,NGA,NG010017,NG01,November,2025,0,0
Nigeria,Delta,Udu,NGA,NG010018,NG01,November,2025,0,0
Nigeria,Delta,Ughelli North,NGA,NG010019,NG01,November,2025,2,2
Nigeria,Delta,Ughelli South,NGA,NG010020,NG01,November,2025,0,0
Nigeria,Delta,Ukwuani,NGA,NG010021,NG01,November,2025,0,0
Nigeria,Delta,Uvwie,NGA,NG010022,NG01,November,2025,0,0
Nigeria,Delta,Warri North,NGA,NG010023,NG01,November,2025,0,0
Nigeria,Delta,Warri South,NGA,NG010024,NG01,November,2025,0,0
Nigeria,Delta,Warri South-West,NGA,NG010025,NG01,November,2025,0,0
Nigeria,Ebonyi,Abakaliki,NGA,NG011001,NG01,November,2025,1,0
Nigeria,Ebonyi,Afikpo North,NGA,NG011002,NG01,November,2025,0,0
Nigeria,Ebonyi,Afikpo South,NGA,NG011003,NG01,November,2025,0,0
Nigeria,Ebonyi,Ebonyi,NGA,NG011004,NG01,November,2025,0,0
Nigeria,Ebonyi,Ezza North,NGA,NG011005,NG01,November,2025,0,0
Nigeria,Ebonyi,Ezza South,NGA,NG011006,NG01,November,2025,0,0
Nigeria,Ebonyi,Ikwo,NGA,NG011007,NG01,November,2025,0,0
Nigeria,Ebonyi,Ishielu,NGA,NG011008,NG01,November,2025,0,0
Nigeria,Ebonyi,Ivo,NGA,NG011009,NG01,November,2025,0,0
Nigeria,Ebonyi,Izzi,NGA,NG011010,NG01,November,2025,0,0
Nigeria,Ebonyi,Ohaozara,NGA,NG011011,NG01,November,2025,0,0
Nigeria,Ebonyi,Ohaukwu,NGA,NG011012,NG01,November,2025,0,0
Nigeria,Ebonyi,Onicha,NGA,NG011013,NG01,November,2025,0,0
Nigeria,Edo,Akoko Edo,NGA,NG012001,NG01,November,2025,0,0
Nigeria,Edo,Egor,NGA,NG012002,NG01,November,2025,0,0
Nigeria,Edo,Esan Central,NGA,NG012003,NG01,November,2025,0,0
Nigeria,Edo,Esan North East,NGA,NG012004,NG01,November,2025,0,0
Nigeria,Edo,Esan South East,NGA,NG012005,NG01,November,2025,1,0
Nigeria,Edo,Esan West,NGA,NG012006,NG01,November,2025,0,0
Nigeria,Edo,Etsako Central,NGA,NG012007,NG01,November,2025,0,0
Nigeria,Edo,Etsako East,NGA,NG012008,NG01,November,2025,0,0
Nigeria,Edo,Etsako West,NGA,NG012009,NG01,November,2025,1,0
Nigeria,Edo,Igueben,NGA,NG012010,NG01,November,2025,0,0
Nigeria,Edo,Ikpoba Okha,NGA,NG012011,NG01,November,2025,1,0
Nigeria,Edo,Oredo,NGA,NG012012,NG01,November,2025,0,0
Nigeria,Edo,Orhionwon,NGA,NG012013,NG01,November,2025,0,0
Nigeria,Edo,Ovia North East,NGA,NG012014,NG01,November,2025,0,0
Nigeria,Edo,Ovia South West,NGA,NG012015,NG01,November,2025,0,0
Nigeria,Edo,Owan East,NGA,NG012016,NG01,November,2025,0,0
Nigeria,Edo,Owan West,NGA,NG012017,NG01,November,2025,0,0
Nigeria,Edo,Uhunmwode,NGA,NG012018,NG01,November,2025,0,0
Nigeria,Ekiti,Ado Ekiti,NGA,NG013001,NG01,November,2025,0,0
Nigeria,Ekiti,Aiyekire,NGA,NG013002,NG01,November,2025,0,0
Nigeria,Ekiti,Efon,NGA,NG013003,NG01,November,2025,0,0
Nigeria,Ekiti,Ekiti East,NGA,NG013004,NG01,November,2025,0,0
Nigeria,Ekiti,Ekiti South West,NGA,NG013005,NG01,November,2025,0,0
Nigeria,Ekiti,Ekiti West,NGA,NG013006,NG01,November,2025,0,0
Nigeria,Ekiti,Emure,NGA,NG013007,NG01,November,2025,0,0
Nigeria,Ekiti,Ido-Osi,NGA,NG013008,NG01,November,2025,0,0
Nigeria,Ekiti,Ijero,NGA,NG013009,NG01,November,2025,0,0
Nigeria,Ekiti,Ikere,NGA,NG013010,NG01,November,2025,0,0
Nigeria,Ekiti,Ikole,NGA,NG013011,NG01,November,2025,1,2
Nigeria,Ekiti,Ilejemeji,NGA,NG013012,NG01,November,2025,0,0
Nigeria,Ekiti,Irepodun,NGA,NG013013,NG01,November,2025,0,0
Nigeria,Ekiti,Ise,NGA,NG013014,NG01,November,2025,0,0
Nigeria,Ekiti,Moba,NGA,NG013015,NG01,November,2025,0,0
Nigeria,Ekiti,Oye,NGA,NG013016,NG01,November,2025,0,0
Nigeria,Enugu,Agwu,NGA,NG014002,NG01,November,2025,0,0
Nigeria,Enugu,Aninri,NGA,NG014001,NG01,November,2025,0,0
Nigeria,Enugu,Enugu East,NGA,NG014003,NG01,November,2025,0,0
Nigeria,Enugu,Enugu North,NGA,NG014004,NG01,November,2025,0,0
Nigeria,Enugu,Enugu South,NGA,NG014005,NG01,November,2025,0,0
Nigeria,Enugu,Ezeagu,NGA,NG014006,NG01,November,2025,0,0
Nigeria,Enugu,Igbo Etiti,NGA,NG014007,NG01,November,2025,0,0
Nigeria,Enugu,Igbo Eze North,NGA,NG014008,NG01,November,2025,0,0
Nigeria,Enugu,Igbo Eze South,NGA,NG014009,NG01,November,2025,0,0
Nigeria,Enugu,Isi Uzo,NGA,NG014010,NG01,November,2025,0,0
Nigeria,Enugu,Nkanu East,NGA,NG014011,NG01,November,2025,0,0
Nigeria,Enugu,Nkanu West,NGA,NG014012,NG01,November,2025,0,0
Nigeria,Enugu,Nsukka,NGA,NG014013,NG01,November,2025,0,0
Nigeria,Enugu,Oji River,NGA,NG014014,NG01,November,2025,0,0
Nigeria,Enugu,Udenu,NGA,NG014015,NG01,November,2025,3,0
Nigeria,Enugu,Udi,NGA,NG014016,NG01,November,2025,1,0
Nigeria,Enugu,Uzo Uwani,NGA,NG014017,NG01,November,2025,0,0
Nigeria,Federal Capital Territory,Abaji,NGA,NG015001,NG01,November,2025,0,0
Nigeria,Federal Capital Territory,Abuja Municipal,NGA,NG015002,NG01,November,2025,4,0
Nigeria,Federal Capital Territory,Bwari,NGA,NG015003,NG01,November,2025,2,3
Nigeria,Federal Capital Territory,Gwagwalada,NGA,NG015004,NG01,November,2025,0,0
Nigeria,Federal Capital Territory,Kuje,NGA,NG015005,NG01,November,2025,0,0
Nigeria,Federal Capital Territory,Kwali,NGA,NG015006,NG01,November,2025,1,3
Nigeria,Gombe,Akko,NGA,NG016001,NG01,November,2025,0,0
Nigeria,Gombe,Balanga,NGA,NG016002,NG01,November,2025,0,0
Nigeria,Gombe,Billiri,NGA,NG016003,NG01,November,2025,0,0
Nigeria,Gombe,Dukku,NGA,NG016004,NG01,November,2025,0,0
Nigeria,Gombe,Funakaye,NGA,NG016005,NG01,November,2025,1,2
Nigeria,Gombe,Gombe,NGA,NG016006,NG01,November,2025,0,0
Nigeria,Gombe,Kaltungo,NGA,NG016007,NG01,November,2025,0,0
Nigeria,Gombe,Kwami,NGA,NG016008,NG01,November,2025,0,0
Nigeria,Gombe,Nafada,NGA,NG016009,NG01,November,2025,0,0
Nigeria,Gombe,Shomgom,NGA,NG016010,NG01,November,2025,0,0
Nigeria,Gombe,Yamaltu,NGA,NG016011,NG01,November,2025,0,0
Nigeria,Imo,Aboh Mbaise,NGA,NG017001,NG01,November,2025,0,0
Nigeria,Imo,Ahiazu Mbaise,NGA,NG017002,NG01,November,2025,0,0
Nigeria,Imo,Ehime Mbano,NGA,NG017003,NG01,November,2025,0,0
Nigeria,Imo,Ezinihitte Mbaise,NGA,NG017004,NG01,November,2025,0,0
Nigeria,Imo,Ideato North,NGA,NG017005,NG01,November,2025,0,0
Nigeria,Imo,Ideato South,NGA,NG017006,NG01,November,2025,0,0
Nigeria,Imo,Ihitte Uboma,NGA,NG017007,NG01,November,2025,0,0
Nigeria,Imo,Ikeduru,NGA,NG017008,NG01,November,2025,0,0
Nigeria,Imo,Isiala Mbano,NGA,NG017009,NG01,November,2025,0,0
Nigeria,Imo,Isu,NGA,NG017010,NG01,November,2025,0,0
Nigeria,Imo,Mbaitoli,NGA,NG017011,NG01,November,2025,1,0
Nigeria,Imo,Ngor Okpala,NGA,NG017012,NG01,November,2025,0,0
Nigeria,Imo,Njaba,NGA,NG017013,NG01,November,2025,0,0
Nigeria,Imo,Nkwangele,NGA,NG017015,NG01,November,2025,0,0
Nigeria,Imo,Nkwerre,NGA,NG017014,NG01,November,2025,0,0
Nigeria,Imo,Obowo,NGA,NG017016,NG01,November,2025,0,0
Nigeria,Imo,Oguta,NGA,NG017017,NG01,November,2025,0,0
Nigeria,Imo,Ohaji,NGA,NG017018,NG01,November,2025,0,0
Nigeria,Imo,Okigwe,NGA,NG017019,NG01,November,2025,0,0
Nigeria,Imo,Onuimo,NGA,NG017027,NG01,November,2025,0,0
Nigeria,Imo,Orlu,NGA,NG017020,NG01,November,2025,0,0
Nigeria,Imo,Orsu,NGA,NG017021,NG01,November,2025,0,0
Nigeria,Imo,Oru East,NGA,NG017022,NG01,November,2025,1,0
Nigeria,Imo,Oru West,NGA,NG017023,NG01,November,2025,0,0
Nigeria,Imo,Owerri Municipal,NGA,NG017026,NG01,November,2025,0,0
Nigeria,Imo,Owerri North,NGA,NG017024,NG01,November,2025,0,0
Nigeria,Imo,Owerri West,NGA,NG017025,NG01,November,2025,0,0
Nigeria,Jigawa,Auyo,NGA,NG018001,NG01,November,2025,0,0
Nigeria,Jigawa,Babura,NGA,NG018002,NG01,November,2025,0,0
Nigeria,Jigawa,Birnin Kudu,NGA,NG018004,NG01,November,2025,1,0
Nigeria,Jigawa,Birniwa,NGA,NG018003,NG01,November,2025,0,0
Nigeria,Jigawa,Buji,NGA,NG018005,NG01,November,2025,0,0
Nigeria,Jigawa,Dutse,NGA,NG018006,NG01,November,2025,0,0
Nigeria,Jigawa,Gagarawa,NGA,NG018007,NG01,November,2025,0,0
Nigeria,Jigawa,Garki,NGA,NG018008,NG01,November,2025,0,0
Nigeria,Jigawa,Gumel,NGA,NG018009,NG01,November,2025,0,0
Nigeria,Jigawa,Guri,NGA,NG018010,NG01,November,2025,0,0
Nigeria,Jigawa,Gwaram,NGA,NG018011,NG01,November,2025,0,0
Nigeria,Jigawa,Gwiwa,NGA,NG018012,NG01,November,2025,0,0
Nigeria,Jigawa,Hadejia,NGA,NG018013,NG01,November,2025,0,0
Nigeria,Jigawa,Jahun,NGA,NG018014,NG01,November,2025,1,1
Nigeria,Jigawa,Kafin Hausa,NGA,NG018015,NG01,November,2025,0,0
Nigeria,Jigawa,Kaugama,NGA,NG018016,NG01,November,2025,0,0
Nigeria,Jigawa,Kazaure,NGA,NG018017,NG01,November,2025,0,0
Nigeria,Jigawa,Kiri-Kasamma,NGA,NG018018,NG01,November,2025,0,0
Nigeria,Jigawa,Kiyawa,NGA,NG018019,NG01,November,2025,0,0
Nigeria,Jigawa,Maigatari,NGA,NG018020,NG01,November,2025,0,0
Nigeria,Jigawa,Malam Madori,NGA,NG018021,NG01,November,2025,0,0
Nigeria,Jigawa,Miga,NGA,NG018022,NG01,November,2025,0,0
Nigeria,Jigawa,Ringim,NGA,NG018023,NG01,November,2025,0,0
Nigeria,Jigawa,Roni,NGA,NG018024,NG01,November,2025,0,0
Nigeria,Jigawa,Sule Takarkar,NGA,NG018025,NG01,November,2025,0,0
Nigeria,Jigawa,Taura,NGA,NG018026,NG01,November,2025,0,0
Nigeria,Jigawa,Yankwashi,NGA,NG018027,NG01,November,2025,0,0
Nigeria,Kaduna,Birnin Gwari,NGA,NG019001,NG01,November,2025,4,1
Nigeria,Kaduna,Chikun,NGA,NG019002,NG01,November,2025,1,1
Nigeria,Kaduna,Giwa,NGA,NG019003,NG01,November,2025,2,2
Nigeria,Kaduna,Igabi,NGA,NG019004,NG01,November,2025,0,0
Nigeria,Kaduna,Ikara,NGA,NG019005,NG01,November,2025,2,3
Nigeria,Kaduna,Jaba,NGA,NG019006,NG01,November,2025,0,0
Nigeria,Kaduna,Jema'a,NGA,NG019007,NG01,November,2025,0,0
Nigeria,Kaduna,Kachia,NGA,NG019008,NG01,November,2025,0,0
Nigeria,Kaduna,Kaduna North,NGA,NG019009,NG01,November,2025,0,0
Nigeria,Kaduna,Kaduna South,NGA,NG019010,NG01,November,2025,0,0
Nigeria,Kaduna,Kagarko,NGA,NG019011,NG01,November,2025,1,1
Nigeria,Kaduna,Kajuru,NGA,NG019014,NG01,November,2025,2,2
Nigeria,Kaduna,Kaura,NGA,NG019013,NG01,November,2025,0,0
Nigeria,Kaduna,Kauru,NGA,NG019012,NG01,November,2025,1,2
Nigeria,Kaduna,Kubau,NGA,NG019015,NG01,November,2025,0,0
Nigeria,Kaduna,Kudan,NGA,NG019016,NG01,November,2025,0,0
Nigeria,Kaduna,Lere,NGA,NG019017,NG01,November,2025,3,4
Nigeria,Kaduna,Makarfi,NGA,NG019018,NG01,November,2025,0,0
Nigeria,Kaduna,Sabon Gari,NGA,NG019019,NG01,November,2025,0,0
Nigeria,Kaduna,Sanga,NGA,NG019020,NG01,November,2025,1,0
Nigeria,Kaduna,Soba,NGA,NG019021,NG01,November,2025,0,0
Nigeria,Kaduna,Zangon Kataf,NGA,NG019022,NG01,November,2025,1,0
Nigeria,Kaduna,Zaria,NGA,NG019023,NG01,November,2025,0,0
Nigeria,Kano,Ajingi,NGA,NG020001,NG02,November,2025,0,0
Nigeria,Kano,Albasu,NGA,NG020002,NG02,November,2025,0,0
Nigeria,Kano,Bagwai,NGA,NG020003,NG02,November,2025,0,0
Nigeria,Kano,Bebeji,NGA,NG020004,NG02,November,2025,0,0
Nigeria,Kano,Bichi,NGA,NG020005,NG02,November,2025,0,0
Nigeria,Kano,Bunkure,NGA,NG020006,NG02,November,2025,0,0
Nigeria,Kano,Dala,NGA,NG020007,NG02,November,2025,0,0
Nigeria,Kano,Danbatta,NGA,NG020008,NG02,November,2025,0,0
Nigeria,Kano,Dawakin Kudu,NGA,NG020009,NG02,November,2025,0,0
Nigeria,Kano,Dawakin Tofa,NGA,NG020010,NG02,November,2025,0,0
Nigeria,Kano,Doguwa,NGA,NG020011,NG02,November,2025,0,0
Nigeria,Kano,Fagge,NGA,NG020012,NG02,November,2025,0,0
Nigeria,Kano,Gabasawa,NGA,NG020013,NG02,November,2025,0,0
Nigeria,Kano,Garko,NGA,NG020014,NG02,November,2025,0,0
Nigeria,Kano,Garun Mallam,NGA,NG020015,NG02,November,2025,0,0
Nigeria,Kano,Gaya,NGA,NG020016,NG02,November,2025,0,0
Nigeria,Kano,Gezawa,NGA,NG020017,NG02,November,2025,0,0
Nigeria,Kano,Gwale,NGA,NG020018,NG02,November,2025,0,0
Nigeria,Kano,Gwarzo,NGA,NG020019,NG02,November,2025,0,0
Nigeria,Kano,Kabo,NGA,NG020020,NG02,November,2025,0,0
Nigeria,Kano,Kano Municipal,NGA,NG020021,NG02,November,2025,0,0
Nigeria,Kano,Karaye,NGA,NG020022,NG02,November,2025,0,0
Nigeria,Kano,Kibiya,NGA,NG020023,NG02,November,2025,0,0
Nigeria,Kano,Kiru,NGA,NG020024,NG02,November,2025,0,0
Nigeria,Kano,Kumbotso,NGA,NG020025,NG02,November,2025,0,0
Nigeria,Kano,Kunchi,NGA,NG020026,NG02,November,2025,0,0
Nigeria,Kano,Kura,NGA,NG020027,NG02,November,2025,0,0
Nigeria,Kano,Madobi,NGA,NG020028,NG02,November,2025,0,0
Nigeria,Kano,Makoda,NGA,NG020029,NG02,November,2025,0,0
Nigeria,Kano,Minjibir,NGA,NG020030,NG02,November,2025,0,0
Nigeria,Kano,Nassarawa,NGA,NG020031,NG02,November,2025,0,0
Nigeria,Kano,Rano,NGA,NG020032,NG02,November,2025,0,0
Nigeria,Kano,Rimin Gado,NGA,NG020033,NG02,November,2025,0,0
Nigeria,Kano,Rogo,NGA,NG020034,NG02,November,2025,0,0
Nigeria,Kano,Shanono,NGA,NG020035,NG02,November,2025,4,22
Nigeria,Kano,Sumaila,NGA,NG020036,NG02,November,2025,0,0
Nigeria,Kano,Takai,NGA,NG020037,NG02,November,2025,0,0
Nigeria,Kano,Tarauni,NGA,NG020038,NG02,November,2025,0,0
Nigeria,Kano,Tofa,NGA,NG020039,NG02,November,2025,0,0
Nigeria,Kano,Tsanyawa,NGA,NG020040,NG02,November,2025,6,1
Nigeria,Kano,Tudun Wada,NGA,NG020041,NG02,November,2025,0,0
Nigeria,Kano,Ungogo,NGA,NG020042,NG02,November,2025,0,0
Nigeria,Kano,Warawa,NGA,NG020043,NG02,November,2025,0,0
Nigeria,Kano,Wudil,NGA,NG020044,NG02,November,2025,0,0
Nigeria,Katsina,Bakori,NGA,NG021001,NG02,November,2025,8,28
Nigeria,Katsina,Batagarawa,NGA,NG021002,NG02,November,2025,0,0
Nigeria,Katsina,Batsari,NGA,NG021003,NG02,November,2025,1,0
Nigeria,Katsina,Baure,NGA,NG021004,NG02,November,2025,0,0
Nigeria,Katsina,Bindawa,NGA,NG021005,NG02,November,2025,0,0
Nigeria,Katsina,Charanchi,NGA,NG021006,NG02,November,2025,1,0
Nigeria,Katsina,Dan-Musa,NGA,NG021007,NG02,November,2025,0,0
Nigeria,Katsina,Dandume,NGA,NG021008,NG02,November,2025,2,0
Nigeria,Katsina,Danja,NGA,NG021009,NG02,November,2025,0,0
Nigeria,Katsina,Daura,NGA,NG021010,NG02,November,2025,0,0
Nigeria,Katsina,Dutsi,NGA,NG021011,NG02,November,2025,0,0
Nigeria,Katsina,Dutsinma,NGA,NG021012,NG02,November,2025,1,1
Nigeria,Katsina,Faskari,NGA,NG021013,NG02,November,2025,1,10
Nigeria,Katsina,Funtua,NGA,NG021014,NG02,November,2025,1,0
Nigeria,Katsina,Ingawa,NGA,NG021015,NG02,November,2025,1,0
Nigeria,Katsina,Jibia,NGA,NG021016,NG02,November,2025,2,1
Nigeria,Katsina,Kafur,NGA,NG021017,NG02,November,2025,0,0
Nigeria,Katsina,Kaita,NGA,NG021018,NG02,November,2025,0,0
Nigeria,Katsina,Kankara,NGA,NG021019,NG02,November,2025,3,9
Nigeria,Katsina,Kankia,NGA,NG021020,NG02,November,2025,4,3
Nigeria,Katsina,Katsina,NGA,NG021021,NG02,November,2025,0,0
Nigeria,Katsina,Kurfi,NGA,NG021022,NG02,November,2025,0,0
Nigeria,Katsina,Kusada,NGA,NG021023,NG02,November,2025,2,1
Nigeria,Katsina,Maiadua,NGA,NG021024,NG02,November,2025,0,0
Nigeria,Katsina,Malumfashi,NGA,NG021025,NG02,November,2025,13,12
Nigeria,Katsina,Mani,NGA,NG021026,NG02,November,2025,0,0
Nigeria,Katsina,Mashi,NGA,NG021027,NG02,November,2025,0,0
Nigeria,Katsina,Matazu,NGA,NG021028,NG02,November,2025,2,15
Nigeria,Katsina,Musawa,NGA,NG021029,NG02,November,2025,1,1
Nigeria,Katsina,Rimi,NGA,NG021030,NG02,November,2025,0,0
Nigeria,Katsina,Sabuwa,NGA,NG021031,NG02,November,2025,0,0
Nigeria,Katsina,Safana,NGA,NG021032,NG02,November,2025,0,0
Nigeria,Katsina,Sandamu,NGA,NG021033,NG02,November,2025,0,0
Nigeria,Katsina,Zango,NGA,NG021034,NG02,November,2025,0,0
Nigeria,Kebbi,Alieru,NGA,NG022001,NG02,November,2025,0,0
Nigeria,Kebbi,Arewa,NGA,NG022002,NG02,November,2025,1,1
Nigeria,Kebbi,Argungu,NGA,NG022003,NG02,November,2025,0,0
Nigeria,Kebbi,Augie,NGA,NG022004,NG02,November,2025,0,0
Nigeria,Kebbi,Bagudo,NGA,NG022005,NG02,November,2025,3,4
Nigeria,Kebbi,Birnin-Kebbi,NGA,NG022006,NG02,November,2025,0,0
Nigeria,Kebbi,Bunza,NGA,NG022007,NG02,November,2025,0,0
Nigeria,Kebbi,Dandi Kamba,NGA,NG022008,NG02,November,2025,2,2
Nigeria,Kebbi,Danko,NGA,NG022019,NG02,November,2025,11,1
Nigeria,Kebbi,Fakai,NGA,NG022009,NG02,November,2025,0,0
Nigeria,Kebbi,Gwandu,NGA,NG022010,NG02,November,2025,0,0
Nigeria,Kebbi,Jega,NGA,NG022011,NG02,November,2025,0,0
Nigeria,Kebbi,Kalgo,NGA,NG022012,NG02,November,2025,0,0
Nigeria,Kebbi,Koko,NGA,NG022013,NG02,November,2025,0,0
Nigeria,Kebbi,Maiyama,NGA,NG022014,NG02,November,2025,2,1
Nigeria,Kebbi,Ngaski,NGA,NG022015,NG02,November,2025,0,0
Nigeria,Kebbi,Sakaba,NGA,NG022016,NG02,November,2025,0,0
Nigeria,Kebbi,Shanga,NGA,NG022017,NG02,November,2025,2,0
Nigeria,Kebbi,Suru,NGA,NG022018,NG02,November,2025,0,0
Nigeria,Kebbi,Yauri,NGA,NG022020,NG02,November,2025,0,0
Nigeria,Kebbi,Zuru,NGA,NG022021,NG02,November,2025,1,10
Nigeria,Kogi,Adavi,NGA,NG023001,NG02,November,2025,0,0
Nigeria,Kogi,Ajaokuta,NGA,NG023002,NG02,November,2025,0,0
Nigeria,Kogi,Ankpa,NGA,NG023003,NG02,November,2025,0,0
Nigeria,Kogi,Bassa,NGA,NG023004,NG02,November,2025,0,0
Nigeria,Kogi,Dekina,NGA,NG023005,NG02,November,2025,1,0
Nigeria,Kogi,Ibaji,NGA,NG023006,NG02,November,2025,0,0
Nigeria,Kogi,Idah,NGA,NG023007,NG02,November,2025,0,0
Nigeria,Kogi,Igalamela,NGA,NG023008,NG02,November,2025,0,0
Nigeria,Kogi,Ijumu,NGA,NG023009,NG02,November,2025,2,2
Nigeria,Kogi,Kabba,NGA,NG023010,NG02,November,2025,7,8
Nigeria,Kogi,Kogi,NGA,NG023011,NG02,November,2025,0,0
Nigeria,Kogi,Lokoja,NGA,NG023012,NG02,November,2025,2,1
Nigeria,Kogi,Mopa-Muro,NGA,NG023013,NG02,November,2025,0,0
Nigeria,Kogi,Ofu,NGA,NG023014,NG02,November,2025,2,0
Nigeria,Kogi,Ogori,NGA,NG023015,NG02,November,2025,0,0
Nigeria,Kogi,Okehi,NGA,NG023016,NG02,November,2025,1,0
Nigeria,Kogi,Okene,NGA,NG023017,NG02,November,2025,0,0
Nigeria,Kogi,Olamaboro,NGA,NG023018,NG02,November,2025,0,0
Nigeria,Kogi,Omala,NGA,NG023019,NG02,November,2025,1,2
Nigeria,Kogi,Yagba East,NGA,NG023020,NG02,November,2025,4,1
Nigeria,Kogi,Yagba West,NGA,NG023021,NG02,November,2025,3,0
Nigeria,Kwara,Asa,NGA,NG024001,NG02,November,2025,1,0
Nigeria,Kwara,Baruten,NGA,NG024002,NG02,November,2025,2,2
Nigeria,Kwara,Edu,NGA,NG024003,NG02,November,2025,4,7
Nigeria,Kwara,Ekiti,NGA,NG024004,NG02,November,2025,8,4
Nigeria,Kwara,Ifelodun,NGA,NG024005,NG02,November,2025,7,2
Nigeria,Kwara,Ilorin East,NGA,NG024006,NG02,November,2025,0,0
Nigeria,Kwara,Ilorin South,NGA,NG024007,NG02,November,2025,0,0
Nigeria,Kwara,Ilorin West,NGA,NG024008,NG02,November,2025,0,0
Nigeria,Kwara,Irepodun,NGA,NG024009,NG02,November,2025,1,0
Nigeria,Kwara,Kai Ama,NGA,NG024011,NG02,November,2025,1,0
Nigeria,Kwara,Moro,NGA,NG024012,NG02,November,2025,1,1
Nigeria,Kwara,Offa,NGA,NG024013,NG02,November,2025,0,0
Nigeria,Kwara,Oke-Ero,NGA,NG024014,NG02,November,2025,0,0
Nigeria,Kwara,Osin,NGA,NG024010,NG02,November,2025,0,0
Nigeria,Kwara,Oyun,NGA,NG024015,NG02,November,2025,0,0
Nigeria,Kwara,Pategi,NGA,NG024016,NG02,November,2025,1,2
Nigeria,Lagos,Agege,NGA,NG025001,NG02,November,2025,0,0
Nigeria,Lagos,Ajeromi,NGA,NG025002,NG02,November,2025,0,0
Nigeria,Lagos,Alimosho,NGA,NG025003,NG02,November,2025,3,3
Nigeria,Lagos,Amowo-Odofin,NGA,NG025004,NG02,November,2025,1,1
Nigeria,Lagos,Apapa,NGA,NG025005,NG02,November,2025,0,0
Nigeria,Lagos,Badagry,NGA,NG025006,NG02,November,2025,1,0
Nigeria,Lagos,Epe,NGA,NG025007,NG02,November,2025,0,0
Nigeria,Lagos,Eti-Osa,NGA,NG025008,NG02,November,2025,0,0
Nigeria,Lagos,Ibeju-Lekki,NGA,NG025009,NG02,November,2025,0,0
Nigeria,Lagos,Ifako,NGA,NG025010,NG02,November,2025,0,0
Nigeria,Lagos,Ikeja,NGA,NG025011,NG02,November,2025,0,0
Nigeria,Lagos,Ikorodu,NGA,NG025012,NG02,November,2025,0,0
Nigeria,Lagos,Kosofe,NGA,NG025013,NG02,November,2025,0,0
Nigeria,Lagos,Lagos Island,NGA,NG025014,NG02,November,2025,0,0
Nigeria,Lagos,Lagos Mainland,NGA,NG025015,NG02,November,2025,0,0
Nigeria,Lagos,Mushin,NGA,NG025016,NG02,November,2025,0,0
Nigeria,Lagos,Ojo,NGA,NG025017,NG02,November,2025,0,0
Nigeria,Lagos,Oshodi,NGA,NG025018,NG02,November,2025,0,0
Nigeria,Lagos,Somolu,NGA,NG025019,NG02,November,2025,0,0
Nigeria,Lagos,Surulere,NGA,NG025020,NG02,November,2025,0,0
Nigeria,Nassarawa,Akwanga,NGA,NG026001,NG02,November,2025,0,0
Nigeria,Nassarawa,Awe,NGA,NG026002,NG02,November,2025,0,0
Nigeria,Nassarawa,Doma,NGA,NG026003,NG02,November,2025,1,3
Nigeria,Nassarawa,Karu,NGA,NG026004,NG02,November,2025,0,0
Nigeria,Nassarawa,Keana,NGA,NG026005,NG02,November,2025,2,2
Nigeria,Nassarawa,Keffi,NGA,NG026006,NG02,November,2025,0,0
Nigeria,Nassarawa,Kokona,NGA,NG026007,NG02,November,2025,0,0
Nigeria,Nassarawa,Lafia,NGA,NG026008,NG02,November,2025,1,0
Nigeria,Nassarawa,Nasarawa,NGA,NG026009,NG02,November,2025,1,0
Nigeria,Nassarawa,Nasarawa Eggon,NGA,NG026010,NG02,November,2025,0,0
Nigeria,Nassarawa,Obi,NGA,NG026011,NG02,November,2025,0,0
Nigeria,Nassarawa,Toto,NGA,NG026012,NG02,November,2025,0,0
Nigeria,Nassarawa,Wamba,NGA,NG026013,NG02,November,2025,0,0
Nigeria,Niger,Agaie,NGA,NG027001,NG02,November,2025,1,1
Nigeria,Niger,Agwara,NGA,NG027002,NG02,November,2025,1,0
Nigeria,Niger,Bida,NGA,NG027003,NG02,November,2025,0,0
Nigeria,Niger,Borgu,NGA,NG027004,NG02,November,2025,1,1
Nigeria,Niger,Bosso,NGA,NG027005,NG02,November,2025,0,0
Nigeria,Niger,Edati,NGA,NG027017,NG02,November,2025,0,0
Nigeria,Niger,Gbako,NGA,NG027008,NG02,November,2025,0,0
Nigeria,Niger,Gurara,NGA,NG027009,NG02,November,2025,0,0
Nigeria,Niger,Katcha,NGA,NG027010,NG02,November,2025,0,0
Nigeria,Niger,Kontagora,NGA,NG027011,NG02,November,2025,3,1
Nigeria,Niger,Lapai,NGA,NG027012,NG02,November,2025,0,0
Nigeria,Niger,Lavun,NGA,NG027013,NG02,November,2025,1,0
Nigeria,Niger,Magama,NGA,NG027014,NG02,November,2025,1,3
Nigeria,Niger,Mariga,NGA,NG027015,NG02,November,2025,1,3
Nigeria,Niger,Mashegu,NGA,NG027016,NG02,November,2025,3,16
Nigeria,Niger,Minna,NGA,NG027006,NG02,November,2025,1,1
Nigeria,Niger,Mokwa,NGA,NG027017,NG02,November,2025,1,1
Nigeria,Niger,Muya,NGA,NG027018,NG02,November,2025,0,0
Nigeria,Niger,Paikoro,NGA,NG027019,NG02,November,2025,0,0
Nigeria,Niger,Rafi,NGA,NG027020,NG02,November,2025,0,0
Nigeria,Niger,Rijau,NGA,NG027021,NG02,November,2025,1,0
Nigeria,Niger,Shiroro,NGA,NG027022,NG02,November,2025,5,0
Nigeria,Niger,Suleja,NGA,NG027023,NG02,November,2025,0,0
Nigeria,Niger,Tafa,NGA,NG027024,NG02,November,2025,0,0
Nigeria,Niger,Wushishi,NGA,NG027025,NG02,November,2025,0,0
Nigeria,Ogun,Abeokuta North,NGA,NG028001,NG02,November,2025,0,0
Nigeria,Ogun,Abeokuta South,NGA,NG028002,NG02,November,2025,1,0
Nigeria,Ogun,Ado-Odo,NGA,NG028003,NG02,November,2025,0,0
Nigeria,Ogun,Egbado North,NGA,NG028004,NG02,November,2025,0,0
Nigeria,Ogun,Egbado South,NGA,NG028005,NG02,November,2025,0,0
Nigeria,Ogun,Ewekoro,NGA,NG028006,NG02,November,2025,0,0
Nigeria,Ogun,Ifo,NGA,NG028007,NG02,November,2025,0,0
Nigeria,Ogun,Ijebu East,NGA,NG028008,NG02,November,2025,0,0
Nigeria,Ogun,Ijebu North,NGA,NG028009,NG02,November,2025,0,0
Nigeria,Ogun,Ijebu North East,NGA,NG028010,NG02,November,2025,0,0
Nigeria,Ogun,Ijebu Ode,NGA,NG028010,NG02,November,2025,1,2
Nigeria,Ogun,Ikenne,NGA,NG028012,NG02,November,2025,0,0
Nigeria,Ogun,Imeko-Afon,NGA,NG028013,NG02,November,2025,0,0
Nigeria,Ogun,Ipokia,NGA,NG028014,NG02,November,2025,0,0
Nigeria,Ogun,Obafemi,NGA,NG028015,NG02,November,2025,1,0
Nigeria,Ogun,Odedah,NGA,NG028016,NG02,November,2025,0,0
Nigeria,Ogun,Odogbolu,NGA,NG028017,NG02,November,2025,0,0
Nigeria,Ogun,Ogun Waterside,NGA,NG028018,NG02,November,2025,0,0
Nigeria,Ogun,Remo North,NGA,NG028019,NG02,November,2025,0,0
Nigeria,Ogun,Shagamu,NGA,NG028020,NG02,November,2025,0,0
Nigeria,Ondo,Akoko North East,NGA,NG029001,NG02,November,2025,0,0
Nigeria,Ondo,Akoko North West,NGA,NG029002,NG02,November,2025,0,0
Nigeria,Ondo,Akoko South East,NGA,NG029003,NG02,November,2025,0,0
Nigeria,Ondo,Akoko South West,NGA,NG029004,NG02,November,2025,1,1
Nigeria,Ondo,Akure North,NGA,NG029005,NG02,November,2025,0,0
Nigeria,Ondo,Akure South,NGA,NG029006,NG02,November,2025,0,0
Nigeria,Ondo,Ese-Edo,NGA,NG029007,NG02,November,2025,0,0
Nigeria,Ondo,Idanre,NGA,NG029008,NG02,November,2025,0,0
Nigeria,Ondo,Ifedore,NGA,NG029009,NG02,November,2025,0,0
Nigeria,Ondo,Ilaje,NGA,NG029010,NG02,November,2025,1,0
Nigeria,Ondo,Ile-Oluji-Okeigbo,NGA,NG029011,NG02,November,2025,0,0
Nigeria,Ondo,Irele,NGA,NG029012,NG02,November,2025,0,0
Nigeria,Ondo,Odigbo,NGA,NG029013,NG02,November,2025,0,0
Nigeria,Ondo,Okitipupa,NGA,NG029014,NG02,November,2025,0,0
Nigeria,Ondo,Ondo East,NGA,NG029015,NG02,November,2025,0,0
Nigeria,Ondo,Ondo West,NGA,NG029016,NG02,November,2025,1,0
Nigeria,Ondo,Ose,NGA,NG029017,NG02,November,2025,0,0
Nigeria,Ondo,Owo,NGA,NG029018,NG02,November,2025,0,0
Nigeria,Osun,Aiyedade,NGA,NG030001,NG03,November,2025,0,0
Nigeria,Osun,Aiyedire,NGA,NG030002,NG03,November,2025,0,0
Nigeria,Osun,Atakumosa East,NGA,NG030003,NG03,November,2025,0,0
Nigeria,Osun,Atakumosa West,NGA,NG030004,NG03,November,2025,0,0
Nigeria,Osun,Boluwaduro,NGA,NG030005,NG03,November,2025,0,0
Nigeria,Osun,Boripe,NGA,NG030006,NG03,November,2025,0,0
Nigeria,Osun,Ede North,NGA,NG030007,NG03,November,2025,0,0
Nigeria,Osun,Ede South,NGA,NG030008,NG03,November,2025,0,0
Nigeria,Osun,Egbedore,NGA,NG030009,NG03,November,2025,0,0
Nigeria,Osun,Ejigbo,NGA,NG030010,NG03,November,2025,0,0
Nigeria,Osun,Ife Central,NGA,NG030011,NG03,November,2025,0,0
Nigeria,Osun,Ife East,NGA,NG030012,NG03,November,2025,0,0
Nigeria,Osun,Ife North,NGA,NG030013,NG03,November,2025,0,0
Nigeria,Osun,Ife South,NGA,NG030014,NG03,November,2025,0,0
Nigeria,Osun,Ifedayo,NGA,NG030015,NG03,November,2025,0,0
Nigeria,Osun,Ifelodun,NGA,NG030016,NG03,November,2025,0,0
Nigeria,Osun,Ila,NGA,NG030017,NG03,November,2025,0,0
Nigeria,Osun,Ilesha East,NGA,NG030018,NG03,November,2025,1,1
Nigeria,Osun,Ilesha West,NGA,NG030019,NG03,November,2025,0,0
Nigeria,Osun,Irepodun,NGA,NG030020,NG03,November,2025,0,0
Nigeria,Osun,Irewole,NGA,NG030021,NG03,November,2025,0,0
Nigeria,Osun,Isokan,NGA,NG030022,NG03,November,2025,0,0
Nigeria,Osun,Iwo,NGA,NG030023,NG03,November,2025,0,0
Nigeria,Osun,Obokun,NGA,NG030024,NG03,November,2025,0,0
Nigeria,Osun,Odo-Otin,NGA,NG030025,NG03,November,2025,0,0
Nigeria,Osun,Ola-Oluwa,NGA,NG030026,NG03,November,2025,0,0
Nigeria,Osun,Olorunda,NGA,NG030027,NG03,November,2025,0,0
Nigeria,Osun,Oriade,NGA,NG030028,NG03,November,2025,0,0
Nigeria,Osun,Orolu,NGA,NG030029,NG03,November,2025,0,0
Nigeria,Osun,Osogbo,NGA,NG030030,NG03,November,2025,0,0
Nigeria,Oyo,Afijio,NGA,NG031001,NG03,November,2025,0,0
Nigeria,Oyo,Akinyele,NGA,NG031002,NG03,November,2025,0,0
Nigeria,Oyo,Atiba,NGA,NG031003,NG03,November,2025,0,0
Nigeria,Oyo,Atisbo,NGA,NG031004,NG03,November,2025,0,0
Nigeria,Oyo,Egbeda,NGA,NG031005,NG03,November,2025,1,1
Nigeria,Oyo,Ibadan North,NGA,NG031006,NG03,November,2025,0,0
Nigeria,Oyo,Ibadan North East,NGA,NG031007,NG03,November,2025,0,0
Nigeria,Oyo,Ibadan North West,NGA,NG031008,NG03,November,2025,0,0
Nigeria,Oyo,Ibadan South East,NGA,NG031009,NG03,November,2025,0,0
Nigeria,Oyo,Ibadan South West,NGA,NG031010,NG03,November,2025,0,0
Nigeria,Oyo,Ibarapa Central,NGA,NG031011,NG03,November,2025,0,0
Nigeria,Oyo,Ibarapa East,NGA,NG031012,NG03,November,2025,0,0
Nigeria,Oyo,Ibarapa North,NGA,NG031013,NG03,November,2025,0,0
Nigeria,Oyo,Ido,NGA,NG031014,NG03,November,2025,0,0
Nigeria,Oyo,Irepo,NGA,NG031015,NG03,November,2025,0,0
Nigeria,Oyo,Iseyin,NGA,NG031016,NG03,November,2025,0,0
Nigeria,Oyo,Itesiwaju,NGA,NG031017,NG03,November,2025,0,0
Nigeria,Oyo,Iwajowa,NGA,NG031018,NG03,November,2025,0,0
Nigeria,Oyo,Kajola,NGA,NG031019,NG03,November,2025,0,0
Nigeria,Oyo,Lagelu,NGA,NG031020,NG03,November,2025,0,0
Nigeria,Oyo,Ogbomosho North,NGA,NG031021,NG03,November,2025,0,0
Nigeria,Oyo,Ogbomosho South,NGA,NG031022,NG03,November,2025,0,0
Nigeria,Oyo,Ogo-Oluwa,NGA,NG031023,NG03,November,2025,0,0
Nigeria,Oyo,Olorunsogo,NGA,NG031024,NG03,November,2025,0,0
Nigeria,Oyo,Oluyole,NGA,NG031025,NG03,November,2025,0,0
Nigeria,Oyo,Ona-Ara,NGA,NG031026,NG03,November,2025,0,0
Nigeria,Oyo,Orelope,NGA,NG031027,NG03,November,2025,0,0
Nigeria,Oyo,Ori Ire,NGA,NG031028,NG03,November,2025,0,0
Nigeria,Oyo,Oyo East,NGA,NG031029,NG03,November,2025,0,0
Nigeria,Oyo,Oyo West,NGA,NG031030,NG03,November,2025,0,0
Nigeria,Oyo,Saki East,NGA,NG031031,NG03,November,2025,0,0
Nigeria,Oyo,Saki West,NGA,NG031032,NG03,November,2025,0,0
Nigeria,Oyo,Surulere,NGA,NG031033,NG03,November,2025,0,0
Nigeria,Plateau,Barkin Ladi,NGA,NG032001,NG03,November,2025,0,0
Nigeria,Plateau,Bassa,NGA,NG032002,NG03,November,2025,0,0
Nigeria,Plateau,Bokkos,NGA,NG032003,NG03,November,2025,1,1
Nigeria,Plateau,Jos East,NGA,NG032004,NG03,November,2025,0,0
Nigeria,Plateau,Jos North,NGA,NG032005,NG03,November,2025,1,0
Nigeria,Plateau,Jos South,NGA,NG032006,NG03,November,2025,0,0
Nigeria,Plateau,Kanam,NGA,NG032007,NG03,November,2025,0,0
Nigeria,Plateau,Kanke,NGA,NG032008,NG03,November,2025,0,0
Nigeria,Plateau,Langtang North,NGA,NG032009,NG03,November,2025,0,0
Nigeria,Plateau,Langtang South,NGA,NG032010,NG03,November,2025,0,0
Nigeria,Plateau,Mangu,NGA,NG032011,NG03,November,2025,3,7
Nigeria,Plateau,Mikang,NGA,NG032012,NG03,November,2025,0,0
Nigeria,Plateau,Pankshin,NGA,NG032013,NG03,November,2025,0,0
Nigeria,Plateau,Quan-Pan,NGA,NG032014,NG03,November,2025,0,0
Nigeria,Plateau,Riyom,NGA,NG032015,NG03,November,2025,2,3
Nigeria,Plateau,Shendam,NGA,NG032016,NG03,November,2025,0,0
Nigeria,Plateau,Wase,NGA,NG032017,NG03,November,2025,0,0
Nigeria,Rivers,Ahoada,NGA,NG033002,NG03,November,2025,0,0
Nigeria,Rivers,Ahoada West,NGA,NG033003,NG03,November,2025,0,0
Nigeria,Rivers,Akukutoru,NGA,NG033004,NG03,November,2025,0,0
Nigeria,Rivers,Andoni,NGA,NG033005,NG03,November,2025,0,0
Nigeria,Rivers,Asaritoru,NGA,NG033006,NG03,November,2025,0,0
Nigeria,Rivers,Bonny,NGA,NG033007,NG03,November,2025,0,0
Nigeria,Rivers,Degema,NGA,NG033008,NG03,November,2025,0,0
Nigeria,Rivers,Eleme,NGA,NG033009,NG03,November,2025,0,0
Nigeria,Rivers,Emohua,NGA,NG033010,NG03,November,2025,0,0
Nigeria,Rivers,Etche,NGA,NG033011,NG03,November,2025,0,0
Nigeria,Rivers,Gonaka,NGA,NG033012,NG03,November,2025,0,0
Nigeria,Rivers,Ikwerre,NGA,NG033013,NG03,November,2025,0,0
Nigeria,Rivers,Khana,NGA,NG033014,NG03,November,2025,0,0
Nigeria,Rivers,Obio,NGA,NG033015,NG03,November,2025,0,0
Nigeria,Rivers,Obua,NGA,NG033001,NG03,November,2025,0,0
Nigeria,Rivers,Ogba,NGA,NG033016,NG03,November,2025,0,0
Nigeria,Rivers,Ogu,NGA,NG033017,NG03,November,2025,0,0
Nigeria,Rivers,Okrika,NGA,NG033018,NG03,November,2025,0,0
Nigeria,Rivers,Omumma,NGA,NG033019,NG03,November,2025,0,0
Nigeria,Rivers,Opobo,NGA,NG033020,NG03,November,2025,0,0
Nigeria,Rivers,Oyigbo,NGA,NG033021,NG03,November,2025,0,0
Nigeria,Rivers,Port Harcourt,NGA,NG033022,NG03,November,2025,1,1
Nigeria,Rivers,Tai,NGA,NG033023,NG03,November,2025,0,0
Nigeria,Sokoto,Binji,NGA,NG034001,NG03,November,2025,0,0
Nigeria,Sokoto,Bodinga,NGA,NG034002,NG03,November,2025,0,0
Nigeria,Sokoto,Dange-Shuni,NGA,NG034003,NG03,November,2025,0,0
Nigeria,Sokoto,Gada,NGA,NG034004,NG03,November,2025,0,0
Nigeria,Sokoto,Goronyo,NGA,NG034006,NG03,November,2025,1,0
Nigeria,Sokoto,Gudu,NGA,NG034007,NG03,November,2025,0,0
Nigeria,Sokoto,Gwadabawa,NGA,NG034005,NG03,November,2025,0,0
Nigeria,Sokoto,Illela,NGA,NG034008,NG03,November,2025,0,0
Nigeria,Sokoto,Isa,NGA,NG034009,NG03,November,2025,6,3
Nigeria,Sokoto,Kebbe,NGA,NG034010,NG03,November,2025,0,0
Nigeria,Sokoto,Kware,NGA,NG034011,NG03,November,2025,2,2
Nigeria,Sokoto,Rabah,NGA,NG034012,NG03,November,2025,3,8
Nigeria,Sokoto,Sabon Birni,NGA,NG034013,NG03,November,2025,13,19
Nigeria,Sokoto,Shagari,NGA,NG034014,NG03,November,2025,0,0
Nigeria,Sokoto,Silame,NGA,NG034015,NG03,November,2025,0,0
Nigeria,Sokoto,Sokoto North,NGA,NG034016,NG03,November,2025,0,0
Nigeria,Sokoto,Sokoto South,NGA,NG034017,NG03,November,2025,0,0
Nigeria,Sokoto,Tambuwal,NGA,NG034018,NG03,November,2025,0,0
Nigeria,Sokoto,Tangaza,NGA,NG034019,NG03,November,2025,0,0
Nigeria,Sokoto,Tureta,NGA,NG034020,NG03,November,2025,0,0
Nigeria,Sokoto,Wamakko,NGA,NG034021,NG03,November,2025,0,0
Nigeria,Sokoto,Wurno,NGA,NG034022,NG03,November,2025,8,3
Nigeria,Sokoto,Yabo,NGA,NG034023,NG03,November,2025,1,5
Nigeria,Taraba,Ardo Kola,NGA,NG035001,NG03,November,2025,0,0
Nigeria,Taraba,Bali,NGA,NG035002,NG03,November,2025,0,0
Nigeria,Taraba,Donga,NGA,NG035003,NG03,November,2025,0,0
Nigeria,Taraba,Gashaka,NGA,NG035004,NG03,November,2025,0,0
Nigeria,Taraba,Gassol,NGA,NG035005,NG03,November,2025,0,0
Nigeria,Taraba,Ibi,NGA,NG035006,NG03,November,2025,0,0
Nigeria,Taraba,Jalingo,NGA,NG035007,NG03,November,2025,0,0
Nigeria,Taraba,Karim Lamidu,NGA,NG035008,NG03,November,2025,2,4
Nigeria,Taraba,Kurmi,NGA,NG035009,NG03,November,2025,0,0
Nigeria,Taraba,Lau,NGA,NG035010,NG03,November,2025,0,0
Nigeria,Taraba,Sardauna,NGA,NG035011,NG03,November,2025,0,0
Nigeria,Taraba,Takum,NGA,NG035012,NG03,November,2025,2,9
Nigeria,Taraba,Ussa,NGA,NG035013,NG03,November,2025,1,0
Nigeria,Taraba,Wukari,NGA,NG035014,NG03,November,2025,1,0
Nigeria,Taraba,Yorro,NGA,NG035015,NG03,November,2025,0,0
Nigeria,Taraba,Zing,NGA,NG035016,NG03,November,2025,0,0
Nigeria,Yobe,Bade,NGA,NG036001,NG03,November,2025,0,0
Nigeria,Yobe,Bursari,NGA,NG036002,NG03,November,2025,0,0
Nigeria,Yobe,Damaturu,NGA,NG036003,NG03,November,2025,0,0
Nigeria,Yobe,Fika,NGA,NG036004,NG03,November,2025,1,1
Nigeria,Yobe,Fune,NGA,NG036005,NG03,November,2025,1,0
Nigeria,Yobe,Geidam,NGA,NG036006,NG03,November,2025,1,1
Nigeria,Yobe,Gujba,NGA,NG036007,NG03,November,2025,3,4
Nigeria,Yobe,Gulami,NGA,NG036008,NG03,November,2025,0,0
Nigeria,Yobe,Jakusko,NGA,NG036009,NG03,November,2025,1,1
Nigeria,Yobe,Karasuwa,NGA,NG036010,NG03,November,2025,0,0
Nigeria,Yobe,Machina,NGA,NG036011,NG03,November,2025,0,0
Nigeria,Yobe,Nangere,NGA,NG036012,NG03,November,2025,0,0
Nigeria,Yobe,Nguru,NGA,NG036013,NG03,November,2025,0,0
Nigeria,Yobe,Potiskum,NGA,NG036014,NG03,November,2025,0,0
Nigeria,Yobe,Tarmua,NGA,NG036015,NG03,November,2025,0,0
Nigeria,Yobe,Yunusari,NGA,NG036016,NG03,November,2025,1,1
Nigeria,Yobe,Yusufari,NGA,NG036017,NG03,November,2025,0,0
Nigeria,Zamfara,Anka,NGA,NG037001,NG03,November,2025,2,0
Nigeria,Zamfara,Bakura,NGA,NG037002,NG03,November,2025,0,0
Nigeria,Zamfara,Bukkuyum,NGA,NG037004,NG03,November,2025,6,2
Nigeria,Zamfara,Bungudu,NGA,NG037005,NG03,November,2025,0,0
Nigeria,Zamfara,Gummi,NGA,NG037006,NG03,November,2025,0,0
Nigeria,Zamfara,Gusau,NGA,NG037007,NG03,November,2025,5,2
Nigeria,Zamfara,Kaura Namoda,NGA,NG037008,NG03,November,2025,0,0
Nigeria,Zamfara,Kiyawa,NGA,NG037003,NG03,November,2025,0,0
Nigeria,Zamfara,Maradun,NGA,NG037009,NG03,November,2025,4,1
Nigeria,Zamfara,Maru,NGA,NG037010,NG03,November,2025,1,2
Nigeria,Zamfara,Shinkafi,NGA,NG037011,NG03,November,2025,1,0
Nigeria,Zamfara,Talata Mafara,NGA,NG037012,NG03,November,2025,4,0
Nigeria,Zamfara,Tsafe,NGA,NG037013,NG03,November,2025,22,51
Nigeria,Zamfara,Zurmi,NGA,NG037014,NG03,November,2025,1,1
Nigeria,Abia,Aba North,NGA,NG001001,NG00,December,2025,0,0
Nigeria,Abia,Aba South,NGA,NG001002,NG00,December,2025,0,0
Nigeria,Abia,Arochukwu,NGA,NG001003,NG00,December,2025,0,0
Nigeria,Abia,Bende,NGA,NG001004,NG00,December,2025,0,0
Nigeria,Abia,Ikwuano,NGA,NG001005,NG00,December,2025,0,0
Nigeria,Abia,Isiala Ngwa North,NGA,NG001007,NG00,December,2025,0,0
Nigeria,Abia,Isiala Ngwa South,NGA,NG001006,NG00,December,2025,0,0
Nigeria,Abia,Isuikwuato,NGA,NG001008,NG00,December,2025,0,0
Nigeria,Abia,Nneochi,NGA,NG001017,NG00,December,2025,0,0
Nigeria,Abia,Obioma Ngwa,NGA,NG001009,NG00,December,2025,0,0
Nigeria,Abia,Ohafia,NGA,NG001010,NG00,December,2025,0,0
Nigeria,Abia,Osisioma,NGA,NG001011,NG00,December,2025,0,0
Nigeria,Abia,Ugwunagbo,NGA,NG001012,NG00,December,2025,0,0
Nigeria,Abia,Ukwa East,NGA,NG001013,NG00,December,2025,0,0
Nigeria,Abia,Ukwa West,NGA,NG001014,NG00,December,2025,0,0
Nigeria,Abia,Umuahia North,NGA,NG001015,NG00,December,2025,0,0
Nigeria,Abia,Umuahia South,NGA,NG001016,NG00,December,2025,0,0
Nigeria,Adamawa,Demsa,NGA,NG002001,NG00,December,2025,0,0
Nigeria,Adamawa,Fufore,NGA,NG002002,NG00,December,2025,1,1
Nigeria,Adamawa,Ganye,NGA,NG002003,NG00,December,2025,0,0
Nigeria,Adamawa,Girei,NGA,NG002005,NG00,December,2025,0,0
Nigeria,Adamawa,Gombi,NGA,NG002004,NG00,December,2025,0,0
Nigeria,Adamawa,Guyuk,NGA,NG002006,NG00,December,2025,0,0
Nigeria,Adamawa,Hong,NGA,NG002007,NG00,December,2025,6,10
Nigeria,Adamawa,Jada,NGA,NG002008,NG00,December,2025,0,0
Nigeria,Adamawa,Lamurde,NGA,NG002009,NG00,December,2025,5,19
Nigeria,Adamawa,Madagali,NGA,NG002010,NG00,December,2025,2,5
Nigeria,Adamawa,Maiha,NGA,NG002011,NG00,December,2025,0,0
Nigeria,Adamawa,Mayo-Belwa,NGA,NG002012,NG00,December,2025,0,0
Nigeria,Adamawa,Michika,NGA,NG002013,NG00,December,2025,0,0
Nigeria,Adamawa,Mubi North,NGA,NG002014,NG00,December,2025,0,0
Nigeria,Adamawa,Mubi South,NGA,NG002015,NG00,December,2025,0,0
Nigeria,Adamawa,Numan,NGA,NG002016,NG00,December,2025,0,0
Nigeria,Adamawa,Shelleng,NGA,NG002017,NG00,December,2025,0,0
Nigeria,Adamawa,Song,NGA,NG002018,NG00,December,2025,0,0
Nigeria,Adamawa,Toungo,NGA,NG002019,NG00,December,2025,0,0
Nigeria,Adamawa,Yola-North,NGA,NG002021,NG00,December,2025,0,0
Nigeria,Adamawa,Yola-South,NGA,NG002020,NG00,December,2025,0,0
Nigeria,Akwa Ibom,Abak,NGA,NG003001,NG00,December,2025,0,0
Nigeria,Akwa Ibom,Eastern Obolo,NGA,NG003002,NG00,December,2025,0,0
Nigeria,Akwa Ibom,Eket,NGA,NG003003,NG00,December,2025,0,0
Nigeria,Akwa Ibom,Ekpe Atai,NGA,NG003004,NG00,December,2025,0,0
Nigeria,Akwa Ibom,Essien Udim,NGA,NG003005,NG00,December,2025,0,0
Nigeria,Akwa Ibom,Etim Ekpo,NGA,NG003006,NG00,December,2025,0,0
Nigeria,Akwa Ibom,Etinan,NGA,NG003007,NG00,December,2025,0,0
Nigeria,Akwa Ibom,Ibeno,NGA,NG003008,NG00,December,2025,0,0
Nigeria,Akwa Ibom,Ibesikpo Asutan,NGA,NG003009,NG00,December,2025,0,0
Nigeria,Akwa Ibom,Ibiono Ibom,NGA,NG003010,NG00,December,2025,0,0
Nigeria,Akwa Ibom,Ika,NGA,NG003011,NG00,December,2025,0,0
Nigeria,Akwa Ibom,Ikono,NGA,NG003012,NG00,December,2025,0,0
Nigeria,Akwa Ibom,Ikot Abasi,NGA,NG003013,NG00,December,2025,1,0
Nigeria,Akwa Ibom,Ikot Ekpene,NGA,NG003014,NG00,December,2025,0,0
Nigeria,Akwa Ibom,Ini,NGA,NG003015,NG00,December,2025,0,0
Nigeria,Akwa Ibom,Itu,NGA,NG003016,NG00,December,2025,0,0
Nigeria,Akwa Ibom,Mbo,NGA,NG003017,NG00,December,2025,0,0
Nigeria,Akwa Ibom,Mkpat Enin,NGA,NG003018,NG00,December,2025,0,0
Nigeria,Akwa Ibom,Nsit Ibom,NGA,NG003020,NG00,December,2025,0,0
Nigeria,Akwa Ibom,Nsit Ubium,NGA,NG003021,NG00,December,2025,0,0
Nigeria,Akwa Ibom,Obat Akara,NGA,NG003022,NG00,December,2025,0,0
Nigeria,Akwa Ibom,Okobo,NGA,NG003023,NG00,December,2025,0,0
Nigeria,Akwa Ibom,Onna,NGA,NG003024,NG00,December,2025,0,0
Nigeria,Akwa Ibom,Oron,NGA,NG003025,NG00,December,2025,0,0
Nigeria,Akwa Ibom,Oruk Anam,NGA,NG003026,NG00,December,2025,0,0
Nigeria,Akwa Ibom,Udung Uko,NGA,NG003027,NG00,December,2025,0,0
Nigeria,Akwa Ibom,Ukanafun,NGA,NG003028,NG00,December,2025,0,0
Nigeria,Akwa Ibom,Uruan,NGA,NG003029,NG00,December,2025,0,0
Nigeria,Akwa Ibom,Urue Offong,NGA,NG003030,NG00,December,2025,0,0
Nigeria,Akwa Ibom,Uyo,NGA,NG003031,NG00,December,2025,0,0
Nigeria,Anambra,Aguata,NGA,NG004001,NG00,December,2025,0,0
Nigeria,Anambra,Anambra East,NGA,NG004002,NG00,December,2025,0,0
Nigeria,Anambra,Anambra West,NGA,NG004003,NG00,December,2025,0,0
Nigeria,Anambra,Aniocha,NGA,NG004004,NG00,December,2025,0,0
Nigeria,Anambra,Awka North,NGA,NG004005,NG00,December,2025,0,0
Nigeria,Anambra,Awka South,NGA,NG004006,NG00,December,2025,0,0
Nigeria,Anambra,Ayamelum,NGA,NG004007,NG00,December,2025,0,0
Nigeria,Anambra,Dunukofia,NGA,NG004008,NG00,December,2025,0,0
Nigeria,Anambra,Ekwusigwo,NGA,NG004009,NG00,December,2025,0,0
Nigeria,Anambra,Idemili North,NGA,NG004010,NG00,December,2025,0,0
Nigeria,Anambra,Idemili South,NGA,NG004011,NG00,December,2025,0,0
Nigeria,Anambra,Ihiala,NGA,NG004012,NG00,December,2025,1,2
Nigeria,Anambra,Njikoka,NGA,NG004013,NG00,December,2025,1,4
Nigeria,Anambra,Nnewi North,NGA,NG004014,NG00,December,2025,0,0
Nigeria,Anambra,Nnewi South,NGA,NG004015,NG00,December,2025,0,0
Nigeria,Anambra,Ogbaru,NGA,NG004016,NG00,December,2025,0,0
Nigeria,Anambra,Onisha North,NGA,NG004017,NG00,December,2025,1,0
Nigeria,Anambra,Onisha South,NGA,NG004018,NG00,December,2025,0,0
Nigeria,Anambra,Orumba North,NGA,NG004019,NG00,December,2025,0,0
Nigeria,Anambra,Orumba South,NGA,NG004020,NG00,December,2025,0,0
Nigeria,Anambra,Oyi,NGA,NG004021,NG00,December,2025,0,0
Nigeria,Bauchi,Alkaleri,NGA,NG005001,NG00,December,2025,0,0
Nigeria,Bauchi,Bauchi,NGA,NG005002,NG00,December,2025,0,0
Nigeria,Bauchi,Bogoro,NGA,NG005003,NG00,December,2025,0,0
Nigeria,Bauchi,Damban,NGA,NG005004,NG00,December,2025,0,0
Nigeria,Bauchi,Darazo,NGA,NG005005,NG00,December,2025,0,0
Nigeria,Bauchi,Dass,NGA,NG005006,NG00,December,2025,0,0
Nigeria,Bauchi,Gamawa,NGA,NG005007,NG00,December,2025,0,0
Nigeria,Bauchi,Ganjuwa,NGA,NG005008,NG00,December,2025,0,0
Nigeria,Bauchi,Giade,NGA,NG005009,NG00,December,2025,0,0
Nigeria,Bauchi,Itas-Gadau,NGA,NG005010,NG00,December,2025,0,0
Nigeria,Bauchi,Jamaare,NGA,NG005011,NG00,December,2025,0,0
Nigeria,Bauchi,Katagum,NGA,NG005012,NG00,December,2025,0,0
Nigeria,Bauchi,Kirfi,NGA,NG005013,NG00,December,2025,0,0
Nigeria,Bauchi,Misau,NGA,NG005014,NG00,December,2025,0,0
Nigeria,Bauchi,Ningi,NGA,NG005015,NG00,December,2025,0,0
Nigeria,Bauchi,Shira,NGA,NG005016,NG00,December,2025,0,0
Nigeria,Bauchi,Tafawa Balewa,NGA,NG005017,NG00,December,2025,0,0
Nigeria,Bauchi,Toro,NGA,NG005018,NG00,December,2025,0,0
Nigeria,Bauchi,Warji,NGA,NG005019,NG00,December,2025,0,0
Nigeria,Bauchi,Zaki,NGA,NG005020,NG00,December,2025,1,0
Nigeria,Bayelsa,Brass,NGA,NG006001,NG00,December,2025,0,0
Nigeria,Bayelsa,Ekermor,NGA,NG006002,NG00,December,2025,0,0
Nigeria,Bayelsa,Kolokuma,NGA,NG006003,NG00,December,2025,0,0
Nigeria,Bayelsa,Nembe,NGA,NG006004,NG00,December,2025,0,0
Nigeria,Bayelsa,Ogbia,NGA,NG006005,NG00,December,2025,1,1
Nigeria,Bayelsa,Sagbama,NGA,NG006006,NG00,December,2025,0,0
Nigeria,Bayelsa,Southern Ijaw,NGA,NG006007,NG00,December,2025,0,0
Nigeria,Bayelsa,Yenagoa,NGA,NG006008,NG00,December,2025,0,0
Nigeria,Benue,Ado,NGA,NG007001,NG00,December,2025,1,0
Nigeria,Benue,Agatu,NGA,NG007002,NG00,December,2025,0,0
Nigeria,Benue,Apa,NGA,NG007003,NG00,December,2025,0,0
Nigeria,Benue,Buruku,NGA,NG007004,NG00,December,2025,0,0
Nigeria,Benue,Gboko,NGA,NG007005,NG00,December,2025,0,0
Nigeria,Benue,Guma,NGA,NG007006,NG00,December,2025,5,11
Nigeria,Benue,Gwer East,NGA,NG007007,NG00,December,2025,0,0
Nigeria,Benue,Gwer West,NGA,NG007008,NG00,December,2025,0,0
Nigeria,Benue,Katsina Ala,NGA,NG007009,NG00,December,2025,0,0
Nigeria,Benue,Konshisha,NGA,NG007010,NG00,December,2025,0,0
Nigeria,Benue,Kwande,NGA,NG007011,NG00,December,2025,0,0
Nigeria,Benue,Logo,NGA,NG007012,NG00,December,2025,0,0
Nigeria,Benue,Makurdi,NGA,NG007013,NG00,December,2025,2,2
Nigeria,Benue,Obi,NGA,NG007014,NG00,December,2025,0,0
Nigeria,Benue,Ogbadibo,NGA,NG007015,NG00,December,2025,2,0
Nigeria,Benue,Ohimini,NGA,NG007016,NG00,December,2025,1,0
Nigeria,Benue,Oju,NGA,NG007017,NG00,December,2025,0,0
Nigeria,Benue,Okpokwu,NGA,NG007018,NG00,December,2025,1,0
Nigeria,Benue,Otukpo,NGA,NG007019,NG00,December,2025,3,1
Nigeria,Benue,Tarka,NGA,NG007020,NG00,December,2025,0,0
Nigeria,Benue,Ukum,NGA,NG007021,NG00,December,2025,2,3
Nigeria,Benue,Ushongo,NGA,NG007022,NG00,December,2025,0,0
Nigeria,Benue,Vandeikya,NGA,NG007023,NG00,December,2025,0,0
Nigeria,Borno,Abadan,NGA,NG008001,NG00,December,2025,5,15
Nigeria,Borno,Askira Uba,NGA,NG008002,NG00,December,2025,5,9
Nigeria,Borno,Bama,NGA,NG008003,NG00,December,2025,5,20
Nigeria,Borno,Bayo,NGA,NG008004,NG00,December,2025,0,0
Nigeria,Borno,Biu,NGA,NG008005,NG00,December,2025,3,0
Nigeria,Borno,Chibok,NGA,NG008006,NG00,December,2025,0,0
Nigeria,Borno,Damboa,NGA,NG008007,NG00,December,2025,3,0
Nigeria,Borno,Dikwa,NGA,NG008008,NG00,December,2025,1,0
Nigeria,Borno,Gubio,NGA,NG008009,NG00,December,2025,1,1
Nigeria,Borno,Guzamala,NGA,NG008010,NG00,December,2025,3,13
Nigeria,Borno,Gwoza,NGA,NG008011,NG00,December,2025,17,68
Nigeria,Borno,Hawul,NGA,NG008012,NG00,December,2025,0,0
Nigeria,Borno,Jere,NGA,NG008013,NG00,December,2025,1,0
Nigeria,Borno,Kaga,NGA,NG008014,NG00,December,2025,7,18
Nigeria,Borno,Kala Balge,NGA,NG008015,NG00,December,2025,0,0
Nigeria,Borno,Konduga,NGA,NG008016,NG00,December,2025,11,40
Nigeria,Borno,Kukawa,NGA,NG008017,NG00,December,2025,3,6
Nigeria,Borno,Kwaya Kusar,NGA,NG008018,NG00,December,2025,0,0
Nigeria,Borno,Mafa,NGA,NG008019,NG00,December,2025,1,0
Nigeria,Borno,Magumeri,NGA,NG008020,NG00,December,2025,2,5
Nigeria,Borno,Maiduguri Metro,NGA,NG008021,NG00,December,2025,4,54
Nigeria,Borno,Marte,NGA,NG008022,NG00,December,2025,0,0
Nigeria,Borno,Mobbar,NGA,NG008023,NG00,December,2025,1,4
Nigeria,Borno,Monguno,NGA,NG008024,NG00,December,2025,2,6
Nigeria,Borno,Ngala,NGA,NG008025,NG00,December,2025,4,20
Nigeria,Borno,Nganzai,NGA,NG008026,NG00,December,2025,0,0
Nigeria,Borno,Shani,NGA,NG008027,NG00,December,2025,0,0
Nigeria,Cross River,Abi,NGA,NG009001,NG00,December,2025,0,0
Nigeria,Cross River,Akamkpa,NGA,NG009002,NG00,December,2025,0,0
Nigeria,Cross River,Akpabuyo,NGA,NG009003,NG00,December,2025,1,0
Nigeria,Cross River,Bekwara,NGA,NG009006,NG00,December,2025,0,0
Nigeria,Cross River,Biase,NGA,NG009007,NG00,December,2025,0,0
Nigeria,Cross River,Boki,NGA,NG009008,NG00,December,2025,0,0
Nigeria,Cross River,Calabar Municipal,NGA,NG009010,NG00,December,2025,0,0
Nigeria,Cross River,Calabar South,NGA,NG009009,NG00,December,2025,1,1
Nigeria,Cross River,Etung,NGA,NG009011,NG00,December,2025,0,0
Nigeria,Cross River,Ikom,NGA,NG009012,NG00,December,2025,0,0
Nigeria,Cross River,Obanliku,NGA,NG009013,NG00,December,2025,0,0
Nigeria,Cross River,Obubra,NGA,NG009014,NG00,December,2025,0,0
Nigeria,Cross River,Obudu,NGA,NG009015,NG00,December,2025,0,0
Nigeria,Cross River,Odukpani,NGA,NG009016,NG00,December,2025,0,0
Nigeria,Cross River,Ogaja,NGA,NG009017,NG00,December,2025,0,0
Nigeria,Cross River,Yakurr,NGA,NG009018,NG00,December,2025,0,0
Nigeria,Cross River,Yala,NGA,NG009019,NG00,December,2025,0,0
Nigeria,Delta,Aniocha North,NGA,NG010001,NG01,December,2025,0,0
Nigeria,Delta,Aniocha South,NGA,NG010002,NG01,December,2025,0,0
Nigeria,Delta,Bomadi,NGA,NG010003,NG01,December,2025,0,0
Nigeria,Delta,Burutu,NGA,NG010004,NG01,December,2025,0,0
Nigeria,Delta,Ethiope East,NGA,NG010005,NG01,December,2025,3,1
Nigeria,Delta,Ethiope West,NGA,NG010006,NG01,December,2025,0,0
Nigeria,Delta,Ika North East,NGA,NG010007,NG01,December,2025,0,0
Nigeria,Delta,Ika South,NGA,NG010008,NG01,December,2025,0,0
Nigeria,Delta,Isoko North,NGA,NG010009,NG01,December,2025,0,0
Nigeria,Delta,Isoko South,NGA,NG010010,NG01,December,2025,0,0
Nigeria,Delta,Ndokwa East,NGA,NG010011,NG01,December,2025,0,0
Nigeria,Delta,Ndokwa West,NGA,NG010012,NG01,December,2025,0,0
Nigeria,Delta,Okpe,NGA,NG010013,NG01,December,2025,0,0
Nigeria,Delta,Oshimili North,NGA,NG010014,NG01,December,2025,0,0
Nigeria,Delta,Oshimili South,NGA,NG010015,NG01,December,2025,0,0
Nigeria,Delta,Patani,NGA,NG010016,NG01,December,2025,0,0
Nigeria,Delta,Sapele,NGA,NG010017,NG01,December,2025,1,4
Nigeria,Delta,Udu,NGA,NG010018,NG01,December,2025,0,0
Nigeria,Delta,Ughelli North,NGA,NG010019,NG01,December,2025,0,0
Nigeria,Delta,Ughelli South,NGA,NG010020,NG01,December,2025,0,0
Nigeria,Delta,Ukwuani,NGA,NG010021,NG01,December,2025,1,1
Nigeria,Delta,Uvwie,NGA,NG010022,NG01,December,2025,0,0
Nigeria,Delta,Warri North,NGA,NG010023,NG01,December,2025,0,0
Nigeria,Delta,Warri South,NGA,NG010024,NG01,December,2025,1,1
Nigeria,Delta,Warri South-West,NGA,NG010025,NG01,December,2025,1,1
Nigeria,Ebonyi,Abakaliki,NGA,NG011001,NG01,December,2025,0,0
Nigeria,Ebonyi,Afikpo North,NGA,NG011002,NG01,December,2025,0,0
Nigeria,Ebonyi,Afikpo South,NGA,NG011003,NG01,December,2025,0,0
Nigeria,Ebonyi,Ebonyi,NGA,NG011004,NG01,December,2025,0,0
Nigeria,Ebonyi,Ezza North,NGA,NG011005,NG01,December,2025,0,0
Nigeria,Ebonyi,Ezza South,NGA,NG011006,NG01,December,2025,0,0
Nigeria,Ebonyi,Ikwo,NGA,NG011007,NG01,December,2025,0,0
Nigeria,Ebonyi,Ishielu,NGA,NG011008,NG01,December,2025,0,0
Nigeria,Ebonyi,Ivo,NGA,NG011009,NG01,December,2025,0,0
Nigeria,Ebonyi,Izzi,NGA,NG011010,NG01,December,2025,0,0
Nigeria,Ebonyi,Ohaozara,NGA,NG011011,NG01,December,2025,0,0
Nigeria,Ebonyi,Ohaukwu,NGA,NG011012,NG01,December,2025,0,0
Nigeria,Ebonyi,Onicha,NGA,NG011013,NG01,December,2025,0,0
Nigeria,Edo,Akoko Edo,NGA,NG012001,NG01,December,2025,0,0
Nigeria,Edo,Egor,NGA,NG012002,NG01,December,2025,0,0
Nigeria,Edo,Esan Central,NGA,NG012003,NG01,December,2025,0,0
Nigeria,Edo,Esan North East,NGA,NG012004,NG01,December,2025,0,0
Nigeria,Edo,Esan South East,NGA,NG012005,NG01,December,2025,0,0
Nigeria,Edo,Esan West,NGA,NG012006,NG01,December,2025,2,1
Nigeria,Edo,Etsako Central,NGA,NG012007,NG01,December,2025,0,0
Nigeria,Edo,Etsako East,NGA,NG012008,NG01,December,2025,0,0
Nigeria,Edo,Etsako West,NGA,NG012009,NG01,December,2025,0,0
Nigeria,Edo,Igueben,NGA,NG012010,NG01,December,2025,0,0
Nigeria,Edo,Ikpoba Okha,NGA,NG012011,NG01,December,2025,0,0
Nigeria,Edo,Oredo,NGA,NG012012,NG01,December,2025,2,2
Nigeria,Edo,Orhionwon,NGA,NG012013,NG01,December,2025,0,0
Nigeria,Edo,Ovia North East,NGA,NG012014,NG01,December,2025,1,0
Nigeria,Edo,Ovia South West,NGA,NG012015,NG01,December,2025,0,0
Nigeria,Edo,Owan East,NGA,NG012016,NG01,December,2025,0,0
Nigeria,Edo,Owan West,NGA,NG012017,NG01,December,2025,0,0
Nigeria,Edo,Uhunmwode,NGA,NG012018,NG01,December,2025,0,0
Nigeria,Ekiti,Ado Ekiti,NGA,NG013001,NG01,December,2025,0,0
Nigeria,Ekiti,Aiyekire,NGA,NG013002,NG01,December,2025,0,0
Nigeria,Ekiti,Efon,NGA,NG013003,NG01,December,2025,0,0
Nigeria,Ekiti,Ekiti East,NGA,NG013004,NG01,December,2025,0,0
Nigeria,Ekiti,Ekiti South West,NGA,NG013005,NG01,December,2025,0,0
Nigeria,Ekiti,Ekiti West,NGA,NG013006,NG01,December,2025,0,0
Nigeria,Ekiti,Emure,NGA,NG013007,NG01,December,2025,0,0
Nigeria,Ekiti,Ido-Osi,NGA,NG013008,NG01,December,2025,0,0
Nigeria,Ekiti,Ijero,NGA,NG013009,NG01,December,2025,0,0
Nigeria,Ekiti,Ikere,NGA,NG013010,NG01,December,2025,0,0
Nigeria,Ekiti,Ikole,NGA,NG013011,NG01,December,2025,1,0
Nigeria,Ekiti,Ilejemeji,NGA,NG013012,NG01,December,2025,0,0
Nigeria,Ekiti,Irepodun,NGA,NG013013,NG01,December,2025,0,0
Nigeria,Ekiti,Ise,NGA,NG013014,NG01,December,2025,0,0
Nigeria,Ekiti,Moba,NGA,NG013015,NG01,December,2025,0,0
Nigeria,Ekiti,Oye,NGA,NG013016,NG01,December,2025,0,0
Nigeria,Enugu,Agwu,NGA,NG014002,NG01,December,2025,0,0
Nigeria,Enugu,Aninri,NGA,NG014001,NG01,December,2025,0,0
Nigeria,Enugu,Enugu East,NGA,NG014003,NG01,December,2025,0,0
Nigeria,Enugu,Enugu North,NGA,NG014004,NG01,December,2025,1,0
Nigeria,Enugu,Enugu South,NGA,NG014005,NG01,December,2025,1,2
Nigeria,Enugu,Ezeagu,NGA,NG014006,NG01,December,2025,0,0
Nigeria,Enugu,Igbo Etiti,NGA,NG014007,NG01,December,2025,0,0
Nigeria,Enugu,Igbo Eze North,NGA,NG014008,NG01,December,2025,0,0
Nigeria,Enugu,Igbo Eze South,NGA,NG014009,NG01,December,2025,0,0
Nigeria,Enugu,Isi Uzo,NGA,NG014010,NG01,December,2025,0,0
Nigeria,Enugu,Nkanu East,NGA,NG014011,NG01,December,2025,0,0
Nigeria,Enugu,Nkanu West,NGA,NG014012,NG01,December,2025,0,0
Nigeria,Enugu,Nsukka,NGA,NG014013,NG01,December,2025,0,0
Nigeria,Enugu,Oji River,NGA,NG014014,NG01,December,2025,0,0
Nigeria,Enugu,Udenu,NGA,NG014015,NG01,December,2025,1,0
Nigeria,Enugu,Udi,NGA,NG014016,NG01,December,2025,0,0
Nigeria,Enugu,Uzo Uwani,NGA,NG014017,NG01,December,2025,1,0
Nigeria,Federal Capital Territory,Abaji,NGA,NG015001,NG01,December,2025,0,0
Nigeria,Federal Capital Territory,Abuja Municipal,NGA,NG015002,NG01,December,2025,0,0
Nigeria,Federal Capital Territory,Bwari,NGA,NG015003,NG01,December,2025,2,0
Nigeria,Federal Capital Territory,Gwagwalada,NGA,NG015004,NG01,December,2025,0,0
Nigeria,Federal Capital Territory,Kuje,NGA,NG015005,NG01,December,2025,0,0
Nigeria,Federal Capital Territory,Kwali,NGA,NG015006,NG01,December,2025,1,0
Nigeria,Gombe,Akko,NGA,NG016001,NG01,December,2025,2,4
Nigeria,Gombe,Balanga,NGA,NG016002,NG01,December,2025,0,0
Nigeria,Gombe,Billiri,NGA,NG016003,NG01,December,2025,0,0
Nigeria,Gombe,Dukku,NGA,NG016004,NG01,December,2025,0,0
Nigeria,Gombe,Funakaye,NGA,NG016005,NG01,December,2025,0,0
Nigeria,Gombe,Gombe,NGA,NG016006,NG01,December,2025,1,1
Nigeria,Gombe,Kaltungo,NGA,NG016007,NG01,December,2025,0,0
Nigeria,Gombe,Kwami,NGA,NG016008,NG01,December,2025,0,0
Nigeria,Gombe,Nafada,NGA,NG016009,NG01,December,2025,0,0
Nigeria,Gombe,Shomgom,NGA,NG016010,NG01,December,2025,0,0
Nigeria,Gombe,Yamaltu,NGA,NG016011,NG01,December,2025,0,0
Nigeria,Imo,Aboh Mbaise,NGA,NG017001,NG01,December,2025,0,0
Nigeria,Imo,Ahiazu Mbaise,NGA,NG017002,NG01,December,2025,0,0
Nigeria,Imo,Ehime Mbano,NGA,NG017003,NG01,December,2025,0,0
Nigeria,Imo,Ezinihitte Mbaise,NGA,NG017004,NG01,December,2025,0,0
Nigeria,Imo,Ideato North,NGA,NG017005,NG01,December,2025,0,0
Nigeria,Imo,Ideato South,NGA,NG017006,NG01,December,2025,0,0
Nigeria,Imo,Ihitte Uboma,NGA,NG017007,NG01,December,2025,0,0
Nigeria,Imo,Ikeduru,NGA,NG017008,NG01,December,2025,0,0
Nigeria,Imo,Isiala Mbano,NGA,NG017009,NG01,December,2025,0,0
Nigeria,Imo,Isu,NGA,NG017010,NG01,December,2025,0,0
Nigeria,Imo,Mbaitoli,NGA,NG017011,NG01,December,2025,0,0
Nigeria,Imo,Ngor Okpala,NGA,NG017012,NG01,December,2025,2,1
Nigeria,Imo,Njaba,NGA,NG017013,NG01,December,2025,0,0
Nigeria,Imo,Nkwangele,NGA,NG017015,NG01,December,2025,0,0
Nigeria,Imo,Nkwerre,NGA,NG017014,NG01,December,2025,0,0
Nigeria,Imo,Obowo,NGA,NG017016,NG01,December,2025,0,0
Nigeria,Imo,Oguta,NGA,NG017017,NG01,December,2025,1,2
Nigeria,Imo,Ohaji,NGA,NG017018,NG01,December,2025,0,0
Nigeria,Imo,Okigwe,NGA,NG017019,NG01,December,2025,0,0
Nigeria,Imo,Onuimo,NGA,NG017027,NG01,December,2025,0,0
Nigeria,Imo,Orlu,NGA,NG017020,NG01,December,2025,0,0
Nigeria,Imo,Orsu,NGA,NG017021,NG01,December,2025,0,0
Nigeria,Imo,Oru East,NGA,NG017022,NG01,December,2025,0,0
Nigeria,Imo,Oru West,NGA,NG017023,NG01,December,2025,0,0
Nigeria,Imo,Owerri Municipal,NGA,NG017026,NG01,December,2025,1,0
Nigeria,Imo,Owerri North,NGA,NG017024,NG01,December,2025,0,0
Nigeria,Imo,Owerri West,NGA,NG017025,NG01,December,2025,1,0
Nigeria,Jigawa,Auyo,NGA,NG018001,NG01,December,2025,0,0
Nigeria,Jigawa,Babura,NGA,NG018002,NG01,December,2025,0,0
Nigeria,Jigawa,Birnin Kudu,NGA,NG018004,NG01,December,2025,0,0
Nigeria,Jigawa,Birniwa,NGA,NG018003,NG01,December,2025,0,0
Nigeria,Jigawa,Buji,NGA,NG018005,NG01,December,2025,0,0
Nigeria,Jigawa,Dutse,NGA,NG018006,NG01,December,2025,0,0
Nigeria,Jigawa,Gagarawa,NGA,NG018007,NG01,December,2025,0,0
Nigeria,Jigawa,Garki,NGA,NG018008,NG01,December,2025,0,0
Nigeria,Jigawa,Gumel,NGA,NG018009,NG01,December,2025,0,0
Nigeria,Jigawa,Guri,NGA,NG018010,NG01,December,2025,1,0
Nigeria,Jigawa,Gwaram,NGA,NG018011,NG01,December,2025,0,0
Nigeria,Jigawa,Gwiwa,NGA,NG018012,NG01,December,2025,0,0
Nigeria,Jigawa,Hadejia,NGA,NG018013,NG01,December,2025,0,0
Nigeria,Jigawa,Jahun,NGA,NG018014,NG01,December,2025,2,0
Nigeria,Jigawa,Kafin Hausa,NGA,NG018015,NG01,December,2025,0,0
Nigeria,Jigawa,Kaugama,NGA,NG018016,NG01,December,2025,0,0
Nigeria,Jigawa,Kazaure,NGA,NG018017,NG01,December,2025,0,0
Nigeria,Jigawa,Kiri-Kasamma,NGA,NG018018,NG01,December,2025,0,0
Nigeria,Jigawa,Kiyawa,NGA,NG018019,NG01,December,2025,0,0
Nigeria,Jigawa,Maigatari,NGA,NG018020,NG01,December,2025,0,0
Nigeria,Jigawa,Malam Madori,NGA,NG018021,NG01,December,2025,0,0
Nigeria,Jigawa,Miga,NGA,NG018022,NG01,December,2025,0,0
Nigeria,Jigawa,Ringim,NGA,NG018023,NG01,December,2025,0,0
Nigeria,Jigawa,Roni,NGA,NG018024,NG01,December,2025,0,0
Nigeria,Jigawa,Sule Takarkar,NGA,NG018025,NG01,December,2025,0,0
Nigeria,Jigawa,Taura,NGA,NG018026,NG01,December,2025,1,0
Nigeria,Jigawa,Yankwashi,NGA,NG018027,NG01,December,2025,0,0
Nigeria,Kaduna,Birnin Gwari,NGA,NG019001,NG01,December,2025,1,0
Nigeria,Kaduna,Chikun,NGA,NG019002,NG01,December,2025,1,2
Nigeria,Kaduna,Giwa,NGA,NG019003,NG01,December,2025,1,1
Nigeria,Kaduna,Igabi,NGA,NG019004,NG01,December,2025,0,0
Nigeria,Kaduna,Ikara,NGA,NG019005,NG01,December,2025,1,0
Nigeria,Kaduna,Jaba,NGA,NG019006,NG01,December,2025,0,0
Nigeria,Kaduna,Jema'a,NGA,NG019007,NG01,December,2025,3,6
Nigeria,Kaduna,Kachia,NGA,NG019008,NG01,December,2025,1,0
Nigeria,Kaduna,Kaduna North,NGA,NG019009,NG01,December,2025,0,0
Nigeria,Kaduna,Kaduna South,NGA,NG019010,NG01,December,2025,0,0
Nigeria,Kaduna,Kagarko,NGA,NG019011,NG01,December,2025,1,0
Nigeria,Kaduna,Kajuru,NGA,NG019014,NG01,December,2025,0,0
Nigeria,Kaduna,Kaura,NGA,NG019013,NG01,December,2025,0,0
Nigeria,Kaduna,Kauru,NGA,NG019012,NG01,December,2025,0,0
Nigeria,Kaduna,Kubau,NGA,NG019015,NG01,December,2025,1,1
Nigeria,Kaduna,Kudan,NGA,NG019016,NG01,December,2025,0,0
Nigeria,Kaduna,Lere,NGA,NG019017,NG01,December,2025,2,7
Nigeria,Kaduna,Makarfi,NGA,NG019018,NG01,December,2025,0,0
Nigeria,Kaduna,Sabon Gari,NGA,NG019019,NG01,December,2025,0,0
Nigeria,Kaduna,Sanga,NGA,NG019020,NG01,December,2025,4,1
Nigeria,Kaduna,Soba,NGA,NG019021,NG01,December,2025,0,0
Nigeria,Kaduna,Zangon Kataf,NGA,NG019022,NG01,December,2025,0,0
Nigeria,Kaduna,Zaria,NGA,NG019023,NG01,December,2025,0,0
Nigeria,Kano,Ajingi,NGA,NG020001,NG02,December,2025,0,0
Nigeria,Kano,Albasu,NGA,NG020002,NG02,December,2025,0,0
Nigeria,Kano,Bagwai,NGA,NG020003,NG02,December,2025,0,0
Nigeria,Kano,Bebeji,NGA,NG020004,NG02,December,2025,0,0
Nigeria,Kano,Bichi,NGA,NG020005,NG02,December,2025,0,0
Nigeria,Kano,Bunkure,NGA,NG020006,NG02,December,2025,0,0
Nigeria,Kano,Dala,NGA,NG020007,NG02,December,2025,0,0
Nigeria,Kano,Danbatta,NGA,NG020008,NG02,December,2025,0,0
Nigeria,Kano,Dawakin Kudu,NGA,NG020009,NG02,December,2025,1,3
Nigeria,Kano,Dawakin Tofa,NGA,NG020010,NG02,December,2025,0,0
Nigeria,Kano,Doguwa,NGA,NG020011,NG02,December,2025,0,0
Nigeria,Kano,Fagge,NGA,NG020012,NG02,December,2025,0,0
Nigeria,Kano,Gabasawa,NGA,NG020013,NG02,December,2025,0,0
Nigeria,Kano,Garko,NGA,NG020014,NG02,December,2025,0,0
Nigeria,Kano,Garun Mallam,NGA,NG020015,NG02,December,2025,0,0
Nigeria,Kano,Gaya,NGA,NG020016,NG02,December,2025,0,0
Nigeria,Kano,Gezawa,NGA,NG020017,NG02,December,2025,0,0
Nigeria,Kano,Gwale,NGA,NG020018,NG02,December,2025,0,0
Nigeria,Kano,Gwarzo,NGA,NG020019,NG02,December,2025,4,1
Nigeria,Kano,Kabo,NGA,NG020020,NG02,December,2025,0,0
Nigeria,Kano,Kano Municipal,NGA,NG020021,NG02,December,2025,0,0
Nigeria,Kano,Karaye,NGA,NG020022,NG02,December,2025,1,0
Nigeria,Kano,Kibiya,NGA,NG020023,NG02,December,2025,0,0
Nigeria,Kano,Kiru,NGA,NG020024,NG02,December,2025,0,0
Nigeria,Kano,Kumbotso,NGA,NG020025,NG02,December,2025,0,0
Nigeria,Kano,Kunchi,NGA,NG020026,NG02,December,2025,0,0
Nigeria,Kano,Kura,NGA,NG020027,NG02,December,2025,0,0
Nigeria,Kano,Madobi,NGA,NG020028,NG02,December,2025,0,0
Nigeria,Kano,Makoda,NGA,NG020029,NG02,December,2025,0,0
Nigeria,Kano,Minjibir,NGA,NG020030,NG02,December,2025,0,0
Nigeria,Kano,Nassarawa,NGA,NG020031,NG02,December,2025,1,0
Nigeria,Kano,Rano,NGA,NG020032,NG02,December,2025,0,0
Nigeria,Kano,Rimin Gado,NGA,NG020033,NG02,December,2025,0,0
Nigeria,Kano,Rogo,NGA,NG020034,NG02,December,2025,0,0
Nigeria,Kano,Shanono,NGA,NG020035,NG02,December,2025,1,10
Nigeria,Kano,Sumaila,NGA,NG020036,NG02,December,2025,0,0
Nigeria,Kano,Takai,NGA,NG020037,NG02,December,2025,0,0
Nigeria,Kano,Tarauni,NGA,NG020038,NG02,December,2025,1,1
Nigeria,Kano,Tofa,NGA,NG020039,NG02,December,2025,0,0
Nigeria,Kano,Tsanyawa,NGA,NG020040,NG02,December,2025,0,0
Nigeria,Kano,Tudun Wada,NGA,NG020041,NG02,December,2025,0,0
Nigeria,Kano,Ungogo,NGA,NG020042,NG02,December,2025,0,0
Nigeria,Kano,Warawa,NGA,NG020043,NG02,December,2025,0,0
Nigeria,Kano,Wudil,NGA,NG020044,NG02,December,2025,0,0
Nigeria,Katsina,Bakori,NGA,NG021001,NG02,December,2025,3,3
Nigeria,Katsina,Batagarawa,NGA,NG021002,NG02,December,2025,0,0
Nigeria,Katsina,Batsari,NGA,NG021003,NG02,December,2025,1,0
Nigeria,Katsina,Baure,NGA,NG021004,NG02,December,2025,0,0
Nigeria,Katsina,Bindawa,NGA,NG021005,NG02,December,2025,0,0
Nigeria,Katsina,Charanchi,NGA,NG021006,NG02,December,2025,0,0
Nigeria,Katsina,Dan-Musa,NGA,NG021007,NG02,December,2025,0,0
Nigeria,Katsina,Dandume,NGA,NG021008,NG02,December,2025,3,2
Nigeria,Katsina,Danja,NGA,NG021009,NG02,December,2025,0,0
Nigeria,Katsina,Daura,NGA,NG021010,NG02,December,2025,0,0
Nigeria,Katsina,Dutsi,NGA,NG021011,NG02,December,2025,0,0
Nigeria,Katsina,Dutsinma,NGA,NG021012,NG02,December,2025,1,1
Nigeria,Katsina,Faskari,NGA,NG021013,NG02,December,2025,8,14
Nigeria,Katsina,Funtua,NGA,NG021014,NG02,December,2025,2,3
Nigeria,Katsina,Ingawa,NGA,NG021015,NG02,December,2025,1,0
Nigeria,Katsina,Jibia,NGA,NG021016,NG02,December,2025,0,0
Nigeria,Katsina,Kafur,NGA,NG021017,NG02,December,2025,1,0
Nigeria,Katsina,Kaita,NGA,NG021018,NG02,December,2025,0,0
Nigeria,Katsina,Kankara,NGA,NG021019,NG02,December,2025,2,3
Nigeria,Katsina,Kankia,NGA,NG021020,NG02,December,2025,1,1
Nigeria,Katsina,Katsina,NGA,NG021021,NG02,December,2025,2,3
Nigeria,Katsina,Kurfi,NGA,NG021022,NG02,December,2025,1,1
Nigeria,Katsina,Kusada,NGA,NG021023,NG02,December,2025,0,0
Nigeria,Katsina,Maiadua,NGA,NG021024,NG02,December,2025,1,0
Nigeria,Katsina,Malumfashi,NGA,NG021025,NG02,December,2025,7,13
Nigeria,Katsina,Mani,NGA,NG021026,NG02,December,2025,0,0
Nigeria,Katsina,Mashi,NGA,NG021027,NG02,December,2025,0,0
Nigeria,Katsina,Matazu,NGA,NG021028,NG02,December,2025,3,2
Nigeria,Katsina,Musawa,NGA,NG021029,NG02,December,2025,1,1
Nigeria,Katsina,Rimi,NGA,NG021030,NG02,December,2025,2,1
Nigeria,Katsina,Sabuwa,NGA,NG021031,NG02,December,2025,0,0
Nigeria,Katsina,Safana,NGA,NG021032,NG02,December,2025,1,1
Nigeria,Katsina,Sandamu,NGA,NG021033,NG02,December,2025,0,0
Nigeria,Katsina,Zango,NGA,NG021034,NG02,December,2025,0,0
Nigeria,Kebbi,Alieru,NGA,NG022001,NG02,December,2025,0,0
Nigeria,Kebbi,Arewa,NGA,NG022002,NG02,December,2025,0,0
Nigeria,Kebbi,Argungu,NGA,NG022003,NG02,December,2025,0,0
Nigeria,Kebbi,Augie,NGA,NG022004,NG02,December,2025,0,0
Nigeria,Kebbi,Bagudo,NGA,NG022005,NG02,December,2025,1,0
Nigeria,Kebbi,Birnin-Kebbi,NGA,NG022006,NG02,December,2025,0,0
Nigeria,Kebbi,Bunza,NGA,NG022007,NG02,December,2025,0,0
Nigeria,Kebbi,Dandi Kamba,NGA,NG022008,NG02,December,2025,0,0
Nigeria,Kebbi,Danko,NGA,NG022019,NG02,December,2025,1,3
Nigeria,Kebbi,Fakai,NGA,NG022009,NG02,December,2025,0,0
Nigeria,Kebbi,Gwandu,NGA,NG022010,NG02,December,2025,0,0
Nigeria,Kebbi,Jega,NGA,NG022011,NG02,December,2025,0,0
Nigeria,Kebbi,Kalgo,NGA,NG022012,NG02,December,2025,0,0
Nigeria,Kebbi,Koko,NGA,NG022013,NG02,December,2025,0,0
Nigeria,Kebbi,Maiyama,NGA,NG022014,NG02,December,2025,2,7
Nigeria,Kebbi,Ngaski,NGA,NG022015,NG02,December,2025,2,22
Nigeria,Kebbi,Sakaba,NGA,NG022016,NG02,December,2025,0,0
Nigeria,Kebbi,Shanga,NGA,NG022017,NG02,December,2025,5,11
Nigeria,Kebbi,Suru,NGA,NG022018,NG02,December,2025,0,0
Nigeria,Kebbi,Yauri,NGA,NG022020,NG02,December,2025,0,0
Nigeria,Kebbi,Zuru,NGA,NG022021,NG02,December,2025,0,0
Nigeria,Kogi,Adavi,NGA,NG023001,NG02,December,2025,0,0
Nigeria,Kogi,Ajaokuta,NGA,NG023002,NG02,December,2025,0,0
Nigeria,Kogi,Ankpa,NGA,NG023003,NG02,December,2025,0,0
Nigeria,Kogi,Bassa,NGA,NG023004,NG02,December,2025,0,0
Nigeria,Kogi,Dekina,NGA,NG023005,NG02,December,2025,0,0
Nigeria,Kogi,Ibaji,NGA,NG023006,NG02,December,2025,0,0
Nigeria,Kogi,Idah,NGA,NG023007,NG02,December,2025,0,0
Nigeria,Kogi,Igalamela,NGA,NG023008,NG02,December,2025,0,0
Nigeria,Kogi,Ijumu,NGA,NG023009,NG02,December,2025,1,0
Nigeria,Kogi,Kabba,NGA,NG023010,NG02,December,2025,5,7
Nigeria,Kogi,Kogi,NGA,NG023011,NG02,December,2025,0,0
Nigeria,Kogi,Lokoja,NGA,NG023012,NG02,December,2025,0,0
Nigeria,Kogi,Mopa-Muro,NGA,NG023013,NG02,December,2025,2,3
Nigeria,Kogi,Ofu,NGA,NG023014,NG02,December,2025,1,1
Nigeria,Kogi,Ogori,NGA,NG023015,NG02,December,2025,1,0
Nigeria,Kogi,Okehi,NGA,NG023016,NG02,December,2025,0,0
Nigeria,Kogi,Okene,NGA,NG023017,NG02,December,2025,1,1
Nigeria,Kogi,Olamaboro,NGA,NG023018,NG02,December,2025,3,2
Nigeria,Kogi,Omala,NGA,NG023019,NG02,December,2025,0,0
Nigeria,Kogi,Yagba East,NGA,NG023020,NG02,December,2025,6,6
Nigeria,Kogi,Yagba West,NGA,NG023021,NG02,December,2025,7,0
Nigeria,Kwara,Asa,NGA,NG024001,NG02,December,2025,0,0
Nigeria,Kwara,Baruten,NGA,NG024002,NG02,December,2025,0,0
Nigeria,Kwara,Edu,NGA,NG024003,NG02,December,2025,0,0
Nigeria,Kwara,Ekiti,NGA,NG024004,NG02,December,2025,0,0
Nigeria,Kwara,Ifelodun,NGA,NG024005,NG02,December,2025,7,3
Nigeria,Kwara,Ilorin East,NGA,NG024006,NG02,December,2025,0,0
Nigeria,Kwara,Ilorin South,NGA,NG024007,NG02,December,2025,0,0
Nigeria,Kwara,Ilorin West,NGA,NG024008,NG02,December,2025,0,0
Nigeria,Kwara,Irepodun,NGA,NG024009,NG02,December,2025,1,0
Nigeria,Kwara,Kai Ama,NGA,NG024011,NG02,December,2025,0,0
Nigeria,Kwara,Moro,NGA,NG024012,NG02,December,2025,2,1
Nigeria,Kwara,Offa,NGA,NG024013,NG02,December,2025,1,0
Nigeria,Kwara,Oke-Ero,NGA,NG024014,NG02,December,2025,0,0
Nigeria,Kwara,Osin,NGA,NG024010,NG02,December,2025,2,0
Nigeria,Kwara,Oyun,NGA,NG024015,NG02,December,2025,0,0
Nigeria,Kwara,Pategi,NGA,NG024016,NG02,December,2025,2,0
Nigeria,Lagos,Agege,NGA,NG025001,NG02,December,2025,0,0
Nigeria,Lagos,Ajeromi,NGA,NG025002,NG02,December,2025,0,0
Nigeria,Lagos,Alimosho,NGA,NG025003,NG02,December,2025,0,0
Nigeria,Lagos,Amowo-Odofin,NGA,NG025004,NG02,December,2025,0,0
Nigeria,Lagos,Apapa,NGA,NG025005,NG02,December,2025,0,0
Nigeria,Lagos,Badagry,NGA,NG025006,NG02,December,2025,0,0
Nigeria,Lagos,Epe,NGA,NG025007,NG02,December,2025,0,0
Nigeria,Lagos,Eti-Osa,NGA,NG025008,NG02,December,2025,3,3
Nigeria,Lagos,Ibeju-Lekki,NGA,NG025009,NG02,December,2025,2,2
Nigeria,Lagos,Ifako,NGA,NG025010,NG02,December,2025,0,0
Nigeria,Lagos,Ikeja,NGA,NG025011,NG02,December,2025,0,0
Nigeria,Lagos,Ikorodu,NGA,NG025012,NG02,December,2025,2,0
Nigeria,Lagos,Kosofe,NGA,NG025013,NG02,December,2025,0,0
Nigeria,Lagos,Lagos Island,NGA,NG025014,NG02,December,2025,0,0
Nigeria,Lagos,Lagos Mainland,NGA,NG025015,NG02,December,2025,0,0
Nigeria,Lagos,Mushin,NGA,NG025016,NG02,December,2025,0,0
Nigeria,Lagos,Ojo,NGA,NG025017,NG02,December,2025,0,0
Nigeria,Lagos,Oshodi,NGA,NG025018,NG02,December,2025,0,0
Nigeria,Lagos,Somolu,NGA,NG025019,NG02,December,2025,0,0
Nigeria,Lagos,Surulere,NGA,NG025020,NG02,December,2025,0,0
Nigeria,Nassarawa,Akwanga,NGA,NG026001,NG02,December,2025,1,1
Nigeria,Nassarawa,Awe,NGA,NG026002,NG02,December,2025,0,0
Nigeria,Nassarawa,Doma,NGA,NG026003,NG02,December,2025,1,3
Nigeria,Nassarawa,Karu,NGA,NG026004,NG02,December,2025,1,0
Nigeria,Nassarawa,Keana,NGA,NG026005,NG02,December,2025,0,0
Nigeria,Nassarawa,Keffi,NGA,NG026006,NG02,December,2025,0,0
Nigeria,Nassarawa,Kokona,NGA,NG026007,NG02,December,2025,0,0
Nigeria,Nassarawa,Lafia,NGA,NG026008,NG02,December,2025,2,3
Nigeria,Nassarawa,Nasarawa,NGA,NG026009,NG02,December,2025,0,0
Nigeria,Nassarawa,Nasarawa Eggon,NGA,NG026010,NG02,December,2025,0,0
Nigeria,Nassarawa,Obi,NGA,NG026011,NG02,December,2025,1,0
Nigeria,Nassarawa,Toto,NGA,NG026012,NG02,December,2025,0,0
Nigeria,Nassarawa,Wamba,NGA,NG026013,NG02,December,2025,0,0
Nigeria,Niger,Agaie,NGA,NG027001,NG02,December,2025,0,0
Nigeria,Niger,Agwara,NGA,NG027002,NG02,December,2025,1,0
Nigeria,Niger,Bida,NGA,NG027003,NG02,December,2025,0,0
Nigeria,Niger,Borgu,NGA,NG027004,NG02,December,2025,3,40
Nigeria,Niger,Bosso,NGA,NG027005,NG02,December,2025,1,0
Nigeria,Niger,Edati,NGA,NG027017,NG02,December,2025,0,0
Nigeria,Niger,Gbako,NGA,NG027008,NG02,December,2025,0,0
Nigeria,Niger,Gurara,NGA,NG027009,NG02,December,2025,0,0
Nigeria,Niger,Katcha,NGA,NG027010,NG02,December,2025,0,0
Nigeria,Niger,Kontagora,NGA,NG027011,NG02,December,2025,0,0
Nigeria,Niger,Lapai,NGA,NG027012,NG02,December,2025,1,0
Nigeria,Niger,Lavun,NGA,NG027013,NG02,December,2025,0,0
Nigeria,Niger,Magama,NGA,NG027014,NG02,December,2025,1,3
Nigeria,Niger,Mariga,NGA,NG027015,NG02,December,2025,0,0
Nigeria,Niger,Mashegu,NGA,NG027016,NG02,December,2025,1,0
Nigeria,Niger,Minna,NGA,NG027006,NG02,December,2025,0,0
Nigeria,Niger,Mokwa,NGA,NG027017,NG02,December,2025,0,0
Nigeria,Niger,Muya,NGA,NG027018,NG02,December,2025,1,1
Nigeria,Niger,Paikoro,NGA,NG027019,NG02,December,2025,0,0
Nigeria,Niger,Rafi,NGA,NG027020,NG02,December,2025,0,0
Nigeria,Niger,Rijau,NGA,NG027021,NG02,December,2025,0,0
Nigeria,Niger,Shiroro,NGA,NG027022,NG02,December,2025,1,2
Nigeria,Niger,Suleja,NGA,NG027023,NG02,December,2025,0,0
Nigeria,Niger,Tafa,NGA,NG027024,NG02,December,2025,0,0
Nigeria,Niger,Wushishi,NGA,NG027025,NG02,December,2025,0,0
Nigeria,Ogun,Abeokuta North,NGA,NG028001,NG02,December,2025,0,0
Nigeria,Ogun,Abeokuta South,NGA,NG028002,NG02,December,2025,0,0
Nigeria,Ogun,Ado-Odo,NGA,NG028003,NG02,December,2025,0,0
Nigeria,Ogun,Egbado North,NGA,NG028004,NG02,December,2025,0,0
Nigeria,Ogun,Egbado South,NGA,NG028005,NG02,December,2025,0,0
Nigeria,Ogun,Ewekoro,NGA,NG028006,NG02,December,2025,0,0
Nigeria,Ogun,Ifo,NGA,NG028007,NG02,December,2025,0,0
Nigeria,Ogun,Ijebu East,NGA,NG028008,NG02,December,2025,0,0
Nigeria,Ogun,Ijebu North,NGA,NG028009,NG02,December,2025,0,0
Nigeria,Ogun,Ijebu North East,NGA,NG028010,NG02,December,2025,0,0
Nigeria,Ogun,Ijebu Ode,NGA,NG028010,NG02,December,2025,0,0
Nigeria,Ogun,Ikenne,NGA,NG028012,NG02,December,2025,0,0
Nigeria,Ogun,Imeko-Afon,NGA,NG028013,NG02,December,2025,0,0
Nigeria,Ogun,Ipokia,NGA,NG028014,NG02,December,2025,0,0
Nigeria,Ogun,Obafemi,NGA,NG028015,NG02,December,2025,0,0
Nigeria,Ogun,Odedah,NGA,NG028016,NG02,December,2025,0,0
Nigeria,Ogun,Odogbolu,NGA,NG028017,NG02,December,2025,0,0
Nigeria,Ogun,Ogun Waterside,NGA,NG028018,NG02,December,2025,1,0
Nigeria,Ogun,Remo North,NGA,NG028019,NG02,December,2025,0,0
Nigeria,Ogun,Shagamu,NGA,NG028020,NG02,December,2025,0,0
Nigeria,Ondo,Akoko North East,NGA,NG029001,NG02,December,2025,0,0
Nigeria,Ondo,Akoko North West,NGA,NG029002,NG02,December,2025,0,0
Nigeria,Ondo,Akoko South East,NGA,NG029003,NG02,December,2025,0,0
Nigeria,Ondo,Akoko South West,NGA,NG029004,NG02,December,2025,0,0
Nigeria,Ondo,Akure North,NGA,NG029005,NG02,December,2025,0,0
Nigeria,Ondo,Akure South,NGA,NG029006,NG02,December,2025,1,1
Nigeria,Ondo,Ese-Edo,NGA,NG029007,NG02,December,2025,0,0
Nigeria,Ondo,Idanre,NGA,NG029008,NG02,December,2025,0,0
Nigeria,Ondo,Ifedore,NGA,NG029009,NG02,December,2025,0,0
Nigeria,Ondo,Ilaje,NGA,NG029010,NG02,December,2025,0,0
Nigeria,Ondo,Ile-Oluji-Okeigbo,NGA,NG029011,NG02,December,2025,0,0
Nigeria,Ondo,Irele,NGA,NG029012,NG02,December,2025,0,0
Nigeria,Ondo,Odigbo,NGA,NG029013,NG02,December,2025,0,0
Nigeria,Ondo,Okitipupa,NGA,NG029014,NG02,December,2025,0,0
Nigeria,Ondo,Ondo East,NGA,NG029015,NG02,December,2025,0,0
Nigeria,Ondo,Ondo West,NGA,NG029016,NG02,December,2025,0,0
Nigeria,Ondo,Ose,NGA,NG029017,NG02,December,2025,0,0
Nigeria,Ondo,Owo,NGA,NG029018,NG02,December,2025,4,1
Nigeria,Osun,Aiyedade,NGA,NG030001,NG03,December,2025,0,0
Nigeria,Osun,Aiyedire,NGA,NG030002,NG03,December,2025,0,0
Nigeria,Osun,Atakumosa East,NGA,NG030003,NG03,December,2025,0,0
Nigeria,Osun,Atakumosa West,NGA,NG030004,NG03,December,2025,0,0
Nigeria,Osun,Boluwaduro,NGA,NG030005,NG03,December,2025,1,0
Nigeria,Osun,Boripe,NGA,NG030006,NG03,December,2025,0,0
Nigeria,Osun,Ede North,NGA,NG030007,NG03,December,2025,0,0
Nigeria,Osun,Ede South,NGA,NG030008,NG03,December,2025,0,0
Nigeria,Osun,Egbedore,NGA,NG030009,NG03,December,2025,0,0
Nigeria,Osun,Ejigbo,NGA,NG030010,NG03,December,2025,0,0
Nigeria,Osun,Ife Central,NGA,NG030011,NG03,December,2025,0,0
Nigeria,Osun,Ife East,NGA,NG030012,NG03,December,2025,0,0
Nigeria,Osun,Ife North,NGA,NG030013,NG03,December,2025,0,0
Nigeria,Osun,Ife South,NGA,NG030014,NG03,December,2025,0,0
Nigeria,Osun,Ifedayo,NGA,NG030015,NG03,December,2025,1,1
Nigeria,Osun,Ifelodun,NGA,NG030016,NG03,December,2025,0,0
Nigeria,Osun,Ila,NGA,NG030017,NG03,December,2025,0,0
Nigeria,Osun,Ilesha East,NGA,NG030018,NG03,December,2025,0,0
Nigeria,Osun,Ilesha West,NGA,NG030019,NG03,December,2025,0,0
Nigeria,Osun,Irepodun,NGA,NG030020,NG03,December,2025,0,0
Nigeria,Osun,Irewole,NGA,NG030021,NG03,December,2025,0,0
Nigeria,Osun,Isokan,NGA,NG030022,NG03,December,2025,0,0
Nigeria,Osun,Iwo,NGA,NG030023,NG03,December,2025,0,0
Nigeria,Osun,Obokun,NGA,NG030024,NG03,December,2025,0,0
Nigeria,Osun,Odo-Otin,NGA,NG030025,NG03,December,2025,0,0
Nigeria,Osun,Ola-Oluwa,NGA,NG030026,NG03,December,2025,0,0
Nigeria,Osun,Olorunda,NGA,NG030027,NG03,December,2025,0,0
Nigeria,Osun,Oriade,NGA,NG030028,NG03,December,2025,0,0
Nigeria,Osun,Orolu,NGA,NG030029,NG03,December,2025,0,0
Nigeria,Osun,Osogbo,NGA,NG030030,NG03,December,2025,0,0
Nigeria,Oyo,Afijio,NGA,NG031001,NG03,December,2025,0,0
Nigeria,Oyo,Akinyele,NGA,NG031002,NG03,December,2025,1,0
Nigeria,Oyo,Atiba,NGA,NG031003,NG03,December,2025,0,0
Nigeria,Oyo,Atisbo,NGA,NG031004,NG03,December,2025,0,0
Nigeria,Oyo,Egbeda,NGA,NG031005,NG03,December,2025,0,0
Nigeria,Oyo,Ibadan North,NGA,NG031006,NG03,December,2025,0,0
Nigeria,Oyo,Ibadan North East,NGA,NG031007,NG03,December,2025,0,0
Nigeria,Oyo,Ibadan North West,NGA,NG031008,NG03,December,2025,0,0
Nigeria,Oyo,Ibadan South East,NGA,NG031009,NG03,December,2025,0,0
Nigeria,Oyo,Ibadan South West,NGA,NG031010,NG03,December,2025,1,0
Nigeria,Oyo,Ibarapa Central,NGA,NG031011,NG03,December,2025,0,0
Nigeria,Oyo,Ibarapa East,NGA,NG031012,NG03,December,2025,0,0
Nigeria,Oyo,Ibarapa North,NGA,NG031013,NG03,December,2025,0,0
Nigeria,Oyo,Ido,NGA,NG031014,NG03,December,2025,0,0
Nigeria,Oyo,Irepo,NGA,NG031015,NG03,December,2025,0,0
Nigeria,Oyo,Iseyin,NGA,NG031016,NG03,December,2025,0,0
Nigeria,Oyo,Itesiwaju,NGA,NG031017,NG03,December,2025,0,0
Nigeria,Oyo,Iwajowa,NGA,NG031018,NG03,December,2025,0,0
Nigeria,Oyo,Kajola,NGA,NG031019,NG03,December,2025,0,0
Nigeria,Oyo,Lagelu,NGA,NG031020,NG03,December,2025,0,0
Nigeria,Oyo,Ogbomosho North,NGA,NG031021,NG03,December,2025,1,0
Nigeria,Oyo,Ogbomosho South,NGA,NG031022,NG03,December,2025,0,0
Nigeria,Oyo,Ogo-Oluwa,NGA,NG031023,NG03,December,2025,0,0
Nigeria,Oyo,Olorunsogo,NGA,NG031024,NG03,December,2025,0,0
Nigeria,Oyo,Oluyole,NGA,NG031025,NG03,December,2025,0,0
Nigeria,Oyo,Ona-Ara,NGA,NG031026,NG03,December,2025,0,0
Nigeria,Oyo,Orelope,NGA,NG031027,NG03,December,2025,1,3
Nigeria,Oyo,Ori Ire,NGA,NG031028,NG03,December,2025,0,0
Nigeria,Oyo,Oyo East,NGA,NG031029,NG03,December,2025,0,0
Nigeria,Oyo,Oyo West,NGA,NG031030,NG03,December,2025,0,0
Nigeria,Oyo,Saki East,NGA,NG031031,NG03,December,2025,0,0
Nigeria,Oyo,Saki West,NGA,NG031032,NG03,December,2025,0,0
Nigeria,Oyo,Surulere,NGA,NG031033,NG03,December,2025,0,0
Nigeria,Plateau,Barkin Ladi,NGA,NG032001,NG03,December,2025,4,20
Nigeria,Plateau,Bassa,NGA,NG032002,NG03,December,2025,5,3
Nigeria,Plateau,Bokkos,NGA,NG032003,NG03,December,2025,2,1
Nigeria,Plateau,Jos East,NGA,NG032004,NG03,December,2025,1,0
Nigeria,Plateau,Jos North,NGA,NG032005,NG03,December,2025,2,1
Nigeria,Plateau,Jos South,NGA,NG032006,NG03,December,2025,3,7
Nigeria,Plateau,Kanam,NGA,NG032007,NG03,December,2025,0,0
Nigeria,Plateau,Kanke,NGA,NG032008,NG03,December,2025,0,0
Nigeria,Plateau,Langtang North,NGA,NG032009,NG03,December,2025,0,0
Nigeria,Plateau,Langtang South,NGA,NG032010,NG03,December,2025,0,0
Nigeria,Plateau,Mangu,NGA,NG032011,NG03,December,2025,1,1
Nigeria,Plateau,Mikang,NGA,NG032012,NG03,December,2025,0,0
Nigeria,Plateau,Pankshin,NGA,NG032013,NG03,December,2025,0,0
Nigeria,Plateau,Quan-Pan,NGA,NG032014,NG03,December,2025,0,0
Nigeria,Plateau,Riyom,NGA,NG032015,NG03,December,2025,0,0
Nigeria,Plateau,Shendam,NGA,NG032016,NG03,December,2025,0,0
Nigeria,Plateau,Wase,NGA,NG032017,NG03,December,2025,1,0
Nigeria,Rivers,Ahoada,NGA,NG033002,NG03,December,2025,0,0
Nigeria,Rivers,Ahoada West,NGA,NG033003,NG03,December,2025,0,0
Nigeria,Rivers,Akukutoru,NGA,NG033004,NG03,December,2025,0,0
Nigeria,Rivers,Andoni,NGA,NG033005,NG03,December,2025,0,0
Nigeria,Rivers,Asaritoru,NGA,NG033006,NG03,December,2025,0,0
Nigeria,Rivers,Bonny,NGA,NG033007,NG03,December,2025,0,0
Nigeria,Rivers,Degema,NGA,NG033008,NG03,December,2025,0,0
Nigeria,Rivers,Eleme,NGA,NG033009,NG03,December,2025,0,0
Nigeria,Rivers,Emohua,NGA,NG033010,NG03,December,2025,1,0
Nigeria,Rivers,Etche,NGA,NG033011,NG03,December,2025,0,0
Nigeria,Rivers,Gonaka,NGA,NG033012,NG03,December,2025,0,0
Nigeria,Rivers,Ikwerre,NGA,NG033013,NG03,December,2025,0,0
Nigeria,Rivers,Khana,NGA,NG033014,NG03,December,2025,0,0
Nigeria,Rivers,Obio,NGA,NG033015,NG03,December,2025,0,0
Nigeria,Rivers,Obua,NGA,NG033001,NG03,December,2025,0,0
Nigeria,Rivers,Ogba,NGA,NG033016,NG03,December,2025,0,0
Nigeria,Rivers,Ogu,NGA,NG033017,NG03,December,2025,0,0
Nigeria,Rivers,Okrika,NGA,NG033018,NG03,December,2025,0,0
Nigeria,Rivers,Omumma,NGA,NG033019,NG03,December,2025,0,0
Nigeria,Rivers,Opobo,NGA,NG033020,NG03,December,2025,0,0
Nigeria,Rivers,Oyigbo,NGA,NG033021,NG03,December,2025,0,0
Nigeria,Rivers,Port Harcourt,NGA,NG033022,NG03,December,2025,0,0
Nigeria,Rivers,Tai,NGA,NG033023,NG03,December,2025,0,0
Nigeria,Sokoto,Binji,NGA,NG034001,NG03,December,2025,1,2
Nigeria,Sokoto,Bodinga,NGA,NG034002,NG03,December,2025,0,0
Nigeria,Sokoto,Dange-Shuni,NGA,NG034003,NG03,December,2025,0,0
Nigeria,Sokoto,Gada,NGA,NG034004,NG03,December,2025,0,0
Nigeria,Sokoto,Goronyo,NGA,NG034006,NG03,December,2025,1,3
Nigeria,Sokoto,Gudu,NGA,NG034007,NG03,December,2025,0,0
Nigeria,Sokoto,Gwadabawa,NGA,NG034005,NG03,December,2025,0,0
Nigeria,Sokoto,Illela,NGA,NG034008,NG03,December,2025,2,0
Nigeria,Sokoto,Isa,NGA,NG034009,NG03,December,2025,4,3
Nigeria,Sokoto,Kebbe,NGA,NG034010,NG03,December,2025,0,0
Nigeria,Sokoto,Kware,NGA,NG034011,NG03,December,2025,0,0
Nigeria,Sokoto,Rabah,NGA,NG034012,NG03,December,2025,2,8
Nigeria,Sokoto,Sabon Birni,NGA,NG034013,NG03,December,2025,14,33
Nigeria,Sokoto,Shagari,NGA,NG034014,NG03,December,2025,0,0
Nigeria,Sokoto,Silame,NGA,NG034015,NG03,December,2025,1,2
Nigeria,Sokoto,Sokoto North,NGA,NG034016,NG03,December,2025,0,0
Nigeria,Sokoto,Sokoto South,NGA,NG034017,NG03,December,2025,0,0
Nigeria,Sokoto,Tambuwal,NGA,NG034018,NG03,December,2025,1,0
Nigeria,Sokoto,Tangaza,NGA,NG034019,NG03,December,2025,8,22
Nigeria,Sokoto,Tureta,NGA,NG034020,NG03,December,2025,0,0
Nigeria,Sokoto,Wamakko,NGA,NG034021,NG03,December,2025,1,0
Nigeria,Sokoto,Wurno,NGA,NG034022,NG03,December,2025,3,6
Nigeria,Sokoto,Yabo,NGA,NG034023,NG03,December,2025,0,0
Nigeria,Taraba,Ardo Kola,NGA,NG035001,NG03,December,2025,0,0
Nigeria,Taraba,Bali,NGA,NG035002,NG03,December,2025,0,0
Nigeria,Taraba,Donga,NGA,NG035003,NG03,December,2025,0,0
Nigeria,Taraba,Gashaka,NGA,NG035004,NG03,December,2025,0,0
Nigeria,Taraba,Gassol,NGA,NG035005,NG03,December,2025,0,0
Nigeria,Taraba,Ibi,NGA,NG035006,NG03,December,2025,0,0
Nigeria,Taraba,Jalingo,NGA,NG035007,NG03,December,2025,1,0
Nigeria,Taraba,Karim Lamidu,NGA,NG035008,NG03,December,2025,1,2
Nigeria,Taraba,Kurmi,NGA,NG035009,NG03,December,2025,0,0
Nigeria,Taraba,Lau,NGA,NG035010,NG03,December,2025,1,0
Nigeria,Taraba,Sardauna,NGA,NG035011,NG03,December,2025,0,0
Nigeria,Taraba,Takum,NGA,NG035012,NG03,December,2025,7,5
Nigeria,Taraba,Ussa,NGA,NG035013,NG03,December,2025,0,0
Nigeria,Taraba,Wukari,NGA,NG035014,NG03,December,2025,1,6
Nigeria,Taraba,Yorro,NGA,NG035015,NG03,December,2025,0,0
Nigeria,Taraba,Zing,NGA,NG035016,NG03,December,2025,0,0
Nigeria,Yobe,Bade,NGA,NG036001,NG03,December,2025,1,0
Nigeria,Yobe,Bursari,NGA,NG036002,NG03,December,2025,0,0
Nigeria,Yobe,Damaturu,NGA,NG036003,NG03,December,2025,0,0
Nigeria,Yobe,Fika,NGA,NG036004,NG03,December,2025,0,0
Nigeria,Yobe,Fune,NGA,NG036005,NG03,December,2025,1,0
Nigeria,Yobe,Geidam,NGA,NG036006,NG03,December,2025,0,0
Nigeria,Yobe,Gujba,NGA,NG036007,NG03,December,2025,5,2
Nigeria,Yobe,Gulami,NGA,NG036008,NG03,December,2025,0,0
Nigeria,Yobe,Jakusko,NGA,NG036009,NG03,December,2025,0,0
Nigeria,Yobe,Karasuwa,NGA,NG036010,NG03,December,2025,0,0
Nigeria,Yobe,Machina,NGA,NG036011,NG03,December,2025,0,0
Nigeria,Yobe,Nangere,NGA,NG036012,NG03,December,2025,0,0
Nigeria,Yobe,Nguru,NGA,NG036013,NG03,December,2025,0,0
Nigeria,Yobe,Potiskum,NGA,NG036014,NG03,December,2025,0,0
Nigeria,Yobe,Tarmua,NGA,NG036015,NG03,December,2025,0,0
Nigeria,Yobe,Yunusari,NGA,NG036016,NG03,December,2025,1,1
Nigeria,Yobe,Yusufari,NGA,NG036017,NG03,December,2025,0,0
Nigeria,Zamfara,Anka,NGA,NG037001,NG03,December,2025,3,3
Nigeria,Zamfara,Bakura,NGA,NG037002,NG03,December,2025,7,5
Nigeria,Zamfara,Bukkuyum,NGA,NG037004,NG03,December,2025,8,10
Nigeria,Zamfara,Bungudu,NGA,NG037005,NG03,December,2025,4,3
Nigeria,Zamfara,Gummi,NGA,NG037006,NG03,December,2025,1,0
Nigeria,Zamfara,Gusau,NGA,NG037007,NG03,December,2025,2,2
Nigeria,Zamfara,Kaura Namoda,NGA,NG037008,NG03,December,2025,2,6
Nigeria,Zamfara,Kiyawa,NGA,NG037003,NG03,December,2025,1,2
Nigeria,Zamfara,Maradun,NGA,NG037009,NG03,December,2025,3,5
Nigeria,Zamfara,Maru,NGA,NG037010,NG03,December,2025,8,32
Nigeria,Zamfara,Shinkafi,NGA,NG037011,NG03,December,2025,1,3
Nigeria,Zamfara,Talata Mafara,NGA,NG037012,NG03,December,2025,4,13
Nigeria,Zamfara,Tsafe,NGA,NG037013,NG03,December,2025,9,29
Nigeria,Zamfara,Zurmi,NGA,NG037014,NG03,December,2025,6,4
Nigeria,Abia,Aba North,NGA,NG001001,NG00,January,2026,0,0
Nigeria,Abia,Aba South,NGA,NG001002,NG00,January,2026,0,0
Nigeria,Abia,Arochukwu,NGA,NG001003,NG00,January,2026,0,0
Nigeria,Abia,Bende,NGA,NG001004,NG00,January,2026,0,0
Nigeria,Abia,Ikwuano,NGA,NG001005,NG00,January,2026,0,0
Nigeria,Abia,Isiala Ngwa North,NGA,NG001007,NG00,January,2026,0,0
Nigeria,Abia,Isiala Ngwa South,NGA,NG001006,NG00,January,2026,0,0
Nigeria,Abia,Isuikwuato,NGA,NG001008,NG00,January,2026,1,1
Nigeria,Abia,Nneochi,NGA,NG001017,NG00,January,2026,0,0
Nigeria,Abia,Obioma Ngwa,NGA,NG001009,NG00,January,2026,0,0
Nigeria,Abia,Ohafia,NGA,NG001010,NG00,January,2026,0,0
Nigeria,Abia,Osisioma,NGA,NG001011,NG00,January,2026,0,0
Nigeria,Abia,Ugwunagbo,NGA,NG001012,NG00,January,2026,0,0
Nigeria,Abia,Ukwa East,NGA,NG001013,NG00,January,2026,0,0
Nigeria,Abia,Ukwa West,NGA,NG001014,NG00,January,2026,0,0
Nigeria,Abia,Umuahia North,NGA,NG001015,NG00,January,2026,1,1
Nigeria,Abia,Umuahia South,NGA,NG001016,NG00,January,2026,0,0
Nigeria,Adamawa,Demsa,NGA,NG002001,NG00,January,2026,0,0
Nigeria,Adamawa,Fufore,NGA,NG002002,NG00,January,2026,0,0
Nigeria,Adamawa,Ganye,NGA,NG002003,NG00,January,2026,0,0
Nigeria,Adamawa,Girei,NGA,NG002005,NG00,January,2026,0,0
Nigeria,Adamawa,Gombi,NGA,NG002004,NG00,January,2026,0,0
Nigeria,Adamawa,Guyuk,NGA,NG002006,NG00,January,2026,0,0
Nigeria,Adamawa,Hong,NGA,NG002007,NG00,January,2026,4,3
Nigeria,Adamawa,Jada,NGA,NG002008,NG00,January,2026,0,0
Nigeria,Adamawa,Lamurde,NGA,NG002009,NG00,January,2026,2,6
Nigeria,Adamawa,Madagali,NGA,NG002010,NG00,January,2026,5,2
Nigeria,Adamawa,Maiha,NGA,NG002011,NG00,January,2026,0,0
Nigeria,Adamawa,Mayo-Belwa,NGA,NG002012,NG00,January,2026,0,0
Nigeria,Adamawa,Michika,NGA,NG002013,NG00,January,2026,0,0
Nigeria,Adamawa,Mubi North,NGA,NG002014,NG00,January,2026,1,1
Nigeria,Adamawa,Mubi South,NGA,NG002015,NG00,January,2026,0,0
Nigeria,Adamawa,Numan,NGA,NG002016,NG00,January,2026,1,3
Nigeria,Adamawa,Shelleng,NGA,NG002017,NG00,January,2026,0,0
Nigeria,Adamawa,Song,NGA,NG002018,NG00,January,2026,0,0
Nigeria,Adamawa,Toungo,NGA,NG002019,NG00,January,2026,1,1
Nigeria,Adamawa,Yola-North,NGA,NG002021,NG00,January,2026,0,0
Nigeria,Adamawa,Yola-South,NGA,NG002020,NG00,January,2026,0,0
Nigeria,Akwa Ibom,Abak,NGA,NG003001,NG00,January,2026,0,0
Nigeria,Akwa Ibom,Eastern Obolo,NGA,NG003002,NG00,January,2026,0,0
Nigeria,Akwa Ibom,Eket,NGA,NG003003,NG00,January,2026,0,0
Nigeria,Akwa Ibom,Ekpe Atai,NGA,NG003004,NG00,January,2026,0,0
Nigeria,Akwa Ibom,Essien Udim,NGA,NG003005,NG00,January,2026,0,0
Nigeria,Akwa Ibom,Etim Ekpo,NGA,NG003006,NG00,January,2026,0,0
Nigeria,Akwa Ibom,Etinan,NGA,NG003007,NG00,January,2026,0,0
Nigeria,Akwa Ibom,Ibeno,NGA,NG003008,NG00,January,2026,0,0
Nigeria,Akwa Ibom,Ibesikpo Asutan,NGA,NG003009,NG00,January,2026,0,0
Nigeria,Akwa Ibom,Ibiono Ibom,NGA,NG003010,NG00,January,2026,0,0
Nigeria,Akwa Ibom,Ika,NGA,NG003011,NG00,January,2026,0,0
Nigeria,Akwa Ibom,Ikono,NGA,NG003012,NG00,January,2026,0,0
Nigeria,Akwa Ibom,Ikot Abasi,NGA,NG003013,NG00,January,2026,0,0
Nigeria,Akwa Ibom,Ikot Ekpene,NGA,NG003014,NG00,January,2026,0,0
Nigeria,Akwa Ibom,Ini,NGA,NG003015,NG00,January,2026,0,0
Nigeria,Akwa Ibom,Itu,NGA,NG003016,NG00,January,2026,0,0
Nigeria,Akwa Ibom,Mbo,NGA,NG003017,NG00,January,2026,0,0
Nigeria,Akwa Ibom,Mkpat Enin,NGA,NG003018,NG00,January,2026,0,0
Nigeria,Akwa Ibom,Nsit Ibom,NGA,NG003020,NG00,January,2026,0,0
Nigeria,Akwa Ibom,Nsit Ubium,NGA,NG003021,NG00,January,2026,0,0
Nigeria,Akwa Ibom,Obat Akara,NGA,NG003022,NG00,January,2026,0,0
Nigeria,Akwa Ibom,Okobo,NGA,NG003023,NG00,January,2026,0,0
Nigeria,Akwa Ibom,Onna,NGA,NG003024,NG00,January,2026,0,0
Nigeria,Akwa Ibom,Oron,NGA,NG003025,NG00,January,2026,0,0
Nigeria,Akwa Ibom,Oruk Anam,NGA,NG003026,NG00,January,2026,0,0
Nigeria,Akwa Ibom,Udung Uko,NGA,NG003027,NG00,January,2026,0,0
Nigeria,Akwa Ibom,Ukanafun,NGA,NG003028,NG00,January,2026,0,0
Nigeria,Akwa Ibom,Uruan,NGA,NG003029,NG00,January,2026,0,0
Nigeria,Akwa Ibom,Urue Offong,NGA,NG003030,NG00,January,2026,0,0
Nigeria,Akwa Ibom,Uyo,NGA,NG003031,NG00,January,2026,0,0
Nigeria,Anambra,Aguata,NGA,NG004001,NG00,January,2026,0,0
Nigeria,Anambra,Anambra East,NGA,NG004002,NG00,January,2026,0,0
Nigeria,Anambra,Anambra West,NGA,NG004003,NG00,January,2026,0,0
Nigeria,Anambra,Aniocha,NGA,NG004004,NG00,January,2026,0,0
Nigeria,Anambra,Awka North,NGA,NG004005,NG00,January,2026,0,0
Nigeria,Anambra,Awka South,NGA,NG004006,NG00,January,2026,0,0
Nigeria,Anambra,Ayamelum,NGA,NG004007,NG00,January,2026,0,0
Nigeria,Anambra,Dunukofia,NGA,NG004008,NG00,January,2026,0,0
Nigeria,Anambra,Ekwusigwo,NGA,NG004009,NG00,January,2026,0,0
Nigeria,Anambra,Idemili North,NGA,NG004010,NG00,January,2026,0,0
Nigeria,Anambra,Idemili South,NGA,NG004011,NG00,January,2026,0,0
Nigeria,Anambra,Ihiala,NGA,NG004012,NG00,January,2026,0,0
Nigeria,Anambra,Njikoka,NGA,NG004013,NG00,January,2026,1,2
Nigeria,Anambra,Nnewi North,NGA,NG004014,NG00,January,2026,0,0
Nigeria,Anambra,Nnewi South,NGA,NG004015,NG00,January,2026,0,0
Nigeria,Anambra,Ogbaru,NGA,NG004016,NG00,January,2026,0,0
Nigeria,Anambra,Onisha North,NGA,NG004017,NG00,January,2026,0,0
Nigeria,Anambra,Onisha South,NGA,NG004018,NG00,January,2026,0,0
Nigeria,Anambra,Orumba North,NGA,NG004019,NG00,January,2026,0,0
Nigeria,Anambra,Orumba South,NGA,NG004020,NG00,January,2026,0,0
Nigeria,Anambra,Oyi,NGA,NG004021,NG00,January,2026,0,0
Nigeria,Bauchi,Alkaleri,NGA,NG005001,NG00,January,2026,0,0
Nigeria,Bauchi,Bauchi,NGA,NG005002,NG00,January,2026,0,0
Nigeria,Bauchi,Bogoro,NGA,NG005003,NG00,January,2026,0,0
Nigeria,Bauchi,Damban,NGA,NG005004,NG00,January,2026,0,0
Nigeria,Bauchi,Darazo,NGA,NG005005,NG00,January,2026,1,1
Nigeria,Bauchi,Dass,NGA,NG005006,NG00,January,2026,0,0
Nigeria,Bauchi,Gamawa,NGA,NG005007,NG00,January,2026,0,0
Nigeria,Bauchi,Ganjuwa,NGA,NG005008,NG00,January,2026,0,0
Nigeria,Bauchi,Giade,NGA,NG005009,NG00,January,2026,0,0
Nigeria,Bauchi,Itas-Gadau,NGA,NG005010,NG00,January,2026,0,0
Nigeria,Bauchi,Jamaare,NGA,NG005011,NG00,January,2026,0,0
Nigeria,Bauchi,Katagum,NGA,NG005012,NG00,January,2026,0,0
Nigeria,Bauchi,Kirfi,NGA,NG005013,NG00,January,2026,1,1
Nigeria,Bauchi,Misau,NGA,NG005014,NG00,January,2026,0,0
Nigeria,Bauchi,Ningi,NGA,NG005015,NG00,January,2026,0,0
Nigeria,Bauchi,Shira,NGA,NG005016,NG00,January,2026,0,0
Nigeria,Bauchi,Tafawa Balewa,NGA,NG005017,NG00,January,2026,1,0
Nigeria,Bauchi,Toro,NGA,NG005018,NG00,January,2026,2,0
Nigeria,Bauchi,Warji,NGA,NG005019,NG00,January,2026,0,0
Nigeria,Bauchi,Zaki,NGA,NG005020,NG00,January,2026,0,0
Nigeria,Bayelsa,Brass,NGA,NG006001,NG00,January,2026,0,0
Nigeria,Bayelsa,Ekermor,NGA,NG006002,NG00,January,2026,0,0
Nigeria,Bayelsa,Kolokuma,NGA,NG006003,NG00,January,2026,0,0
Nigeria,Bayelsa,Nembe,NGA,NG006004,NG00,January,2026,0,0
Nigeria,Bayelsa,Ogbia,NGA,NG006005,NG00,January,2026,0,0
Nigeria,Bayelsa,Sagbama,NGA,NG006006,NG00,January,2026,0,0
Nigeria,Bayelsa,Southern Ijaw,NGA,NG006007,NG00,January,2026,0,0
Nigeria,Bayelsa,Yenagoa,NGA,NG006008,NG00,January,2026,3,2
Nigeria,Benue,Ado,NGA,NG007001,NG00,January,2026,3,0
Nigeria,Benue,Agatu,NGA,NG007002,NG00,January,2026,1,0
Nigeria,Benue,Apa,NGA,NG007003,NG00,January,2026,8,10
Nigeria,Benue,Buruku,NGA,NG007004,NG00,January,2026,3,7
Nigeria,Benue,Gboko,NGA,NG007005,NG00,January,2026,1,2
Nigeria,Benue,Guma,NGA,NG007006,NG00,January,2026,3,4
Nigeria,Benue,Gwer East,NGA,NG007007,NG00,January,2026,0,0
Nigeria,Benue,Gwer West,NGA,NG007008,NG00,January,2026,3,6
Nigeria,Benue,Katsina Ala,NGA,NG007009,NG00,January,2026,2,2
Nigeria,Benue,Konshisha,NGA,NG007010,NG00,January,2026,0,0
Nigeria,Benue,Kwande,NGA,NG007011,NG00,January,2026,6,11
Nigeria,Benue,Logo,NGA,NG007012,NG00,January,2026,0,0
Nigeria,Benue,Makurdi,NGA,NG007013,NG00,January,2026,4,4
Nigeria,Benue,Obi,NGA,NG007014,NG00,January,2026,0,0
Nigeria,Benue,Ogbadibo,NGA,NG007015,NG00,January,2026,1,4
Nigeria,Benue,Ohimini,NGA,NG007016,NG00,January,2026,1,2
Nigeria,Benue,Oju,NGA,NG007017,NG00,January,2026,0,0
Nigeria,Benue,Okpokwu,NGA,NG007018,NG00,January,2026,0,0
Nigeria,Benue,Otukpo,NGA,NG007019,NG00,January,2026,8,11
Nigeria,Benue,Tarka,NGA,NG007020,NG00,January,2026,1,1
Nigeria,Benue,Ukum,NGA,NG007021,NG00,January,2026,3,1
Nigeria,Benue,Ushongo,NGA,NG007022,NG00,January,2026,0,0
Nigeria,Benue,Vandeikya,NGA,NG007023,NG00,January,2026,0,0
Nigeria,Borno,Abadan,NGA,NG008001,NG00,January,2026,1,12
Nigeria,Borno,Askira Uba,NGA,NG008002,NG00,January,2026,2,3
Nigeria,Borno,Bama,NGA,NG008003,NG00,January,2026,4,20
Nigeria,Borno,Bayo,NGA,NG008004,NG00,January,2026,0,0
Nigeria,Borno,Biu,NGA,NG008005,NG00,January,2026,7,22
Nigeria,Borno,Chibok,NGA,NG008006,NG00,January,2026,1,1
Nigeria,Borno,Damboa,NGA,NG008007,NG00,January,2026,21,134
Nigeria,Borno,Dikwa,NGA,NG008008,NG00,January,2026,0,0
Nigeria,Borno,Gubio,NGA,NG008009,NG00,January,2026,3,9
Nigeria,Borno,Guzamala,NGA,NG008010,NG00,January,2026,2,21
Nigeria,Borno,Gwoza,NGA,NG008011,NG00,January,2026,18,80
Nigeria,Borno,Hawul,NGA,NG008012,NG00,January,2026,5,16
Nigeria,Borno,Jere,NGA,NG008013,NG00,January,2026,2,1
Nigeria,Borno,Kaga,NGA,NG008014,NG00,January,2026,2,21
Nigeria,Borno,Kala Balge,NGA,NG008015,NG00,January,2026,0,0
Nigeria,Borno,Konduga,NGA,NG008016,NG00,January,2026,9,29
Nigeria,Borno,Kukawa,NGA,NG008017,NG00,January,2026,5,23
Nigeria,Borno,Kwaya Kusar,NGA,NG008018,NG00,January,2026,0,0
Nigeria,Borno,Mafa,NGA,NG008019,NG00,January,2026,3,2
Nigeria,Borno,Magumeri,NGA,NG008020,NG00,January,2026,4,8
Nigeria,Borno,Maiduguri Metro,NGA,NG008021,NG00,January,2026,0,0
Nigeria,Borno,Marte,NGA,NG008022,NG00,January,2026,0,0
Nigeria,Borno,Mobbar,NGA,NG008023,NG00,January,2026,7,22
Nigeria,Borno,Monguno,NGA,NG008024,NG00,January,2026,0,0
Nigeria,Borno,Ngala,NGA,NG008025,NG00,January,2026,2,3
Nigeria,Borno,Nganzai,NGA,NG008026,NG00,January,2026,4,10
Nigeria,Borno,Shani,NGA,NG008027,NG00,January,2026,1,0
Nigeria,Cross River,Abi,NGA,NG009001,NG00,January,2026,0,0
Nigeria,Cross River,Akamkpa,NGA,NG009002,NG00,January,2026,0,0
Nigeria,Cross River,Akpabuyo,NGA,NG009003,NG00,January,2026,1,0
Nigeria,Cross River,Bekwara,NGA,NG009006,NG00,January,2026,0,0
Nigeria,Cross River,Biase,NGA,NG009007,NG00,January,2026,0,0
Nigeria,Cross River,Boki,NGA,NG009008,NG00,January,2026,0,0
Nigeria,Cross River,Calabar Municipal,NGA,NG009010,NG00,January,2026,2,1
Nigeria,Cross River,Calabar South,NGA,NG009009,NG00,January,2026,0,0
Nigeria,Cross River,Etung,NGA,NG009011,NG00,January,2026,0,0
Nigeria,Cross River,Ikom,NGA,NG009012,NG00,January,2026,0,0
Nigeria,Cross River,Obanliku,NGA,NG009013,NG00,January,2026,0,0
Nigeria,Cross River,Obubra,NGA,NG009014,NG00,January,2026,0,0
Nigeria,Cross River,Obudu,NGA,NG009015,NG00,January,2026,0,0
Nigeria,Cross River,Odukpani,NGA,NG009016,NG00,January,2026,0,0
Nigeria,Cross River,Ogaja,NGA,NG009017,NG00,January,2026,0,0
Nigeria,Cross River,Yakurr,NGA,NG009018,NG00,January,2026,0,0
Nigeria,Cross River,Yala,NGA,NG009019,NG00,January,2026,0,0
Nigeria,Delta,Aniocha North,NGA,NG010001,NG01,January,2026,0,0
Nigeria,Delta,Aniocha South,NGA,NG010002,NG01,January,2026,0,0
Nigeria,Delta,Bomadi,NGA,NG010003,NG01,January,2026,0,0
Nigeria,Delta,Burutu,NGA,NG010004,NG01,January,2026,0,0
Nigeria,Delta,Ethiope East,NGA,NG010005,NG01,January,2026,0,0
Nigeria,Delta,Ethiope West,NGA,NG010006,NG01,January,2026,0,0
Nigeria,Delta,Ika North East,NGA,NG010007,NG01,January,2026,0,0
Nigeria,Delta,Ika South,NGA,NG010008,NG01,January,2026,0,0
Nigeria,Delta,Isoko North,NGA,NG010009,NG01,January,2026,0,0
Nigeria,Delta,Isoko South,NGA,NG010010,NG01,January,2026,0,0
Nigeria,Delta,Ndokwa East,NGA,NG010011,NG01,January,2026,0,0
Nigeria,Delta,Ndokwa West,NGA,NG010012,NG01,January,2026,0,0
Nigeria,Delta,Okpe,NGA,NG010013,NG01,January,2026,0,0
Nigeria,Delta,Oshimili North,NGA,NG010014,NG01,January,2026,0,0
Nigeria,Delta,Oshimili South,NGA,NG010015,NG01,January,2026,0,0
Nigeria,Delta,Patani,NGA,NG010016,NG01,January,2026,0,0
Nigeria,Delta,Sapele,NGA,NG010017,NG01,January,2026,0,0
Nigeria,Delta,Udu,NGA,NG010018,NG01,January,2026,0,0
Nigeria,Delta,Ughelli North,NGA,NG010019,NG01,January,2026,3,2
Nigeria,Delta,Ughelli South,NGA,NG010020,NG01,January,2026,0,0
Nigeria,Delta,Ukwuani,NGA,NG010021,NG01,January,2026,0,0
Nigeria,Delta,Uvwie,NGA,NG010022,NG01,January,2026,0,0
Nigeria,Delta,Warri North,NGA,NG010023,NG01,January,2026,0,0
Nigeria,Delta,Warri South,NGA,NG010024,NG01,January,2026,0,0
Nigeria,Delta,Warri South-West,NGA,NG010025,NG01,January,2026,0,0
Nigeria,Ebonyi,Abakaliki,NGA,NG011001,NG01,January,2026,0,0
Nigeria,Ebonyi,Afikpo North,NGA,NG011002,NG01,January,2026,0,0
Nigeria,Ebonyi,Afikpo South,NGA,NG011003,NG01,January,2026,1,4
Nigeria,Ebonyi,Ebonyi,NGA,NG011004,NG01,January,2026,0,0
Nigeria,Ebonyi,Ezza North,NGA,NG011005,NG01,January,2026,0,0
Nigeria,Ebonyi,Ezza South,NGA,NG011006,NG01,January,2026,0,0
Nigeria,Ebonyi,Ikwo,NGA,NG011007,NG01,January,2026,0,0
Nigeria,Ebonyi,Ishielu,NGA,NG011008,NG01,January,2026,0,0
Nigeria,Ebonyi,Ivo,NGA,NG011009,NG01,January,2026,0,0
Nigeria,Ebonyi,Izzi,NGA,NG011010,NG01,January,2026,0,0
Nigeria,Ebonyi,Ohaozara,NGA,NG011011,NG01,January,2026,0,0
Nigeria,Ebonyi,Ohaukwu,NGA,NG011012,NG01,January,2026,0,0
Nigeria,Ebonyi,Onicha,NGA,NG011013,NG01,January,2026,0,0
Nigeria,Edo,Akoko Edo,NGA,NG012001,NG01,January,2026,2,0
Nigeria,Edo,Egor,NGA,NG012002,NG01,January,2026,0,0
Nigeria,Edo,Esan Central,NGA,NG012003,NG01,January,2026,0,0
Nigeria,Edo,Esan North East,NGA,NG012004,NG01,January,2026,1,0
Nigeria,Edo,Esan South East,NGA,NG012005,NG01,January,2026,1,0
Nigeria,Edo,Esan West,NGA,NG012006,NG01,January,2026,3,0
Nigeria,Edo,Etsako Central,NGA,NG012007,NG01,January,2026,0,0
Nigeria,Edo,Etsako East,NGA,NG012008,NG01,January,2026,1,0
Nigeria,Edo,Etsako West,NGA,NG012009,NG01,January,2026,1,1
Nigeria,Edo,Igueben,NGA,NG012010,NG01,January,2026,0,0
Nigeria,Edo,Ikpoba Okha,NGA,NG012011,NG01,January,2026,0,0
Nigeria,Edo,Oredo,NGA,NG012012,NG01,January,2026,0,0
Nigeria,Edo,Orhionwon,NGA,NG012013,NG01,January,2026,0,0
Nigeria,Edo,Ovia North East,NGA,NG012014,NG01,January,2026,0,0
Nigeria,Edo,Ovia South West,NGA,NG012015,NG01,January,2026,1,0
Nigeria,Edo,Owan East,NGA,NG012016,NG01,January,2026,0,0
Nigeria,Edo,Owan West,NGA,NG012017,NG01,January,2026,0,0
Nigeria,Edo,Uhunmwode,NGA,NG012018,NG01,January,2026,0,0
Nigeria,Ekiti,Ado Ekiti,NGA,NG013001,NG01,January,2026,0,0
Nigeria,Ekiti,Aiyekire,NGA,NG013002,NG01,January,2026,0,0
Nigeria,Ekiti,Efon,NGA,NG013003,NG01,January,2026,0,0
Nigeria,Ekiti,Ekiti East,NGA,NG013004,NG01,January,2026,0,0
Nigeria,Ekiti,Ekiti South West,NGA,NG013005,NG01,January,2026,0,0
Nigeria,Ekiti,Ekiti West,NGA,NG013006,NG01,January,2026,0,0
Nigeria,Ekiti,Emure,NGA,NG013007,NG01,January,2026,0,0
Nigeria,Ekiti,Ido-Osi,NGA,NG013008,NG01,January,2026,0,0
Nigeria,Ekiti,Ijero,NGA,NG013009,NG01,January,2026,0,0
Nigeria,Ekiti,Ikere,NGA,NG013010,NG01,January,2026,0,0
Nigeria,Ekiti,Ikole,NGA,NG013011,NG01,January,2026,0,0
Nigeria,Ekiti,Ilejemeji,NGA,NG013012,NG01,January,2026,0,0
Nigeria,Ekiti,Irepodun,NGA,NG013013,NG01,January,2026,0,0
Nigeria,Ekiti,Ise,NGA,NG013014,NG01,January,2026,0,0
Nigeria,Ekiti,Moba,NGA,NG013015,NG01,January,2026,1,0
Nigeria,Ekiti,Oye,NGA,NG013016,NG01,January,2026,0,0
Nigeria,Enugu,Agwu,NGA,NG014002,NG01,January,2026,0,0
Nigeria,Enugu,Aninri,NGA,NG014001,NG01,January,2026,0,0
Nigeria,Enugu,Enugu East,NGA,NG014003,NG01,January,2026,0,0
Nigeria,Enugu,Enugu North,NGA,NG014004,NG01,January,2026,2,3
Nigeria,Enugu,Enugu South,NGA,NG014005,NG01,January,2026,0,0
Nigeria,Enugu,Ezeagu,NGA,NG014006,NG01,January,2026,0,0
Nigeria,Enugu,Igbo Etiti,NGA,NG014007,NG01,January,2026,0,0
Nigeria,Enugu,Igbo Eze North,NGA,NG014008,NG01,January,2026,0,0
Nigeria,Enugu,Igbo Eze South,NGA,NG014009,NG01,January,2026,0,0
Nigeria,Enugu,Isi Uzo,NGA,NG014010,NG01,January,2026,0,0
Nigeria,Enugu,Nkanu East,NGA,NG014011,NG01,January,2026,0,0
Nigeria,Enugu,Nkanu West,NGA,NG014012,NG01,January,2026,0,0
Nigeria,Enugu,Nsukka,NGA,NG014013,NG01,January,2026,2,2
Nigeria,Enugu,Oji River,NGA,NG014014,NG01,January,2026,0,0
Nigeria,Enugu,Udenu,NGA,NG014015,NG01,January,2026,2,0
Nigeria,Enugu,Udi,NGA,NG014016,NG01,January,2026,0,0
Nigeria,Enugu,Uzo Uwani,NGA,NG014017,NG01,January,2026,0,0
Nigeria,Federal Capital Territory,Abaji,NGA,NG015001,NG01,January,2026,0,0
Nigeria,Federal Capital Territory,Abuja Municipal,NGA,NG015002,NG01,January,2026,4,1
Nigeria,Federal Capital Territory,Bwari,NGA,NG015003,NG01,January,2026,1,3
Nigeria,Federal Capital Territory,Gwagwalada,NGA,NG015004,NG01,January,2026,0,0
Nigeria,Federal Capital Territory,Kuje,NGA,NG015005,NG01,January,2026,0,0
Nigeria,Federal Capital Territory,Kwali,NGA,NG015006,NG01,January,2026,0,0
Nigeria,Gombe,Akko,NGA,NG016001,NG01,January,2026,7,5
Nigeria,Gombe,Balanga,NGA,NG016002,NG01,January,2026,0,0
Nigeria,Gombe,Billiri,NGA,NG016003,NG01,January,2026,0,0
Nigeria,Gombe,Dukku,NGA,NG016004,NG01,January,2026,0,0
Nigeria,Gombe,Funakaye,NGA,NG016005,NG01,January,2026,1,0
Nigeria,Gombe,Gombe,NGA,NG016006,NG01,January,2026,0,0
Nigeria,Gombe,Kaltungo,NGA,NG016007,NG01,January,2026,0,0
Nigeria,Gombe,Kwami,NGA,NG016008,NG01,January,2026,0,0
Nigeria,Gombe,Nafada,NGA,NG016009,NG01,January,2026,0,0
Nigeria,Gombe,Shomgom,NGA,NG016010,NG01,January,2026,1,0
Nigeria,Gombe,Yamaltu,NGA,NG016011,NG01,January,2026,0,0
Nigeria,Imo,Aboh Mbaise,NGA,NG017001,NG01,January,2026,0,0
Nigeria,Imo,Ahiazu Mbaise,NGA,NG017002,NG01,January,2026,0,0
Nigeria,Imo,Ehime Mbano,NGA,NG017003,NG01,January,2026,0,0
Nigeria,Imo,Ezinihitte Mbaise,NGA,NG017004,NG01,January,2026,0,0
Nigeria,Imo,Ideato North,NGA,NG017005,NG01,January,2026,0,0
Nigeria,Imo,Ideato South,NGA,NG017006,NG01,January,2026,0,0
Nigeria,Imo,Ihitte Uboma,NGA,NG017007,NG01,January,2026,0,0
Nigeria,Imo,Ikeduru,NGA,NG017008,NG01,January,2026,0,0
Nigeria,Imo,Isiala Mbano,NGA,NG017009,NG01,January,2026,0,0
Nigeria,Imo,Isu,NGA,NG017010,NG01,January,2026,0,0
Nigeria,Imo,Mbaitoli,NGA,NG017011,NG01,January,2026,0,0
Nigeria,Imo,Ngor Okpala,NGA,NG017012,NG01,January,2026,0,0
Nigeria,Imo,Njaba,NGA,NG017013,NG01,January,2026,0,0
Nigeria,Imo,Nkwangele,NGA,NG017015,NG01,January,2026,0,0
Nigeria,Imo,Nkwerre,NGA,NG017014,NG01,January,2026,0,0
Nigeria,Imo,Obowo,NGA,NG017016,NG01,January,2026,0,0
Nigeria,Imo,Oguta,NGA,NG017017,NG01,January,2026,0,0
Nigeria,Imo,Ohaji,NGA,NG017018,NG01,January,2026,0,0
Nigeria,Imo,Okigwe,NGA,NG017019,NG01,January,2026,0,0
Nigeria,Imo,Onuimo,NGA,NG017027,NG01,January,2026,0,0
Nigeria,Imo,Orlu,NGA,NG017020,NG01,January,2026,0,0
Nigeria,Imo,Orsu,NGA,NG017021,NG01,January,2026,0,0
Nigeria,Imo,Oru East,NGA,NG017022,NG01,January,2026,0,0
Nigeria,Imo,Oru West,NGA,NG017023,NG01,January,2026,0,0
Nigeria,Imo,Owerri Municipal,NGA,NG017026,NG01,January,2026,0,0
Nigeria,Imo,Owerri North,NGA,NG017024,NG01,January,2026,0,0
Nigeria,Imo,Owerri West,NGA,NG017025,NG01,January,2026,0,0
Nigeria,Jigawa,Auyo,NGA,NG018001,NG01,January,2026,0,0
Nigeria,Jigawa,Babura,NGA,NG018002,NG01,January,2026,0,0
Nigeria,Jigawa,Birnin Kudu,NGA,NG018004,NG01,January,2026,0,0
Nigeria,Jigawa,Birniwa,NGA,NG018003,NG01,January,2026,0,0
Nigeria,Jigawa,Buji,NGA,NG018005,NG01,January,2026,0,0
Nigeria,Jigawa,Dutse,NGA,NG018006,NG01,January,2026,0,0
Nigeria,Jigawa,Gagarawa,NGA,NG018007,NG01,January,2026,0,0
Nigeria,Jigawa,Garki,NGA,NG018008,NG01,January,2026,0,0
Nigeria,Jigawa,Gumel,NGA,NG018009,NG01,January,2026,0,0
Nigeria,Jigawa,Guri,NGA,NG018010,NG01,January,2026,0,0
Nigeria,Jigawa,Gwaram,NGA,NG018011,NG01,January,2026,0,0
Nigeria,Jigawa,Gwiwa,NGA,NG018012,NG01,January,2026,0,0
Nigeria,Jigawa,Hadejia,NGA,NG018013,NG01,January,2026,0,0
Nigeria,Jigawa,Jahun,NGA,NG018014,NG01,January,2026,0,0
Nigeria,Jigawa,Kafin Hausa,NGA,NG018015,NG01,January,2026,0,0
Nigeria,Jigawa,Kaugama,NGA,NG018016,NG01,January,2026,0,0
Nigeria,Jigawa,Kazaure,NGA,NG018017,NG01,January,2026,0,0
Nigeria,Jigawa,Kiri-Kasamma,NGA,NG018018,NG01,January,2026,0,0
Nigeria,Jigawa,Kiyawa,NGA,NG018019,NG01,January,2026,0,0
Nigeria,Jigawa,Maigatari,NGA,NG018020,NG01,January,2026,0,0
Nigeria,Jigawa,Malam Madori,NGA,NG018021,NG01,January,2026,0,0
Nigeria,Jigawa,Miga,NGA,NG018022,NG01,January,2026,0,0
Nigeria,Jigawa,Ringim,NGA,NG018023,NG01,January,2026,0,0
Nigeria,Jigawa,Roni,NGA,NG018024,NG01,January,2026,0,0
Nigeria,Jigawa,Sule Takarkar,NGA,NG018025,NG01,January,2026,0,0
Nigeria,Jigawa,Taura,NGA,NG018026,NG01,January,2026,0,0
Nigeria,Jigawa,Yankwashi,NGA,NG018027,NG01,January,2026,0,0
Nigeria,Kaduna,Birnin Gwari,NGA,NG019001,NG01,January,2026,1,1
Nigeria,Kaduna,Chikun,NGA,NG019002,NG01,January,2026,7,1
Nigeria,Kaduna,Giwa,NGA,NG019003,NG01,January,2026,1,2
Nigeria,Kaduna,Igabi,NGA,NG019004,NG01,January,2026,1,0
Nigeria,Kaduna,Ikara,NGA,NG019005,NG01,January,2026,0,0
Nigeria,Kaduna,Jaba,NGA,NG019006,NG01,January,2026,0,0
Nigeria,Kaduna,Jema'a,NGA,NG019007,NG01,January,2026,2,2
Nigeria,Kaduna,Kachia,NGA,NG019008,NG01,January,2026,1,6
Nigeria,Kaduna,Kaduna North,NGA,NG019009,NG01,January,2026,1,1
Nigeria,Kaduna,Kaduna South,NGA,NG019010,NG01,January,2026,0,0
Nigeria,Kaduna,Kagarko,NGA,NG019011,NG01,January,2026,1,1
Nigeria,Kaduna,Kajuru,NGA,NG019014,NG01,January,2026,6,1
Nigeria,Kaduna,Kaura,NGA,NG019013,NG01,January,2026,3,7
Nigeria,Kaduna,Kauru,NGA,NG019012,NG01,January,2026,11,90
Nigeria,Kaduna,Kubau,NGA,NG019015,NG01,January,2026,0,0
Nigeria,Kaduna,Kudan,NGA,NG019016,NG01,January,2026,0,0
Nigeria,Kaduna,Lere,NGA,NG019017,NG01,January,2026,1,0
Nigeria,Kaduna,Makarfi,NGA,NG019018,NG01,January,2026,0,0
Nigeria,Kaduna,Sabon Gari,NGA,NG019019,NG01,January,2026,0,0
Nigeria,Kaduna,Sanga,NGA,NG019020,NG01,January,2026,0,0
Nigeria,Kaduna,Soba,NGA,NG019021,NG01,January,2026,0,0
Nigeria,Kaduna,Zangon Kataf,NGA,NG019022,NG01,January,2026,0,0
Nigeria,Kaduna,Zaria,NGA,NG019023,NG01,January,2026,0,0
Nigeria,Kano,Ajingi,NGA,NG020001,NG02,January,2026,0,0
Nigeria,Kano,Albasu,NGA,NG020002,NG02,January,2026,0,0
Nigeria,Kano,Bagwai,NGA,NG020003,NG02,January,2026,0,0
Nigeria,Kano,Bebeji,NGA,NG020004,NG02,January,2026,1,1
Nigeria,Kano,Bichi,NGA,NG020005,NG02,January,2026,0,0
Nigeria,Kano,Bunkure,NGA,NG020006,NG02,January,2026,0,0
Nigeria,Kano,Dala,NGA,NG020007,NG02,January,2026,0,0
Nigeria,Kano,Danbatta,NGA,NG020008,NG02,January,2026,0,0
Nigeria,Kano,Dawakin Kudu,NGA,NG020009,NG02,January,2026,0,0
Nigeria,Kano,Dawakin Tofa,NGA,NG020010,NG02,January,2026,0,0
Nigeria,Kano,Doguwa,NGA,NG020011,NG02,January,2026,0,0
Nigeria,Kano,Fagge,NGA,NG020012,NG02,January,2026,0,0
Nigeria,Kano,Gabasawa,NGA,NG020013,NG02,January,2026,0,0
Nigeria,Kano,Garko,NGA,NG020014,NG02,January,2026,0,0
Nigeria,Kano,Garun Mallam,NGA,NG020015,NG02,January,2026,0,0
Nigeria,Kano,Gaya,NGA,NG020016,NG02,January,2026,0,0
Nigeria,Kano,Gezawa,NGA,NG020017,NG02,January,2026,0,0
Nigeria,Kano,Gwale,NGA,NG020018,NG02,January,2026,1,0
Nigeria,Kano,Gwarzo,NGA,NG020019,NG02,January,2026,0,0
Nigeria,Kano,Kabo,NGA,NG020020,NG02,January,2026,0,0
Nigeria,Kano,Kano Municipal,NGA,NG020021,NG02,January,2026,1,1
Nigeria,Kano,Karaye,NGA,NG020022,NG02,January,2026,0,0
Nigeria,Kano,Kibiya,NGA,NG020023,NG02,January,2026,0,0
Nigeria,Kano,Kiru,NGA,NG020024,NG02,January,2026,0,0
Nigeria,Kano,Kumbotso,NGA,NG020025,NG02,January,2026,0,0
Nigeria,Kano,Kunchi,NGA,NG020026,NG02,January,2026,0,0
Nigeria,Kano,Kura,NGA,NG020027,NG02,January,2026,0,0
Nigeria,Kano,Madobi,NGA,NG020028,NG02,January,2026,0,0
Nigeria,Kano,Makoda,NGA,NG020029,NG02,January,2026,0,0
Nigeria,Kano,Minjibir,NGA,NG020030,NG02,January,2026,0,0
Nigeria,Kano,Nassarawa,NGA,NG020031,NG02,January,2026,0,0
Nigeria,Kano,Rano,NGA,NG020032,NG02,January,2026,0,0
Nigeria,Kano,Rimin Gado,NGA,NG020033,NG02,January,2026,0,0
Nigeria,Kano,Rogo,NGA,NG020034,NG02,January,2026,0,0
Nigeria,Kano,Shanono,NGA,NG020035,NG02,January,2026,3,3
Nigeria,Kano,Sumaila,NGA,NG020036,NG02,January,2026,0,0
Nigeria,Kano,Takai,NGA,NG020037,NG02,January,2026,0,0
Nigeria,Kano,Tarauni,NGA,NG020038,NG02,January,2026,0,0
Nigeria,Kano,Tofa,NGA,NG020039,NG02,January,2026,0,0
Nigeria,Kano,Tsanyawa,NGA,NG020040,NG02,January,2026,0,0
Nigeria,Kano,Tudun Wada,NGA,NG020041,NG02,January,2026,0,0
Nigeria,Kano,Ungogo,NGA,NG020042,NG02,January,2026,0,0
Nigeria,Kano,Warawa,NGA,NG020043,NG02,January,2026,0,0
Nigeria,Kano,Wudil,NGA,NG020044,NG02,January,2026,0,0
Nigeria,Katsina,Bakori,NGA,NG021001,NG02,January,2026,2,4
Nigeria,Katsina,Batagarawa,NGA,NG021002,NG02,January,2026,0,0
Nigeria,Katsina,Batsari,NGA,NG021003,NG02,January,2026,2,0
Nigeria,Katsina,Baure,NGA,NG021004,NG02,January,2026,0,0
Nigeria,Katsina,Bindawa,NGA,NG021005,NG02,January,2026,0,0
Nigeria,Katsina,Charanchi,NGA,NG021006,NG02,January,2026,0,0
Nigeria,Katsina,Dan-Musa,NGA,NG021007,NG02,January,2026,0,0
Nigeria,Katsina,Dandume,NGA,NG021008,NG02,January,2026,6,9
Nigeria,Katsina,Danja,NGA,NG021009,NG02,January,2026,0,0
Nigeria,Katsina,Daura,NGA,NG021010,NG02,January,2026,0,0
Nigeria,Katsina,Dutsi,NGA,NG021011,NG02,January,2026,0,0
Nigeria,Katsina,Dutsinma,NGA,NG021012,NG02,January,2026,2,0
Nigeria,Katsina,Faskari,NGA,NG021013,NG02,January,2026,5,2
Nigeria,Katsina,Funtua,NGA,NG021014,NG02,January,2026,12,19
Nigeria,Katsina,Ingawa,NGA,NG021015,NG02,January,2026,0,0
Nigeria,Katsina,Jibia,NGA,NG021016,NG02,January,2026,2,7
Nigeria,Katsina,Kafur,NGA,NG021017,NG02,January,2026,1,0
Nigeria,Katsina,Kaita,NGA,NG021018,NG02,January,2026,0,0
Nigeria,Katsina,Kankara,NGA,NG021019,NG02,January,2026,8,9
Nigeria,Katsina,Kankia,NGA,NG021020,NG02,January,2026,0,0
Nigeria,Katsina,Katsina,NGA,NG021021,NG02,January,2026,0,0
Nigeria,Katsina,Kurfi,NGA,NG021022,NG02,January,2026,0,0
Nigeria,Katsina,Kusada,NGA,NG021023,NG02,January,2026,0,0
Nigeria,Katsina,Maiadua,NGA,NG021024,NG02,January,2026,0,0
Nigeria,Katsina,Malumfashi,NGA,NG021025,NG02,January,2026,5,9
Nigeria,Katsina,Mani,NGA,NG021026,NG02,January,2026,0,0
Nigeria,Katsina,Mashi,NGA,NG021027,NG02,January,2026,0,0
Nigeria,Katsina,Matazu,NGA,NG021028,NG02,January,2026,1,23
Nigeria,Katsina,Musawa,NGA,NG021029,NG02,January,2026,2,5
Nigeria,Katsina,Rimi,NGA,NG021030,NG02,January,2026,0,0
Nigeria,Katsina,Sabuwa,NGA,NG021031,NG02,January,2026,0,0
Nigeria,Katsina,Safana,NGA,NG021032,NG02,January,2026,1,0
Nigeria,Katsina,Sandamu,NGA,NG021033,NG02,January,2026,0,0
Nigeria,Katsina,Zango,NGA,NG021034,NG02,January,2026,0,0
Nigeria,Kebbi,Alieru,NGA,NG022001,NG02,January,2026,0,0
Nigeria,Kebbi,Arewa,NGA,NG022002,NG02,January,2026,0,0
Nigeria,Kebbi,Argungu,NGA,NG022003,NG02,January,2026,0,0
Nigeria,Kebbi,Augie,NGA,NG022004,NG02,January,2026,0,0
Nigeria,Kebbi,Bagudo,NGA,NG022005,NG02,January,2026,0,0
Nigeria,Kebbi,Birnin-Kebbi,NGA,NG022006,NG02,January,2026,0,0
Nigeria,Kebbi,Bunza,NGA,NG022007,NG02,January,2026,0,0
Nigeria,Kebbi,Dandi Kamba,NGA,NG022008,NG02,January,2026,1,1
Nigeria,Kebbi,Danko,NGA,NG022019,NG02,January,2026,0,0
Nigeria,Kebbi,Fakai,NGA,NG022009,NG02,January,2026,0,0
Nigeria,Kebbi,Gwandu,NGA,NG022010,NG02,January,2026,0,0
Nigeria,Kebbi,Jega,NGA,NG022011,NG02,January,2026,0,0
Nigeria,Kebbi,Kalgo,NGA,NG022012,NG02,January,2026,0,0
Nigeria,Kebbi,Koko,NGA,NG022013,NG02,January,2026,0,0
Nigeria,Kebbi,Maiyama,NGA,NG022014,NG02,January,2026,0,0
Nigeria,Kebbi,Ngaski,NGA,NG022015,NG02,January,2026,0,0
Nigeria,Kebbi,Sakaba,NGA,NG022016,NG02,January,2026,0,0
Nigeria,Kebbi,Shanga,NGA,NG022017,NG02,January,2026,3,8
Nigeria,Kebbi,Suru,NGA,NG022018,NG02,January,2026,0,0
Nigeria,Kebbi,Yauri,NGA,NG022020,NG02,January,2026,2,6
Nigeria,Kebbi,Zuru,NGA,NG022021,NG02,January,2026,0,0
Nigeria,Kogi,Adavi,NGA,NG023001,NG02,January,2026,1,0
Nigeria,Kogi,Ajaokuta,NGA,NG023002,NG02,January,2026,0,0
Nigeria,Kogi,Ankpa,NGA,NG023003,NG02,January,2026,0,0
Nigeria,Kogi,Bassa,NGA,NG023004,NG02,January,2026,0,0
Nigeria,Kogi,Dekina,NGA,NG023005,NG02,January,2026,1,2
Nigeria,Kogi,Ibaji,NGA,NG023006,NG02,January,2026,0,0
Nigeria,Kogi,Idah,NGA,NG023007,NG02,January,2026,0,0
Nigeria,Kogi,Igalamela,NGA,NG023008,NG02,January,2026,0,0
Nigeria,Kogi,Ijumu,NGA,NG023009,NG02,January,2026,0,0
Nigeria,Kogi,Kabba,NGA,NG023010,NG02,January,2026,2,2
Nigeria,Kogi,Kogi,NGA,NG023011,NG02,January,2026,0,0
Nigeria,Kogi,Lokoja,NGA,NG023012,NG02,January,2026,3,22
Nigeria,Kogi,Mopa-Muro,NGA,NG023013,NG02,January,2026,0,0
Nigeria,Kogi,Ofu,NGA,NG023014,NG02,January,2026,2,2
Nigeria,Kogi,Ogori,NGA,NG023015,NG02,January,2026,0,0
Nigeria,Kogi,Okehi,NGA,NG023016,NG02,January,2026,0,0
Nigeria,Kogi,Okene,NGA,NG023017,NG02,January,2026,0,0
Nigeria,Kogi,Olamaboro,NGA,NG023018,NG02,January,2026,0,0
Nigeria,Kogi,Omala,NGA,NG023019,NG02,January,2026,0,0
Nigeria,Kogi,Yagba East,NGA,NG023020,NG02,January,2026,1,1
Nigeria,Kogi,Yagba West,NGA,NG023021,NG02,January,2026,1,1
Nigeria,Kwara,Asa,NGA,NG024001,NG02,January,2026,0,0
Nigeria,Kwara,Baruten,NGA,NG024002,NG02,January,2026,0,0
Nigeria,Kwara,Edu,NGA,NG024003,NG02,January,2026,1,3
Nigeria,Kwara,Ekiti,NGA,NG024004,NG02,January,2026,1,0
Nigeria,Kwara,Ifelodun,NGA,NG024005,NG02,January,2026,3,4
Nigeria,Kwara,Ilorin East,NGA,NG024006,NG02,January,2026,0,0
Nigeria,Kwara,Ilorin South,NGA,NG024007,NG02,January,2026,1,1
Nigeria,Kwara,Ilorin West,NGA,NG024008,NG02,January,2026,1,1
Nigeria,Kwara,Irepodun,NGA,NG024009,NG02,January,2026,1,0
Nigeria,Kwara,Kai Ama,NGA,NG024011,NG02,January,2026,2,7
Nigeria,Kwara,Moro,NGA,NG024012,NG02,January,2026,0,0
Nigeria,Kwara,Offa,NGA,NG024013,NG02,January,2026,0,0
Nigeria,Kwara,Oke-Ero,NGA,NG024014,NG02,January,2026,1,0
Nigeria,Kwara,Osin,NGA,NG024010,NG02,January,2026,2,0
Nigeria,Kwara,Oyun,NGA,NG024015,NG02,January,2026,0,0
Nigeria,Kwara,Pategi,NGA,NG024016,NG02,January,2026,1,3
Nigeria,Lagos,Agege,NGA,NG025001,NG02,January,2026,0,0
Nigeria,Lagos,Ajeromi,NGA,NG025002,NG02,January,2026,0,0
Nigeria,Lagos,Alimosho,NGA,NG025003,NG02,January,2026,1,0
Nigeria,Lagos,Amowo-Odofin,NGA,NG025004,NG02,January,2026,0,0
Nigeria,Lagos,Apapa,NGA,NG025005,NG02,January,2026,0,0
Nigeria,Lagos,Badagry,NGA,NG025006,NG02,January,2026,0,0
Nigeria,Lagos,Epe,NGA,NG025007,NG02,January,2026,0,0
Nigeria,Lagos,Eti-Osa,NGA,NG025008,NG02,January,2026,0,0
Nigeria,Lagos,Ibeju-Lekki,NGA,NG025009,NG02,January,2026,1,1
Nigeria,Lagos,Ifako,NGA,NG025010,NG02,January,2026,0,0
Nigeria,Lagos,Ikeja,NGA,NG025011,NG02,January,2026,0,0
Nigeria,Lagos,Ikorodu,NGA,NG025012,NG02,January,2026,0,0
Nigeria,Lagos,Kosofe,NGA,NG025013,NG02,January,2026,0,0
Nigeria,Lagos,Lagos Island,NGA,NG025014,NG02,January,2026,0,0
Nigeria,Lagos,Lagos Mainland,NGA,NG025015,NG02,January,2026,0,0
Nigeria,Lagos,Mushin,NGA,NG025016,NG02,January,2026,1,1
Nigeria,Lagos,Ojo,NGA,NG025017,NG02,January,2026,2,2
Nigeria,Lagos,Oshodi,NGA,NG025018,NG02,January,2026,0,0
Nigeria,Lagos,Somolu,NGA,NG025019,NG02,January,2026,0,0
Nigeria,Lagos,Surulere,NGA,NG025020,NG02,January,2026,0,0
Nigeria,Nassarawa,Akwanga,NGA,NG026001,NG02,January,2026,0,0
Nigeria,Nassarawa,Awe,NGA,NG026002,NG02,January,2026,1,2
Nigeria,Nassarawa,Doma,NGA,NG026003,NG02,January,2026,1,0
Nigeria,Nassarawa,Karu,NGA,NG026004,NG02,January,2026,0,0
Nigeria,Nassarawa,Keana,NGA,NG026005,NG02,January,2026,0,0
Nigeria,Nassarawa,Keffi,NGA,NG026006,NG02,January,2026,0,0
Nigeria,Nassarawa,Kokona,NGA,NG026007,NG02,January,2026,0,0
Nigeria,Nassarawa,Lafia,NGA,NG026008,NG02,January,2026,1,4
Nigeria,Nassarawa,Nasarawa,NGA,NG026009,NG02,January,2026,0,0
Nigeria,Nassarawa,Nasarawa Eggon,NGA,NG026010,NG02,January,2026,0,0
Nigeria,Nassarawa,Obi,NGA,NG026011,NG02,January,2026,0,0
Nigeria,Nassarawa,Toto,NGA,NG026012,NG02,January,2026,0,0
Nigeria,Nassarawa,Wamba,NGA,NG026013,NG02,January,2026,0,0
Nigeria,Niger,Agaie,NGA,NG027001,NG02,January,2026,0,0
Nigeria,Niger,Agwara,NGA,NG027002,NG02,January,2026,2,5
Nigeria,Niger,Bida,NGA,NG027003,NG02,January,2026,0,0
Nigeria,Niger,Borgu,NGA,NG027004,NG02,January,2026,8,41
Nigeria,Niger,Bosso,NGA,NG027005,NG02,January,2026,0,0
Nigeria,Niger,Edati,NGA,NG027017,NG02,January,2026,0,0
Nigeria,Niger,Gbako,NGA,NG027008,NG02,January,2026,0,0
Nigeria,Niger,Gurara,NGA,NG027009,NG02,January,2026,0,0
Nigeria,Niger,Katcha,NGA,NG027010,NG02,January,2026,0,0
Nigeria,Niger,Kontagora,NGA,NG027011,NG02,January,2026,0,0
Nigeria,Niger,Lapai,NGA,NG027012,NG02,January,2026,0,0
Nigeria,Niger,Lavun,NGA,NG027013,NG02,January,2026,0,0
Nigeria,Niger,Magama,NGA,NG027014,NG02,January,2026,1,4
Nigeria,Niger,Mariga,NGA,NG027015,NG02,January,2026,10,9
Nigeria,Niger,Mashegu,NGA,NG027016,NG02,January,2026,4,3
Nigeria,Niger,Minna,NGA,NG027006,NG02,January,2026,0,0
Nigeria,Niger,Mokwa,NGA,NG027017,NG02,January,2026,3,6
Nigeria,Niger,Muya,NGA,NG027018,NG02,January,2026,2,2
Nigeria,Niger,Paikoro,NGA,NG027019,NG02,January,2026,0,0
Nigeria,Niger,Rafi,NGA,NG027020,NG02,January,2026,0,0
Nigeria,Niger,Rijau,NGA,NG027021,NG02,January,2026,0,0
Nigeria,Niger,Shiroro,NGA,NG027022,NG02,January,2026,7,11
Nigeria,Niger,Suleja,NGA,NG027023,NG02,January,2026,0,0
Nigeria,Niger,Tafa,NGA,NG027024,NG02,January,2026,1,1
Nigeria,Niger,Wushishi,NGA,NG027025,NG02,January,2026,0,0
Nigeria,Ogun,Abeokuta North,NGA,NG028001,NG02,January,2026,0,0
Nigeria,Ogun,Abeokuta South,NGA,NG028002,NG02,January,2026,0,0
Nigeria,Ogun,Ado-Odo,NGA,NG028003,NG02,January,2026,0,0
Nigeria,Ogun,Egbado North,NGA,NG028004,NG02,January,2026,0,0
Nigeria,Ogun,Egbado South,NGA,NG028005,NG02,January,2026,2,3
Nigeria,Ogun,Ewekoro,NGA,NG028006,NG02,January,2026,0,0
Nigeria,Ogun,Ifo,NGA,NG028007,NG02,January,2026,0,0
Nigeria,Ogun,Ijebu East,NGA,NG028008,NG02,January,2026,0,0
Nigeria,Ogun,Ijebu North,NGA,NG028009,NG02,January,2026,0,0
Nigeria,Ogun,Ijebu North East,NGA,NG028010,NG02,January,2026,0,0
Nigeria,Ogun,Ijebu Ode,NGA,NG028010,NG02,January,2026,0,0
Nigeria,Ogun,Ikenne,NGA,NG028012,NG02,January,2026,0,0
Nigeria,Ogun,Imeko-Afon,NGA,NG028013,NG02,January,2026,0,0
Nigeria,Ogun,Ipokia,NGA,NG028014,NG02,January,2026,2,1
Nigeria,Ogun,Obafemi,NGA,NG028015,NG02,January,2026,0,0
Nigeria,Ogun,Odedah,NGA,NG028016,NG02,January,2026,0,0
Nigeria,Ogun,Odogbolu,NGA,NG028017,NG02,January,2026,0,0
Nigeria,Ogun,Ogun Waterside,NGA,NG028018,NG02,January,2026,0,0
Nigeria,Ogun,Remo North,NGA,NG028019,NG02,January,2026,0,0
Nigeria,Ogun,Shagamu,NGA,NG028020,NG02,January,2026,0,0
Nigeria,Ondo,Akoko North East,NGA,NG029001,NG02,January,2026,0,0
Nigeria,Ondo,Akoko North West,NGA,NG029002,NG02,January,2026,0,0
Nigeria,Ondo,Akoko South East,NGA,NG029003,NG02,January,2026,1,0
Nigeria,Ondo,Akoko South West,NGA,NG029004,NG02,January,2026,1,0
Nigeria,Ondo,Akure North,NGA,NG029005,NG02,January,2026,4,3
Nigeria,Ondo,Akure South,NGA,NG029006,NG02,January,2026,1,0
Nigeria,Ondo,Ese-Edo,NGA,NG029007,NG02,January,2026,0,0
Nigeria,Ondo,Idanre,NGA,NG029008,NG02,January,2026,0,0
Nigeria,Ondo,Ifedore,NGA,NG029009,NG02,January,2026,0,0
Nigeria,Ondo,Ilaje,NGA,NG029010,NG02,January,2026,1,0
Nigeria,Ondo,Ile-Oluji-Okeigbo,NGA,NG029011,NG02,January,2026,0,0
Nigeria,Ondo,Irele,NGA,NG029012,NG02,January,2026,0,0
Nigeria,Ondo,Odigbo,NGA,NG029013,NG02,January,2026,0,0
Nigeria,Ondo,Okitipupa,NGA,NG029014,NG02,January,2026,0,0
Nigeria,Ondo,Ondo East,NGA,NG029015,NG02,January,2026,0,0
Nigeria,Ondo,Ondo West,NGA,NG029016,NG02,January,2026,0,0
Nigeria,Ondo,Ose,NGA,NG029017,NG02,January,2026,0,0
Nigeria,Ondo,Owo,NGA,NG029018,NG02,January,2026,0,0
Nigeria,Osun,Aiyedade,NGA,NG030001,NG03,January,2026,0,0
Nigeria,Osun,Aiyedire,NGA,NG030002,NG03,January,2026,0,0
Nigeria,Osun,Atakumosa East,NGA,NG030003,NG03,January,2026,0,0
Nigeria,Osun,Atakumosa West,NGA,NG030004,NG03,January,2026,0,0
Nigeria,Osun,Boluwaduro,NGA,NG030005,NG03,January,2026,0,0
Nigeria,Osun,Boripe,NGA,NG030006,NG03,January,2026,0,0
Nigeria,Osun,Ede North,NGA,NG030007,NG03,January,2026,0,0
Nigeria,Osun,Ede South,NGA,NG030008,NG03,January,2026,0,0
Nigeria,Osun,Egbedore,NGA,NG030009,NG03,January,2026,0,0
Nigeria,Osun,Ejigbo,NGA,NG030010,NG03,January,2026,0,0
Nigeria,Osun,Ife Central,NGA,NG030011,NG03,January,2026,0,0
Nigeria,Osun,Ife East,NGA,NG030012,NG03,January,2026,0,0
Nigeria,Osun,Ife North,NGA,NG030013,NG03,January,2026,0,0
Nigeria,Osun,Ife South,NGA,NG030014,NG03,January,2026,0,0
Nigeria,Osun,Ifedayo,NGA,NG030015,NG03,January,2026,0,0
Nigeria,Osun,Ifelodun,NGA,NG030016,NG03,January,2026,0,0
Nigeria,Osun,Ila,NGA,NG030017,NG03,January,2026,0,0
Nigeria,Osun,Ilesha East,NGA,NG030018,NG03,January,2026,1,0
Nigeria,Osun,Ilesha West,NGA,NG030019,NG03,January,2026,0,0
Nigeria,Osun,Irepodun,NGA,NG030020,NG03,January,2026,0,0
Nigeria,Osun,Irewole,NGA,NG030021,NG03,January,2026,0,0
Nigeria,Osun,Isokan,NGA,NG030022,NG03,January,2026,0,0
Nigeria,Osun,Iwo,NGA,NG030023,NG03,January,2026,0,0
Nigeria,Osun,Obokun,NGA,NG030024,NG03,January,2026,0,0
Nigeria,Osun,Odo-Otin,NGA,NG030025,NG03,January,2026,0,0
Nigeria,Osun,Ola-Oluwa,NGA,NG030026,NG03,January,2026,0,0
Nigeria,Osun,Olorunda,NGA,NG030027,NG03,January,2026,0,0
Nigeria,Osun,Oriade,NGA,NG030028,NG03,January,2026,0,0
Nigeria,Osun,Orolu,NGA,NG030029,NG03,January,2026,1,0
Nigeria,Osun,Osogbo,NGA,NG030030,NG03,January,2026,3,2
Nigeria,Oyo,Afijio,NGA,NG031001,NG03,January,2026,0,0
Nigeria,Oyo,Akinyele,NGA,NG031002,NG03,January,2026,0,0
Nigeria,Oyo,Atiba,NGA,NG031003,NG03,January,2026,0,0
Nigeria,Oyo,Atisbo,NGA,NG031004,NG03,January,2026,0,0
Nigeria,Oyo,Egbeda,NGA,NG031005,NG03,January,2026,0,0
Nigeria,Oyo,Ibadan North,NGA,NG031006,NG03,January,2026,0,0
Nigeria,Oyo,Ibadan North East,NGA,NG031007,NG03,January,2026,0,0
Nigeria,Oyo,Ibadan North West,NGA,NG031008,NG03,January,2026,0,0
Nigeria,Oyo,Ibadan South East,NGA,NG031009,NG03,January,2026,0,0
Nigeria,Oyo,Ibadan South West,NGA,NG031010,NG03,January,2026,0,0
Nigeria,Oyo,Ibarapa Central,NGA,NG031011,NG03,January,2026,0,0
Nigeria,Oyo,Ibarapa East,NGA,NG031012,NG03,January,2026,0,0
Nigeria,Oyo,Ibarapa North,NGA,NG031013,NG03,January,2026,0,0
Nigeria,Oyo,Ido,NGA,NG031014,NG03,January,2026,0,0
Nigeria,Oyo,Irepo,NGA,NG031015,NG03,January,2026,0,0
Nigeria,Oyo,Iseyin,NGA,NG031016,NG03,January,2026,0,0
Nigeria,Oyo,Itesiwaju,NGA,NG031017,NG03,January,2026,0,0
Nigeria,Oyo,Iwajowa,NGA,NG031018,NG03,January,2026,0,0
Nigeria,Oyo,Kajola,NGA,NG031019,NG03,January,2026,0,0
Nigeria,Oyo,Lagelu,NGA,NG031020,NG03,January,2026,0,0
Nigeria,Oyo,Ogbomosho North,NGA,NG031021,NG03,January,2026,0,0
Nigeria,Oyo,Ogbomosho South,NGA,NG031022,NG03,January,2026,0,0
Nigeria,Oyo,Ogo-Oluwa,NGA,NG031023,NG03,January,2026,0,0
Nigeria,Oyo,Olorunsogo,NGA,NG031024,NG03,January,2026,0,0
Nigeria,Oyo,Oluyole,NGA,NG031025,NG03,January,2026,1,1
Nigeria,Oyo,Ona-Ara,NGA,NG031026,NG03,January,2026,0,0
Nigeria,Oyo,Orelope,NGA,NG031027,NG03,January,2026,0,0
Nigeria,Oyo,Ori Ire,NGA,NG031028,NG03,January,2026,2,6
Nigeria,Oyo,Oyo East,NGA,NG031029,NG03,January,2026,0,0
Nigeria,Oyo,Oyo West,NGA,NG031030,NG03,January,2026,1,0
Nigeria,Oyo,Saki East,NGA,NG031031,NG03,January,2026,0,0
Nigeria,Oyo,Saki West,NGA,NG031032,NG03,January,2026,0,0
Nigeria,Oyo,Surulere,NGA,NG031033,NG03,January,2026,0,0
Nigeria,Plateau,Barkin Ladi,NGA,NG032001,NG03,January,2026,6,20
Nigeria,Plateau,Bassa,NGA,NG032002,NG03,January,2026,0,0
Nigeria,Plateau,Bokkos,NGA,NG032003,NG03,January,2026,0,0
Nigeria,Plateau,Jos East,NGA,NG032004,NG03,January,2026,0,0
Nigeria,Plateau,Jos North,NGA,NG032005,NG03,January,2026,1,0
Nigeria,Plateau,Jos South,NGA,NG032006,NG03,January,2026,5,11
Nigeria,Plateau,Kanam,NGA,NG032007,NG03,January,2026,0,0
Nigeria,Plateau,Kanke,NGA,NG032008,NG03,January,2026,0,0
Nigeria,Plateau,Langtang North,NGA,NG032009,NG03,January,2026,0,0
Nigeria,Plateau,Langtang South,NGA,NG032010,NG03,January,2026,0,0
Nigeria,Plateau,Mangu,NGA,NG032011,NG03,January,2026,0,0
Nigeria,Plateau,Mikang,NGA,NG032012,NG03,January,2026,0,0
Nigeria,Plateau,Pankshin,NGA,NG032013,NG03,January,2026,0,0
Nigeria,Plateau,Quan-Pan,NGA,NG032014,NG03,January,2026,2,7
Nigeria,Plateau,Riyom,NGA,NG032015,NG03,January,2026,1,1
Nigeria,Plateau,Shendam,NGA,NG032016,NG03,January,2026,0,0
Nigeria,Plateau,Wase,NGA,NG032017,NG03,January,2026,3,7
Nigeria,Rivers,Ahoada,NGA,NG033002,NG03,January,2026,0,0
Nigeria,Rivers,Ahoada West,NGA,NG033003,NG03,January,2026,0,0
Nigeria,Rivers,Akukutoru,NGA,NG033004,NG03,January,2026,0,0
Nigeria,Rivers,Andoni,NGA,NG033005,NG03,January,2026,0,0
Nigeria,Rivers,Asaritoru,NGA,NG033006,NG03,January,2026,0,0
Nigeria,Rivers,Bonny,NGA,NG033007,NG03,January,2026,0,0
Nigeria,Rivers,Degema,NGA,NG033008,NG03,January,2026,0,0
Nigeria,Rivers,Eleme,NGA,NG033009,NG03,January,2026,0,0
Nigeria,Rivers,Emohua,NGA,NG033010,NG03,January,2026,0,0
Nigeria,Rivers,Etche,NGA,NG033011,NG03,January,2026,3,1
Nigeria,Rivers,Gonaka,NGA,NG033012,NG03,January,2026,0,0
Nigeria,Rivers,Ikwerre,NGA,NG033013,NG03,January,2026,0,0
Nigeria,Rivers,Khana,NGA,NG033014,NG03,January,2026,1,0
Nigeria,Rivers,Obio,NGA,NG033015,NG03,January,2026,0,0
Nigeria,Rivers,Obua,NGA,NG033001,NG03,January,2026,0,0
Nigeria,Rivers,Ogba,NGA,NG033016,NG03,January,2026,0,0
Nigeria,Rivers,Ogu,NGA,NG033017,NG03,January,2026,0,0
Nigeria,Rivers,Okrika,NGA,NG033018,NG03,January,2026,0,0
Nigeria,Rivers,Omumma,NGA,NG033019,NG03,January,2026,0,0
Nigeria,Rivers,Opobo,NGA,NG033020,NG03,January,2026,0,0
Nigeria,Rivers,Oyigbo,NGA,NG033021,NG03,January,2026,0,0
Nigeria,Rivers,Port Harcourt,NGA,NG033022,NG03,January,2026,0,0
Nigeria,Rivers,Tai,NGA,NG033023,NG03,January,2026,0,0
Nigeria,Sokoto,Binji,NGA,NG034001,NG03,January,2026,1,1
Nigeria,Sokoto,Bodinga,NGA,NG034002,NG03,January,2026,0,0
Nigeria,Sokoto,Dange-Shuni,NGA,NG034003,NG03,January,2026,0,0
Nigeria,Sokoto,Gada,NGA,NG034004,NG03,January,2026,0,0
Nigeria,Sokoto,Goronyo,NGA,NG034006,NG03,January,2026,1,1
Nigeria,Sokoto,Gudu,NGA,NG034007,NG03,January,2026,2,2
Nigeria,Sokoto,Gwadabawa,NGA,NG034005,NG03,January,2026,1,3
Nigeria,Sokoto,Illela,NGA,NG034008,NG03,January,2026,2,4
Nigeria,Sokoto,Isa,NGA,NG034009,NG03,January,2026,7,9
Nigeria,Sokoto,Kebbe,NGA,NG034010,NG03,January,2026,3,3
Nigeria,Sokoto,Kware,NGA,NG034011,NG03,January,2026,0,0
Nigeria,Sokoto,Rabah,NGA,NG034012,NG03,January,2026,1,2
Nigeria,Sokoto,Sabon Birni,NGA,NG034013,NG03,January,2026,19,38
Nigeria,Sokoto,Shagari,NGA,NG034014,NG03,January,2026,0,0
Nigeria,Sokoto,Silame,NGA,NG034015,NG03,January,2026,2,5
Nigeria,Sokoto,Sokoto North,NGA,NG034016,NG03,January,2026,0,0
Nigeria,Sokoto,Sokoto South,NGA,NG034017,NG03,January,2026,0,0
Nigeria,Sokoto,Tambuwal,NGA,NG034018,NG03,January,2026,1,1
Nigeria,Sokoto,Tangaza,NGA,NG034019,NG03,January,2026,6,31
Nigeria,Sokoto,Tureta,NGA,NG034020,NG03,January,2026,0,0
Nigeria,Sokoto,Wamakko,NGA,NG034021,NG03,January,2026,0,0
Nigeria,Sokoto,Wurno,NGA,NG034022,NG03,January,2026,5,3
Nigeria,Sokoto,Yabo,NGA,NG034023,NG03,January,2026,0,0
Nigeria,Taraba,Ardo Kola,NGA,NG035001,NG03,January,2026,0,0
Nigeria,Taraba,Bali,NGA,NG035002,NG03,January,2026,3,0
Nigeria,Taraba,Donga,NGA,NG035003,NG03,January,2026,0,0
Nigeria,Taraba,Gashaka,NGA,NG035004,NG03,January,2026,0,0
Nigeria,Taraba,Gassol,NGA,NG035005,NG03,January,2026,1,10
Nigeria,Taraba,Ibi,NGA,NG035006,NG03,January,2026,1,1
Nigeria,Taraba,Jalingo,NGA,NG035007,NG03,January,2026,0,0
Nigeria,Taraba,Karim Lamidu,NGA,NG035008,NG03,January,2026,2,1
Nigeria,Taraba,Kurmi,NGA,NG035009,NG03,January,2026,0,0
Nigeria,Taraba,Lau,NGA,NG035010,NG03,January,2026,0,0
Nigeria,Taraba,Sardauna,NGA,NG035011,NG03,January,2026,0,0
Nigeria,Taraba,Takum,NGA,NG035012,NG03,January,2026,0,0
Nigeria,Taraba,Ussa,NGA,NG035013,NG03,January,2026,0,0
Nigeria,Taraba,Wukari,NGA,NG035014,NG03,January,2026,0,0
Nigeria,Taraba,Yorro,NGA,NG035015,NG03,January,2026,0,0
Nigeria,Taraba,Zing,NGA,NG035016,NG03,January,2026,0,0
Nigeria,Yobe,Bade,NGA,NG036001,NG03,January,2026,0,0
Nigeria,Yobe,Bursari,NGA,NG036002,NG03,January,2026,5,5
Nigeria,Yobe,Damaturu,NGA,NG036003,NG03,January,2026,0,0
Nigeria,Yobe,Fika,NGA,NG036004,NG03,January,2026,0,0
Nigeria,Yobe,Fune,NGA,NG036005,NG03,January,2026,1,0
Nigeria,Yobe,Geidam,NGA,NG036006,NG03,January,2026,1,3
Nigeria,Yobe,Gujba,NGA,NG036007,NG03,January,2026,5,18
Nigeria,Yobe,Gulami,NGA,NG036008,NG03,January,2026,0,0
Nigeria,Yobe,Jakusko,NGA,NG036009,NG03,January,2026,0,0
Nigeria,Yobe,Karasuwa,NGA,NG036010,NG03,January,2026,0,0
Nigeria,Yobe,Machina,NGA,NG036011,NG03,January,2026,0,0
Nigeria,Yobe,Nangere,NGA,NG036012,NG03,January,2026,0,0
Nigeria,Yobe,Nguru,NGA,NG036013,NG03,January,2026,0,0
Nigeria,Yobe,Potiskum,NGA,NG036014,NG03,January,2026,0,0
Nigeria,Yobe,Tarmua,NGA,NG036015,NG03,January,2026,0,0
Nigeria,Yobe,Yunusari,NGA,NG036016,NG03,January,2026,0,0
Nigeria,Yobe,Yusufari,NGA,NG036017,NG03,January,2026,0,0
Nigeria,Zamfara,Anka,NGA,NG037001,NG03,January,2026,2,2
Nigeria,Zamfara,Bakura,NGA,NG037002,NG03,January,2026,2,0
Nigeria,Zamfara,Bukkuyum,NGA,NG037004,NG03,January,2026,2,2
Nigeria,Zamfara,Bungudu,NGA,NG037005,NG03,January,2026,7,17
Nigeria,Zamfara,Gummi,NGA,NG037006,NG03,January,2026,1,2
Nigeria,Zamfara,Gusau,NGA,NG037007,NG03,January,2026,5,0
Nigeria,Zamfara,Kaura Namoda,NGA,NG037008,NG03,January,2026,1,4
Nigeria,Zamfara,Kiyawa,NGA,NG037003,NG03,January,2026,4,7
Nigeria,Zamfara,Maradun,NGA,NG037009,NG03,January,2026,7,9
Nigeria,Zamfara,Maru,NGA,NG037010,NG03,January,2026,8,52
Nigeria,Zamfara,Shinkafi,NGA,NG037011,NG03,January,2026,0,0
Nigeria,Zamfara,Talata Mafara,NGA,NG037012,NG03,January,2026,4,3
Nigeria,Zamfara,Tsafe,NGA,NG037013,NG03,January,2026,7,6
Nigeria,Zamfara,Zurmi,NGA,NG037014,NG03,January,2026,2,0
Nigeria,Abia,Aba North,NGA,NG001001,NG00,February,2026,0,0
Nigeria,Abia,Aba South,NGA,NG001002,NG00,February,2026,0,0
Nigeria,Abia,Arochukwu,NGA,NG001003,NG00,February,2026,0,0
Nigeria,Abia,Bende,NGA,NG001004,NG00,February,2026,0,0
Nigeria,Abia,Ikwuano,NGA,NG001005,NG00,February,2026,0,0
Nigeria,Abia,Isiala Ngwa North,NGA,NG001007,NG00,February,2026,0,0
Nigeria,Abia,Isiala Ngwa South,NGA,NG001006,NG00,February,2026,0,0
Nigeria,Abia,Isuikwuato,NGA,NG001008,NG00,February,2026,0,0
Nigeria,Abia,Nneochi,NGA,NG001017,NG00,February,2026,0,0
Nigeria,Abia,Obioma Ngwa,NGA,NG001009,NG00,February,2026,0,0
Nigeria,Abia,Ohafia,NGA,NG001010,NG00,February,2026,0,0
Nigeria,Abia,Osisioma,NGA,NG001011,NG00,February,2026,0,0
Nigeria,Abia,Ugwunagbo,NGA,NG001012,NG00,February,2026,0,0
Nigeria,Abia,Ukwa East,NGA,NG001013,NG00,February,2026,0,0
Nigeria,Abia,Ukwa West,NGA,NG001014,NG00,February,2026,0,0
Nigeria,Abia,Umuahia North,NGA,NG001015,NG00,February,2026,0,0
Nigeria,Abia,Umuahia South,NGA,NG001016,NG00,February,2026,0,0
Nigeria,Adamawa,Demsa,NGA,NG002001,NG00,February,2026,1,1
Nigeria,Adamawa,Fufore,NGA,NG002002,NG00,February,2026,0,0
Nigeria,Adamawa,Ganye,NGA,NG002003,NG00,February,2026,0,0
Nigeria,Adamawa,Girei,NGA,NG002005,NG00,February,2026,3,1
Nigeria,Adamawa,Gombi,NGA,NG002004,NG00,February,2026,0,0
Nigeria,Adamawa,Guyuk,NGA,NG002006,NG00,February,2026,0,0
Nigeria,Adamawa,Hong,NGA,NG002007,NG00,February,2026,4,13
Nigeria,Adamawa,Jada,NGA,NG002008,NG00,February,2026,0,0
Nigeria,Adamawa,Lamurde,NGA,NG002009,NG00,February,2026,0,0
Nigeria,Adamawa,Madagali,NGA,NG002010,NG00,February,2026,4,15
Nigeria,Adamawa,Maiha,NGA,NG002011,NG00,February,2026,0,0
Nigeria,Adamawa,Mayo-Belwa,NGA,NG002012,NG00,February,2026,0,0
Nigeria,Adamawa,Michika,NGA,NG002013,NG00,February,2026,0,0
Nigeria,Adamawa,Mubi North,NGA,NG002014,NG00,February,2026,0,0
Nigeria,Adamawa,Mubi South,NGA,NG002015,NG00,February,2026,0,0
Nigeria,Adamawa,Numan,NGA,NG002016,NG00,February,2026,0,0
Nigeria,Adamawa,Shelleng,NGA,NG002017,NG00,February,2026,0,0
Nigeria,Adamawa,Song,NGA,NG002018,NG00,February,2026,0,0
Nigeria,Adamawa,Toungo,NGA,NG002019,NG00,February,2026,0,0
Nigeria,Adamawa,Yola-North,NGA,NG002021,NG00,February,2026,0,0
Nigeria,Adamawa,Yola-South,NGA,NG002020,NG00,February,2026,0,0
Nigeria,Akwa Ibom,Abak,NGA,NG003001,NG00,February,2026,0,0
Nigeria,Akwa Ibom,Eastern Obolo,NGA,NG003002,NG00,February,2026,0,0
Nigeria,Akwa Ibom,Eket,NGA,NG003003,NG00,February,2026,0,0
Nigeria,Akwa Ibom,Ekpe Atai,NGA,NG003004,NG00,February,2026,0,0
Nigeria,Akwa Ibom,Essien Udim,NGA,NG003005,NG00,February,2026,0,0
Nigeria,Akwa Ibom,Etim Ekpo,NGA,NG003006,NG00,February,2026,0,0
Nigeria,Akwa Ibom,Etinan,NGA,NG003007,NG00,February,2026,0,0
Nigeria,Akwa Ibom,Ibeno,NGA,NG003008,NG00,February,2026,0,0
Nigeria,Akwa Ibom,Ibesikpo Asutan,NGA,NG003009,NG00,February,2026,0,0
Nigeria,Akwa Ibom,Ibiono Ibom,NGA,NG003010,NG00,February,2026,0,0
Nigeria,Akwa Ibom,Ika,NGA,NG003011,NG00,February,2026,1,2
Nigeria,Akwa Ibom,Ikono,NGA,NG003012,NG00,February,2026,0,0
Nigeria,Akwa Ibom,Ikot Abasi,NGA,NG003013,NG00,February,2026,0,0
Nigeria,Akwa Ibom,Ikot Ekpene,NGA,NG003014,NG00,February,2026,0,0
Nigeria,Akwa Ibom,Ini,NGA,NG003015,NG00,February,2026,0,0
Nigeria,Akwa Ibom,Itu,NGA,NG003016,NG00,February,2026,0,0
Nigeria,Akwa Ibom,Mbo,NGA,NG003017,NG00,February,2026,0,0
Nigeria,Akwa Ibom,Mkpat Enin,NGA,NG003018,NG00,February,2026,0,0
Nigeria,Akwa Ibom,Nsit Ibom,NGA,NG003020,NG00,February,2026,1,0
Nigeria,Akwa Ibom,Nsit Ubium,NGA,NG003021,NG00,February,2026,0,0
Nigeria,Akwa Ibom,Obat Akara,NGA,NG003022,NG00,February,2026,0,0
Nigeria,Akwa Ibom,Okobo,NGA,NG003023,NG00,February,2026,0,0
Nigeria,Akwa Ibom,Onna,NGA,NG003024,NG00,February,2026,0,0
Nigeria,Akwa Ibom,Oron,NGA,NG003025,NG00,February,2026,0,0
Nigeria,Akwa Ibom,Oruk Anam,NGA,NG003026,NG00,February,2026,0,0
Nigeria,Akwa Ibom,Udung Uko,NGA,NG003027,NG00,February,2026,0,0
Nigeria,Akwa Ibom,Ukanafun,NGA,NG003028,NG00,February,2026,0,0
Nigeria,Akwa Ibom,Uruan,NGA,NG003029,NG00,February,2026,0,0
Nigeria,Akwa Ibom,Urue Offong,NGA,NG003030,NG00,February,2026,0,0
Nigeria,Akwa Ibom,Uyo,NGA,NG003031,NG00,February,2026,0,0
Nigeria,Anambra,Aguata,NGA,NG004001,NG00,February,2026,0,0
Nigeria,Anambra,Anambra East,NGA,NG004002,NG00,February,2026,0,0
Nigeria,Anambra,Anambra West,NGA,NG004003,NG00,February,2026,0,0
Nigeria,Anambra,Aniocha,NGA,NG004004,NG00,February,2026,0,0
Nigeria,Anambra,Awka North,NGA,NG004005,NG00,February,2026,0,0
Nigeria,Anambra,Awka South,NGA,NG004006,NG00,February,2026,0,0
Nigeria,Anambra,Ayamelum,NGA,NG004007,NG00,February,2026,0,0
Nigeria,Anambra,Dunukofia,NGA,NG004008,NG00,February,2026,0,0
Nigeria,Anambra,Ekwusigwo,NGA,NG004009,NG00,February,2026,0,0
Nigeria,Anambra,Idemili North,NGA,NG004010,NG00,February,2026,1,2
Nigeria,Anambra,Idemili South,NGA,NG004011,NG00,February,2026,0,0
Nigeria,Anambra,Ihiala,NGA,NG004012,NG00,February,2026,0,0
Nigeria,Anambra,Njikoka,NGA,NG004013,NG00,February,2026,0,0
Nigeria,Anambra,Nnewi North,NGA,NG004014,NG00,February,2026,0,0
Nigeria,Anambra,Nnewi South,NGA,NG004015,NG00,February,2026,0,0
Nigeria,Anambra,Ogbaru,NGA,NG004016,NG00,February,2026,1,1
Nigeria,Anambra,Onisha North,NGA,NG004017,NG00,February,2026,0,0
Nigeria,Anambra,Onisha South,NGA,NG004018,NG00,February,2026,0,0
Nigeria,Anambra,Orumba North,NGA,NG004019,NG00,February,2026,0,0
Nigeria,Anambra,Orumba South,NGA,NG004020,NG00,February,2026,0,0
Nigeria,Anambra,Oyi,NGA,NG004021,NG00,February,2026,0,0
Nigeria,Bauchi,Alkaleri,NGA,NG005001,NG00,February,2026,14,24
Nigeria,Bauchi,Bauchi,NGA,NG005002,NG00,February,2026,0,0
Nigeria,Bauchi,Bogoro,NGA,NG005003,NG00,February,2026,0,0
Nigeria,Bauchi,Damban,NGA,NG005004,NG00,February,2026,0,0
Nigeria,Bauchi,Darazo,NGA,NG005005,NG00,February,2026,0,0
Nigeria,Bauchi,Dass,NGA,NG005006,NG00,February,2026,0,0
Nigeria,Bauchi,Gamawa,NGA,NG005007,NG00,February,2026,0,0
Nigeria,Bauchi,Ganjuwa,NGA,NG005008,NG00,February,2026,0,0
Nigeria,Bauchi,Giade,NGA,NG005009,NG00,February,2026,0,0
Nigeria,Bauchi,Itas-Gadau,NGA,NG005010,NG00,February,2026,0,0
Nigeria,Bauchi,Jamaare,NGA,NG005011,NG00,February,2026,0,0
Nigeria,Bauchi,Katagum,NGA,NG005012,NG00,February,2026,0,0
Nigeria,Bauchi,Kirfi,NGA,NG005013,NG00,February,2026,0,0
Nigeria,Bauchi,Misau,NGA,NG005014,NG00,February,2026,0,0
Nigeria,Bauchi,Ningi,NGA,NG005015,NG00,February,2026,0,0
Nigeria,Bauchi,Shira,NGA,NG005016,NG00,February,2026,0,0
Nigeria,Bauchi,Tafawa Balewa,NGA,NG005017,NG00,February,2026,1,1
Nigeria,Bauchi,Toro,NGA,NG005018,NG00,February,2026,1,2
Nigeria,Bauchi,Warji,NGA,NG005019,NG00,February,2026,0,0
Nigeria,Bauchi,Zaki,NGA,NG005020,NG00,February,2026,0,0
Nigeria,Bayelsa,Brass,NGA,NG006001,NG00,February,2026,0,0
Nigeria,Bayelsa,Ekermor,NGA,NG006002,NG00,February,2026,0,0
Nigeria,Bayelsa,Kolokuma,NGA,NG006003,NG00,February,2026,0,0
Nigeria,Bayelsa,Nembe,NGA,NG006004,NG00,February,2026,0,0
Nigeria,Bayelsa,Ogbia,NGA,NG006005,NG00,February,2026,0,0
Nigeria,Bayelsa,Sagbama,NGA,NG006006,NG00,February,2026,0,0
Nigeria,Bayelsa,Southern Ijaw,NGA,NG006007,NG00,February,2026,0,0
Nigeria,Bayelsa,Yenagoa,NGA,NG006008,NG00,February,2026,3,4
Nigeria,Benue,Ado,NGA,NG007001,NG00,February,2026,2,5
Nigeria,Benue,Agatu,NGA,NG007002,NG00,February,2026,1,2
Nigeria,Benue,Apa,NGA,NG007003,NG00,February,2026,11,8
Nigeria,Benue,Buruku,NGA,NG007004,NG00,February,2026,2,0
Nigeria,Benue,Gboko,NGA,NG007005,NG00,February,2026,0,0
Nigeria,Benue,Guma,NGA,NG007006,NG00,February,2026,2,1
Nigeria,Benue,Gwer East,NGA,NG007007,NG00,February,2026,2,0
Nigeria,Benue,Gwer West,NGA,NG007008,NG00,February,2026,1,2
Nigeria,Benue,Katsina Ala,NGA,NG007009,NG00,February,2026,7,10
Nigeria,Benue,Konshisha,NGA,NG007010,NG00,February,2026,0,0
Nigeria,Benue,Kwande,NGA,NG007011,NG00,February,2026,3,19
Nigeria,Benue,Logo,NGA,NG007012,NG00,February,2026,2,1
Nigeria,Benue,Makurdi,NGA,NG007013,NG00,February,2026,0,0
Nigeria,Benue,Obi,NGA,NG007014,NG00,February,2026,0,0
Nigeria,Benue,Ogbadibo,NGA,NG007015,NG00,February,2026,1,0
Nigeria,Benue,Ohimini,NGA,NG007016,NG00,February,2026,1,1
Nigeria,Benue,Oju,NGA,NG007017,NG00,February,2026,0,0
Nigeria,Benue,Okpokwu,NGA,NG007018,NG00,February,2026,1,1
Nigeria,Benue,Otukpo,NGA,NG007019,NG00,February,2026,2,5
Nigeria,Benue,Tarka,NGA,NG007020,NG00,February,2026,0,0
Nigeria,Benue,Ukum,NGA,NG007021,NG00,February,2026,0,0
Nigeria,Benue,Ushongo,NGA,NG007022,NG00,February,2026,1,0
Nigeria,Benue,Vandeikya,NGA,NG007023,NG00,February,2026,0,0
Nigeria,Borno,Abadan,NGA,NG008001,NG00,February,2026,1,5
Nigeria,Borno,Askira Uba,NGA,NG008002,NG00,February,2026,2,2
Nigeria,Borno,Bama,NGA,NG008003,NG00,February,2026,9,32
Nigeria,Borno,Bayo,NGA,NG008004,NG00,February,2026,0,0
Nigeria,Borno,Biu,NGA,NG008005,NG00,February,2026,8,18
Nigeria,Borno,Chibok,NGA,NG008006,NG00,February,2026,3,2
Nigeria,Borno,Damboa,NGA,NG008007,NG00,February,2026,8,16
Nigeria,Borno,Dikwa,NGA,NG008008,NG00,February,2026,2,3
Nigeria,Borno,Gubio,NGA,NG008009,NG00,February,2026,2,1
Nigeria,Borno,Guzamala,NGA,NG008010,NG00,February,2026,1,0
Nigeria,Borno,Gwoza,NGA,NG008011,NG00,February,2026,14,21
Nigeria,Borno,Hawul,NGA,NG008012,NG00,February,2026,0,0
Nigeria,Borno,Jere,NGA,NG008013,NG00,February,2026,0,0
Nigeria,Borno,Kaga,NGA,NG008014,NG00,February,2026,4,5
Nigeria,Borno,Kala Balge,NGA,NG008015,NG00,February,2026,1,5
Nigeria,Borno,Konduga,NGA,NG008016,NG00,February,2026,15,55
Nigeria,Borno,Kukawa,NGA,NG008017,NG00,February,2026,8,18
Nigeria,Borno,Kwaya Kusar,NGA,NG008018,NG00,February,2026,0,0
Nigeria,Borno,Mafa,NGA,NG008019,NG00,February,2026,1,3
Nigeria,Borno,Magumeri,NGA,NG008020,NG00,February,2026,3,4
Nigeria,Borno,Maiduguri Metro,NGA,NG008021,NG00,February,2026,1,1
Nigeria,Borno,Marte,NGA,NG008022,NG00,February,2026,1,3
Nigeria,Borno,Mobbar,NGA,NG008023,NG00,February,2026,1,1
Nigeria,Borno,Monguno,NGA,NG008024,NG00,February,2026,0,0
Nigeria,Borno,Ngala,NGA,NG008025,NG00,February,2026,1,0
Nigeria,Borno,Nganzai,NGA,NG008026,NG00,February,2026,2,21
Nigeria,Borno,Shani,NGA,NG008027,NG00,February,2026,0,0
Nigeria,Cross River,Abi,NGA,NG009001,NG00,February,2026,0,0
Nigeria,Cross River,Akamkpa,NGA,NG009002,NG00,February,2026,0,0
Nigeria,Cross River,Akpabuyo,NGA,NG009003,NG00,February,2026,0,0
Nigeria,Cross River,Bekwara,NGA,NG009006,NG00,February,2026,0,0
Nigeria,Cross River,Biase,NGA,NG009007,NG00,February,2026,0,0
Nigeria,Cross River,Boki,NGA,NG009008,NG00,February,2026,0,0
Nigeria,Cross River,Calabar Municipal,NGA,NG009010,NG00,February,2026,0,0
Nigeria,Cross River,Calabar South,NGA,NG009009,NG00,February,2026,0,0
Nigeria,Cross River,Etung,NGA,NG009011,NG00,February,2026,0,0
Nigeria,Cross River,Ikom,NGA,NG009012,NG00,February,2026,0,0
Nigeria,Cross River,Obanliku,NGA,NG009013,NG00,February,2026,0,0
Nigeria,Cross River,Obubra,NGA,NG009014,NG00,February,2026,0,0
Nigeria,Cross River,Obudu,NGA,NG009015,NG00,February,2026,0,0
Nigeria,Cross River,Odukpani,NGA,NG009016,NG00,February,2026,1,2
Nigeria,Cross River,Ogaja,NGA,NG009017,NG00,February,2026,0,0
Nigeria,Cross River,Yakurr,NGA,NG009018,NG00,February,2026,0,0
Nigeria,Cross River,Yala,NGA,NG009019,NG00,February,2026,0,0
Nigeria,Delta,Aniocha North,NGA,NG010001,NG01,February,2026,0,0
Nigeria,Delta,Aniocha South,NGA,NG010002,NG01,February,2026,1,1
Nigeria,Delta,Bomadi,NGA,NG010003,NG01,February,2026,0,0
Nigeria,Delta,Burutu,NGA,NG010004,NG01,February,2026,0,0
Nigeria,Delta,Ethiope East,NGA,NG010005,NG01,February,2026,2,1
Nigeria,Delta,Ethiope West,NGA,NG010006,NG01,February,2026,0,0
Nigeria,Delta,Ika North East,NGA,NG010007,NG01,February,2026,0,0
Nigeria,Delta,Ika South,NGA,NG010008,NG01,February,2026,0,0
Nigeria,Delta,Isoko North,NGA,NG010009,NG01,February,2026,0,0
Nigeria,Delta,Isoko South,NGA,NG010010,NG01,February,2026,0,0
Nigeria,Delta,Ndokwa East,NGA,NG010011,NG01,February,2026,0,0
Nigeria,Delta,Ndokwa West,NGA,NG010012,NG01,February,2026,0,0
Nigeria,Delta,Okpe,NGA,NG010013,NG01,February,2026,0,0
Nigeria,Delta,Oshimili North,NGA,NG010014,NG01,February,2026,0,0
Nigeria,Delta,Oshimili South,NGA,NG010015,NG01,February,2026,0,0
Nigeria,Delta,Patani,NGA,NG010016,NG01,February,2026,0,0
Nigeria,Delta,Sapele,NGA,NG010017,NG01,February,2026,0,0
Nigeria,Delta,Udu,NGA,NG010018,NG01,February,2026,0,0
Nigeria,Delta,Ughelli North,NGA,NG010019,NG01,February,2026,0,0
Nigeria,Delta,Ughelli South,NGA,NG010020,NG01,February,2026,1,0
Nigeria,Delta,Ukwuani,NGA,NG010021,NG01,February,2026,0,0
Nigeria,Delta,Uvwie,NGA,NG010022,NG01,February,2026,0,0
Nigeria,Delta,Warri North,NGA,NG010023,NG01,February,2026,0,0
Nigeria,Delta,Warri South,NGA,NG010024,NG01,February,2026,0,0
Nigeria,Delta,Warri South-West,NGA,NG010025,NG01,February,2026,0,0
Nigeria,Ebonyi,Abakaliki,NGA,NG011001,NG01,February,2026,0,0
Nigeria,Ebonyi,Afikpo North,NGA,NG011002,NG01,February,2026,0,0
Nigeria,Ebonyi,Afikpo South,NGA,NG011003,NG01,February,2026,0,0
Nigeria,Ebonyi,Ebonyi,NGA,NG011004,NG01,February,2026,0,0
Nigeria,Ebonyi,Ezza North,NGA,NG011005,NG01,February,2026,0,0
Nigeria,Ebonyi,Ezza South,NGA,NG011006,NG01,February,2026,0,0
Nigeria,Ebonyi,Ikwo,NGA,NG011007,NG01,February,2026,0,0
Nigeria,Ebonyi,Ishielu,NGA,NG011008,NG01,February,2026,0,0
Nigeria,Ebonyi,Ivo,NGA,NG011009,NG01,February,2026,0,0
Nigeria,Ebonyi,Izzi,NGA,NG011010,NG01,February,2026,0,0
Nigeria,Ebonyi,Ohaozara,NGA,NG011011,NG01,February,2026,0,0
Nigeria,Ebonyi,Ohaukwu,NGA,NG011012,NG01,February,2026,0,0
Nigeria,Ebonyi,Onicha,NGA,NG011013,NG01,February,2026,0,0
Nigeria,Edo,Akoko Edo,NGA,NG012001,NG01,February,2026,4,1
Nigeria,Edo,Egor,NGA,NG012002,NG01,February,2026,0,0
Nigeria,Edo,Esan Central,NGA,NG012003,NG01,February,2026,0,0
Nigeria,Edo,Esan North East,NGA,NG012004,NG01,February,2026,0,0
Nigeria,Edo,Esan South East,NGA,NG012005,NG01,February,2026,0,0
Nigeria,Edo,Esan West,NGA,NG012006,NG01,February,2026,1,1
Nigeria,Edo,Etsako Central,NGA,NG012007,NG01,February,2026,0,0
Nigeria,Edo,Etsako East,NGA,NG012008,NG01,February,2026,0,0
Nigeria,Edo,Etsako West,NGA,NG012009,NG01,February,2026,0,0
Nigeria,Edo,Igueben,NGA,NG012010,NG01,February,2026,0,0
Nigeria,Edo,Ikpoba Okha,NGA,NG012011,NG01,February,2026,0,0
Nigeria,Edo,Oredo,NGA,NG012012,NG01,February,2026,2,0
Nigeria,Edo,Orhionwon,NGA,NG012013,NG01,February,2026,0,0
Nigeria,Edo,Ovia North East,NGA,NG012014,NG01,February,2026,1,0
Nigeria,Edo,Ovia South West,NGA,NG012015,NG01,February,2026,0,0
Nigeria,Edo,Owan East,NGA,NG012016,NG01,February,2026,0,0
Nigeria,Edo,Owan West,NGA,NG012017,NG01,February,2026,0,0
Nigeria,Edo,Uhunmwode,NGA,NG012018,NG01,February,2026,0,0
Nigeria,Ekiti,Ado Ekiti,NGA,NG013001,NG01,February,2026,0,0
Nigeria,Ekiti,Aiyekire,NGA,NG013002,NG01,February,2026,0,0
Nigeria,Ekiti,Efon,NGA,NG013003,NG01,February,2026,0,0
Nigeria,Ekiti,Ekiti East,NGA,NG013004,NG01,February,2026,0,0
Nigeria,Ekiti,Ekiti South West,NGA,NG013005,NG01,February,2026,0,0
Nigeria,Ekiti,Ekiti West,NGA,NG013006,NG01,February,2026,0,0
Nigeria,Ekiti,Emure,NGA,NG013007,NG01,February,2026,0,0
Nigeria,Ekiti,Ido-Osi,NGA,NG013008,NG01,February,2026,0,0
Nigeria,Ekiti,Ijero,NGA,NG013009,NG01,February,2026,0,0
Nigeria,Ekiti,Ikere,NGA,NG013010,NG01,February,2026,0,0
Nigeria,Ekiti,Ikole,NGA,NG013011,NG01,February,2026,2,1
Nigeria,Ekiti,Ilejemeji,NGA,NG013012,NG01,February,2026,0,0
Nigeria,Ekiti,Irepodun,NGA,NG013013,NG01,February,2026,0,0
Nigeria,Ekiti,Ise,NGA,NG013014,NG01,February,2026,0,0
Nigeria,Ekiti,Moba,NGA,NG013015,NG01,February,2026,0,0
Nigeria,Ekiti,Oye,NGA,NG013016,NG01,February,2026,0,0
Nigeria,Enugu,Agwu,NGA,NG014002,NG01,February,2026,1,1
Nigeria,Enugu,Aninri,NGA,NG014001,NG01,February,2026,0,0
Nigeria,Enugu,Enugu East,NGA,NG014003,NG01,February,2026,0,0
Nigeria,Enugu,Enugu North,NGA,NG014004,NG01,February,2026,0,0
Nigeria,Enugu,Enugu South,NGA,NG014005,NG01,February,2026,0,0
Nigeria,Enugu,Ezeagu,NGA,NG014006,NG01,February,2026,0,0
Nigeria,Enugu,Igbo Etiti,NGA,NG014007,NG01,February,2026,0,0
Nigeria,Enugu,Igbo Eze North,NGA,NG014008,NG01,February,2026,0,0
Nigeria,Enugu,Igbo Eze South,NGA,NG014009,NG01,February,2026,0,0
Nigeria,Enugu,Isi Uzo,NGA,NG014010,NG01,February,2026,0,0
Nigeria,Enugu,Nkanu East,NGA,NG014011,NG01,February,2026,0,0
Nigeria,Enugu,Nkanu West,NGA,NG014012,NG01,February,2026,0,0
Nigeria,Enugu,Nsukka,NGA,NG014013,NG01,February,2026,0,0
Nigeria,Enugu,Oji River,NGA,NG014014,NG01,February,2026,0,0
Nigeria,Enugu,Udenu,NGA,NG014015,NG01,February,2026,0,0
Nigeria,Enugu,Udi,NGA,NG014016,NG01,February,2026,1,0
Nigeria,Enugu,Uzo Uwani,NGA,NG014017,NG01,February,2026,0,0
Nigeria,Federal Capital Territory,Abaji,NGA,NG015001,NG01,February,2026,0,0
Nigeria,Federal Capital Territory,Abuja Municipal,NGA,NG015002,NG01,February,2026,0,0
Nigeria,Federal Capital Territory,Bwari,NGA,NG015003,NG01,February,2026,0,0
Nigeria,Federal Capital Territory,Gwagwalada,NGA,NG015004,NG01,February,2026,0,0
Nigeria,Federal Capital Territory,Kuje,NGA,NG015005,NG01,February,2026,0,0
Nigeria,Federal Capital Territory,Kwali,NGA,NG015006,NG01,February,2026,0,0
Nigeria,Gombe,Akko,NGA,NG016001,NG01,February,2026,0,0
Nigeria,Gombe,Balanga,NGA,NG016002,NG01,February,2026,0,0
Nigeria,Gombe,Billiri,NGA,NG016003,NG01,February,2026,0,0
Nigeria,Gombe,Dukku,NGA,NG016004,NG01,February,2026,0,0
Nigeria,Gombe,Funakaye,NGA,NG016005,NG01,February,2026,1,0
Nigeria,Gombe,Gombe,NGA,NG016006,NG01,February,2026,0,0
Nigeria,Gombe,Kaltungo,NGA,NG016007,NG01,February,2026,0,0
Nigeria,Gombe,Kwami,NGA,NG016008,NG01,February,2026,0,0
Nigeria,Gombe,Nafada,NGA,NG016009,NG01,February,2026,0,0
Nigeria,Gombe,Shomgom,NGA,NG016010,NG01,February,2026,0,0
Nigeria,Gombe,Yamaltu,NGA,NG016011,NG01,February,2026,0,0
Nigeria,Imo,Aboh Mbaise,NGA,NG017001,NG01,February,2026,0,0
Nigeria,Imo,Ahiazu Mbaise,NGA,NG017002,NG01,February,2026,0,0
Nigeria,Imo,Ehime Mbano,NGA,NG017003,NG01,February,2026,0,0
Nigeria,Imo,Ezinihitte Mbaise,NGA,NG017004,NG01,February,2026,0,0
Nigeria,Imo,Ideato North,NGA,NG017005,NG01,February,2026,0,0
Nigeria,Imo,Ideato South,NGA,NG017006,NG01,February,2026,0,0
Nigeria,Imo,Ihitte Uboma,NGA,NG017007,NG01,February,2026,0,0
Nigeria,Imo,Ikeduru,NGA,NG017008,NG01,February,2026,0,0
Nigeria,Imo,Isiala Mbano,NGA,NG017009,NG01,February,2026,0,0
Nigeria,Imo,Isu,NGA,NG017010,NG01,February,2026,0,0
Nigeria,Imo,Mbaitoli,NGA,NG017011,NG01,February,2026,1,2
Nigeria,Imo,Ngor Okpala,NGA,NG017012,NG01,February,2026,0,0
Nigeria,Imo,Njaba,NGA,NG017013,NG01,February,2026,0,0
Nigeria,Imo,Nkwangele,NGA,NG017015,NG01,February,2026,0,0
Nigeria,Imo,Nkwerre,NGA,NG017014,NG01,February,2026,0,0
Nigeria,Imo,Obowo,NGA,NG017016,NG01,February,2026,0,0
Nigeria,Imo,Oguta,NGA,NG017017,NG01,February,2026,0,0
Nigeria,Imo,Ohaji,NGA,NG017018,NG01,February,2026,0,0
Nigeria,Imo,Okigwe,NGA,NG017019,NG01,February,2026,0,0
Nigeria,Imo,Onuimo,NGA,NG017027,NG01,February,2026,0,0
Nigeria,Imo,Orlu,NGA,NG017020,NG01,February,2026,0,0
Nigeria,Imo,Orsu,NGA,NG017021,NG01,February,2026,2,1
Nigeria,Imo,Oru East,NGA,NG017022,NG01,February,2026,0,0
Nigeria,Imo,Oru West,NGA,NG017023,NG01,February,2026,0,0
Nigeria,Imo,Owerri Municipal,NGA,NG017026,NG01,February,2026,0,0
Nigeria,Imo,Owerri North,NGA,NG017024,NG01,February,2026,0,0
Nigeria,Imo,Owerri West,NGA,NG017025,NG01,February,2026,0,0
Nigeria,Jigawa,Auyo,NGA,NG018001,NG01,February,2026,0,0
Nigeria,Jigawa,Babura,NGA,NG018002,NG01,February,2026,0,0
Nigeria,Jigawa,Birnin Kudu,NGA,NG018004,NG01,February,2026,0,0
Nigeria,Jigawa,Birniwa,NGA,NG018003,NG01,February,2026,0,0
Nigeria,Jigawa,Buji,NGA,NG018005,NG01,February,2026,0,0
Nigeria,Jigawa,Dutse,NGA,NG018006,NG01,February,2026,0,0
Nigeria,Jigawa,Gagarawa,NGA,NG018007,NG01,February,2026,0,0
Nigeria,Jigawa,Garki,NGA,NG018008,NG01,February,2026,0,0
Nigeria,Jigawa,Gumel,NGA,NG018009,NG01,February,2026,0,0
Nigeria,Jigawa,Guri,NGA,NG018010,NG01,February,2026,0,0
Nigeria,Jigawa,Gwaram,NGA,NG018011,NG01,February,2026,0,0
Nigeria,Jigawa,Gwiwa,NGA,NG018012,NG01,February,2026,0,0
Nigeria,Jigawa,Hadejia,NGA,NG018013,NG01,February,2026,1,1
Nigeria,Jigawa,Jahun,NGA,NG018014,NG01,February,2026,0,0
Nigeria,Jigawa,Kafin Hausa,NGA,NG018015,NG01,February,2026,0,0
Nigeria,Jigawa,Kaugama,NGA,NG018016,NG01,February,2026,0,0
Nigeria,Jigawa,Kazaure,NGA,NG018017,NG01,February,2026,0,0
Nigeria,Jigawa,Kiri-Kasamma,NGA,NG018018,NG01,February,2026,0,0
Nigeria,Jigawa,Kiyawa,NGA,NG018019,NG01,February,2026,0,0
Nigeria,Jigawa,Maigatari,NGA,NG018020,NG01,February,2026,0,0
Nigeria,Jigawa,Malam Madori,NGA,NG018021,NG01,February,2026,0,0
Nigeria,Jigawa,Miga,NGA,NG018022,NG01,February,2026,0,0
Nigeria,Jigawa,Ringim,NGA,NG018023,NG01,February,2026,0,0
Nigeria,Jigawa,Roni,NGA,NG018024,NG01,February,2026,0,0
Nigeria,Jigawa,Sule Takarkar,NGA,NG018025,NG01,February,2026,0,0
Nigeria,Jigawa,Taura,NGA,NG018026,NG01,February,2026,0,0
Nigeria,Jigawa,Yankwashi,NGA,NG018027,NG01,February,2026,0,0
Nigeria,Kaduna,Birnin Gwari,NGA,NG019001,NG01,February,2026,1,1
Nigeria,Kaduna,Chikun,NGA,NG019002,NG01,February,2026,3,0
Nigeria,Kaduna,Giwa,NGA,NG019003,NG01,February,2026,0,0
Nigeria,Kaduna,Igabi,NGA,NG019004,NG01,February,2026,2,4
Nigeria,Kaduna,Ikara,NGA,NG019005,NG01,February,2026,0,0
Nigeria,Kaduna,Jaba,NGA,NG019006,NG01,February,2026,0,0
Nigeria,Kaduna,Jema'a,NGA,NG019007,NG01,February,2026,0,0
Nigeria,Kaduna,Kachia,NGA,NG019008,NG01,February,2026,3,2
Nigeria,Kaduna,Kaduna North,NGA,NG019009,NG01,February,2026,1,0
Nigeria,Kaduna,Kaduna South,NGA,NG019010,NG01,February,2026,0,0
Nigeria,Kaduna,Kagarko,NGA,NG019011,NG01,February,2026,6,3
Nigeria,Kaduna,Kajuru,NGA,NG019014,NG01,February,2026,3,3
Nigeria,Kaduna,Kaura,NGA,NG019013,NG01,February,2026,1,7
Nigeria,Kaduna,Kauru,NGA,NG019012,NG01,February,2026,1,3
Nigeria,Kaduna,Kubau,NGA,NG019015,NG01,February,2026,4,1
Nigeria,Kaduna,Kudan,NGA,NG019016,NG01,February,2026,0,0
Nigeria,Kaduna,Lere,NGA,NG019017,NG01,February,2026,0,0
Nigeria,Kaduna,Makarfi,NGA,NG019018,NG01,February,2026,0,0
Nigeria,Kaduna,Sabon Gari,NGA,NG019019,NG01,February,2026,1,0
Nigeria,Kaduna,Sanga,NGA,NG019020,NG01,February,2026,0,0
Nigeria,Kaduna,Soba,NGA,NG019021,NG01,February,2026,0,0
Nigeria,Kaduna,Zangon Kataf,NGA,NG019022,NG01,February,2026,0,0
Nigeria,Kaduna,Zaria,NGA,NG019023,NG01,February,2026,0,0
Nigeria,Kano,Ajingi,NGA,NG020001,NG02,February,2026,0,0
Nigeria,Kano,Albasu,NGA,NG020002,NG02,February,2026,0,0
Nigeria,Kano,Bagwai,NGA,NG020003,NG02,February,2026,0,0
Nigeria,Kano,Bebeji,NGA,NG020004,NG02,February,2026,0,0
Nigeria,Kano,Bichi,NGA,NG020005,NG02,February,2026,1,1
Nigeria,Kano,Bunkure,NGA,NG020006,NG02,February,2026,0,0
Nigeria,Kano,Dala,NGA,NG020007,NG02,February,2026,0,0
Nigeria,Kano,Danbatta,NGA,NG020008,NG02,February,2026,0,0
Nigeria,Kano,Dawakin Kudu,NGA,NG020009,NG02,February,2026,0,0
Nigeria,Kano,Dawakin Tofa,NGA,NG020010,NG02,February,2026,0,0
Nigeria,Kano,Doguwa,NGA,NG020011,NG02,February,2026,0,0
Nigeria,Kano,Fagge,NGA,NG020012,NG02,February,2026,0,0
Nigeria,Kano,Gabasawa,NGA,NG020013,NG02,February,2026,0,0
Nigeria,Kano,Garko,NGA,NG020014,NG02,February,2026,0,0
Nigeria,Kano,Garun Mallam,NGA,NG020015,NG02,February,2026,0,0
Nigeria,Kano,Gaya,NGA,NG020016,NG02,February,2026,0,0
Nigeria,Kano,Gezawa,NGA,NG020017,NG02,February,2026,0,0
Nigeria,Kano,Gwale,NGA,NG020018,NG02,February,2026,0,0
Nigeria,Kano,Gwarzo,NGA,NG020019,NG02,February,2026,2,0
Nigeria,Kano,Kabo,NGA,NG020020,NG02,February,2026,0,0
Nigeria,Kano,Kano Municipal,NGA,NG020021,NG02,February,2026,0,0
Nigeria,Kano,Karaye,NGA,NG020022,NG02,February,2026,0,0
Nigeria,Kano,Kibiya,NGA,NG020023,NG02,February,2026,0,0
Nigeria,Kano,Kiru,NGA,NG020024,NG02,February,2026,0,0
Nigeria,Kano,Kumbotso,NGA,NG020025,NG02,February,2026,0,0
Nigeria,Kano,Kunchi,NGA,NG020026,NG02,February,2026,0,0
Nigeria,Kano,Kura,NGA,NG020027,NG02,February,2026,0,0
Nigeria,Kano,Madobi,NGA,NG020028,NG02,February,2026,0,0
Nigeria,Kano,Makoda,NGA,NG020029,NG02,February,2026,0,0
Nigeria,Kano,Minjibir,NGA,NG020030,NG02,February,2026,0,0
Nigeria,Kano,Nassarawa,NGA,NG020031,NG02,February,2026,0,0
Nigeria,Kano,Rano,NGA,NG020032,NG02,February,2026,0,0
Nigeria,Kano,Rimin Gado,NGA,NG020033,NG02,February,2026,0,0
Nigeria,Kano,Rogo,NGA,NG020034,NG02,February,2026,0,0
Nigeria,Kano,Shanono,NGA,NG020035,NG02,February,2026,2,0
Nigeria,Kano,Sumaila,NGA,NG020036,NG02,February,2026,0,0
Nigeria,Kano,Takai,NGA,NG020037,NG02,February,2026,0,0
Nigeria,Kano,Tarauni,NGA,NG020038,NG02,February,2026,0,0
Nigeria,Kano,Tofa,NGA,NG020039,NG02,February,2026,0,0
Nigeria,Kano,Tsanyawa,NGA,NG020040,NG02,February,2026,0,0
Nigeria,Kano,Tudun Wada,NGA,NG020041,NG02,February,2026,0,0
Nigeria,Kano,Ungogo,NGA,NG020042,NG02,February,2026,0,0
Nigeria,Kano,Warawa,NGA,NG020043,NG02,February,2026,0,0
Nigeria,Kano,Wudil,NGA,NG020044,NG02,February,2026,0,0
Nigeria,Katsina,Bakori,NGA,NG021001,NG02,February,2026,3,4
Nigeria,Katsina,Batagarawa,NGA,NG021002,NG02,February,2026,0,0
Nigeria,Katsina,Batsari,NGA,NG021003,NG02,February,2026,1,0
Nigeria,Katsina,Baure,NGA,NG021004,NG02,February,2026,0,0
Nigeria,Katsina,Bindawa,NGA,NG021005,NG02,February,2026,0,0
Nigeria,Katsina,Charanchi,NGA,NG021006,NG02,February,2026,0,0
Nigeria,Katsina,Dan-Musa,NGA,NG021007,NG02,February,2026,1,0
Nigeria,Katsina,Dandume,NGA,NG021008,NG02,February,2026,1,5
Nigeria,Katsina,Danja,NGA,NG021009,NG02,February,2026,0,0
Nigeria,Katsina,Daura,NGA,NG021010,NG02,February,2026,0,0
Nigeria,Katsina,Dutsi,NGA,NG021011,NG02,February,2026,0,0
Nigeria,Katsina,Dutsinma,NGA,NG021012,NG02,February,2026,1,1
Nigeria,Katsina,Faskari,NGA,NG021013,NG02,February,2026,3,41
Nigeria,Katsina,Funtua,NGA,NG021014,NG02,February,2026,2,3
Nigeria,Katsina,Ingawa,NGA,NG021015,NG02,February,2026,1,1
Nigeria,Katsina,Jibia,NGA,NG021016,NG02,February,2026,4,0
Nigeria,Katsina,Kafur,NGA,NG021017,NG02,February,2026,0,0
Nigeria,Katsina,Kaita,NGA,NG021018,NG02,February,2026,0,0
Nigeria,Katsina,Kankara,NGA,NG021019,NG02,February,2026,8,6
Nigeria,Katsina,Kankia,NGA,NG021020,NG02,February,2026,1,2
Nigeria,Katsina,Katsina,NGA,NG021021,NG02,February,2026,0,0
Nigeria,Katsina,Kurfi,NGA,NG021022,NG02,February,2026,0,0
Nigeria,Katsina,Kusada,NGA,NG021023,NG02,February,2026,0,0
Nigeria,Katsina,Maiadua,NGA,NG021024,NG02,February,2026,0,0
Nigeria,Katsina,Malumfashi,NGA,NG021025,NG02,February,2026,2,3
Nigeria,Katsina,Mani,NGA,NG021026,NG02,February,2026,0,0
Nigeria,Katsina,Mashi,NGA,NG021027,NG02,February,2026,0,0
Nigeria,Katsina,Matazu,NGA,NG021028,NG02,February,2026,0,0
Nigeria,Katsina,Musawa,NGA,NG021029,NG02,February,2026,3,1
Nigeria,Katsina,Rimi,NGA,NG021030,NG02,February,2026,3,6
Nigeria,Katsina,Sabuwa,NGA,NG021031,NG02,February,2026,1,1
Nigeria,Katsina,Safana,NGA,NG021032,NG02,February,2026,1,0
Nigeria,Katsina,Sandamu,NGA,NG021033,NG02,February,2026,0,0
Nigeria,Katsina,Zango,NGA,NG021034,NG02,February,2026,0,0
Nigeria,Kebbi,Alieru,NGA,NG022001,NG02,February,2026,0,0
Nigeria,Kebbi,Arewa,NGA,NG022002,NG02,February,2026,6,34
Nigeria,Kebbi,Argungu,NGA,NG022003,NG02,February,2026,0,0
Nigeria,Kebbi,Augie,NGA,NG022004,NG02,February,2026,0,0
Nigeria,Kebbi,Bagudo,NGA,NG022005,NG02,February,2026,2,1
Nigeria,Kebbi,Birnin-Kebbi,NGA,NG022006,NG02,February,2026,0,0
Nigeria,Kebbi,Bunza,NGA,NG022007,NG02,February,2026,1,2
Nigeria,Kebbi,Dandi Kamba,NGA,NG022008,NG02,February,2026,0,0
Nigeria,Kebbi,Danko,NGA,NG022019,NG02,February,2026,1,3
Nigeria,Kebbi,Fakai,NGA,NG022009,NG02,February,2026,0,0
Nigeria,Kebbi,Gwandu,NGA,NG022010,NG02,February,2026,1,1
Nigeria,Kebbi,Jega,NGA,NG022011,NG02,February,2026,0,0
Nigeria,Kebbi,Kalgo,NGA,NG022012,NG02,February,2026,0,0
Nigeria,Kebbi,Koko,NGA,NG022013,NG02,February,2026,0,0
Nigeria,Kebbi,Maiyama,NGA,NG022014,NG02,February,2026,2,11
Nigeria,Kebbi,Ngaski,NGA,NG022015,NG02,February,2026,0,0
Nigeria,Kebbi,Sakaba,NGA,NG022016,NG02,February,2026,0,0
Nigeria,Kebbi,Shanga,NGA,NG022017,NG02,February,2026,0,0
Nigeria,Kebbi,Suru,NGA,NG022018,NG02,February,2026,0,0
Nigeria,Kebbi,Yauri,NGA,NG022020,NG02,February,2026,0,0
Nigeria,Kebbi,Zuru,NGA,NG022021,NG02,February,2026,0,0
Nigeria,Kogi,Adavi,NGA,NG023001,NG02,February,2026,0,0
Nigeria,Kogi,Ajaokuta,NGA,NG023002,NG02,February,2026,0,0
Nigeria,Kogi,Ankpa,NGA,NG023003,NG02,February,2026,0,0
Nigeria,Kogi,Bassa,NGA,NG023004,NG02,February,2026,0,0
Nigeria,Kogi,Dekina,NGA,NG023005,NG02,February,2026,1,0
Nigeria,Kogi,Ibaji,NGA,NG023006,NG02,February,2026,4,5
Nigeria,Kogi,Idah,NGA,NG023007,NG02,February,2026,1,1
Nigeria,Kogi,Igalamela,NGA,NG023008,NG02,February,2026,1,2
Nigeria,Kogi,Ijumu,NGA,NG023009,NG02,February,2026,0,0
Nigeria,Kogi,Kabba,NGA,NG023010,NG02,February,2026,0,0
Nigeria,Kogi,Kogi,NGA,NG023011,NG02,February,2026,0,0
Nigeria,Kogi,Lokoja,NGA,NG023012,NG02,February,2026,1,0
Nigeria,Kogi,Mopa-Muro,NGA,NG023013,NG02,February,2026,1,1
Nigeria,Kogi,Ofu,NGA,NG023014,NG02,February,2026,1,0
Nigeria,Kogi,Ogori,NGA,NG023015,NG02,February,2026,0,0
Nigeria,Kogi,Okehi,NGA,NG023016,NG02,February,2026,0,0
Nigeria,Kogi,Okene,NGA,NG023017,NG02,February,2026,1,0
Nigeria,Kogi,Olamaboro,NGA,NG023018,NG02,February,2026,1,1
Nigeria,Kogi,Omala,NGA,NG023019,NG02,February,2026,0,0
Nigeria,Kogi,Yagba East,NGA,NG023020,NG02,February,2026,0,0
Nigeria,Kogi,Yagba West,NGA,NG023021,NG02,February,2026,4,5
Nigeria,Kwara,Asa,NGA,NG024001,NG02,February,2026,0,0
Nigeria,Kwara,Baruten,NGA,NG024002,NG02,February,2026,0,0
Nigeria,Kwara,Edu,NGA,NG024003,NG02,February,2026,3,2
Nigeria,Kwara,Ekiti,NGA,NG024004,NG02,February,2026,3,5
Nigeria,Kwara,Ifelodun,NGA,NG024005,NG02,February,2026,3,2
Nigeria,Kwara,Ilorin East,NGA,NG024006,NG02,February,2026,0,0
Nigeria,Kwara,Ilorin South,NGA,NG024007,NG02,February,2026,1,1
Nigeria,Kwara,Ilorin West,NGA,NG024008,NG02,February,2026,1,1
Nigeria,Kwara,Irepodun,NGA,NG024009,NG02,February,2026,0,0
Nigeria,Kwara,Kai Ama,NGA,NG024011,NG02,February,2026,3,75
Nigeria,Kwara,Moro,NGA,NG024012,NG02,February,2026,0,0
Nigeria,Kwara,Offa,NGA,NG024013,NG02,February,2026,0,0
Nigeria,Kwara,Oke-Ero,NGA,NG024014,NG02,February,2026,0,0
Nigeria,Kwara,Osin,NGA,NG024010,NG02,February,2026,3,2
Nigeria,Kwara,Oyun,NGA,NG024015,NG02,February,2026,0,0
Nigeria,Kwara,Pategi,NGA,NG024016,NG02,February,2026,1,0
Nigeria,Lagos,Agege,NGA,NG025001,NG02,February,2026,0,0
Nigeria,Lagos,Ajeromi,NGA,NG025002,NG02,February,2026,0,0
Nigeria,Lagos,Alimosho,NGA,NG025003,NG02,February,2026,0,0
Nigeria,Lagos,Amowo-Odofin,NGA,NG025004,NG02,February,2026,0,0
Nigeria,Lagos,Apapa,NGA,NG025005,NG02,February,2026,0,0
Nigeria,Lagos,Badagry,NGA,NG025006,NG02,February,2026,0,0
Nigeria,Lagos,Epe,NGA,NG025007,NG02,February,2026,0,0
Nigeria,Lagos,Eti-Osa,NGA,NG025008,NG02,February,2026,0,0
Nigeria,Lagos,Ibeju-Lekki,NGA,NG025009,NG02,February,2026,1,1
Nigeria,Lagos,Ifako,NGA,NG025010,NG02,February,2026,0,0
Nigeria,Lagos,Ikeja,NGA,NG025011,NG02,February,2026,0,0
Nigeria,Lagos,Ikorodu,NGA,NG025012,NG02,February,2026,0,0
Nigeria,Lagos,Kosofe,NGA,NG025013,NG02,February,2026,0,0
Nigeria,Lagos,Lagos Island,NGA,NG025014,NG02,February,2026,0,0
Nigeria,Lagos,Lagos Mainland,NGA,NG025015,NG02,February,2026,0,0
Nigeria,Lagos,Mushin,NGA,NG025016,NG02,February,2026,0,0
Nigeria,Lagos,Ojo,NGA,NG025017,NG02,February,2026,1,1
Nigeria,Lagos,Oshodi,NGA,NG025018,NG02,February,2026,1,0
Nigeria,Lagos,Somolu,NGA,NG025019,NG02,February,2026,0,0
Nigeria,Lagos,Surulere,NGA,NG025020,NG02,February,2026,0,0
Nigeria,Nassarawa,Akwanga,NGA,NG026001,NG02,February,2026,0,0
Nigeria,Nassarawa,Awe,NGA,NG026002,NG02,February,2026,0,0
Nigeria,Nassarawa,Doma,NGA,NG026003,NG02,February,2026,0,0
Nigeria,Nassarawa,Karu,NGA,NG026004,NG02,February,2026,0,0
Nigeria,Nassarawa,Keana,NGA,NG026005,NG02,February,2026,0,0
Nigeria,Nassarawa,Keffi,NGA,NG026006,NG02,February,2026,0,0
Nigeria,Nassarawa,Kokona,NGA,NG026007,NG02,February,2026,0,0
Nigeria,Nassarawa,Lafia,NGA,NG026008,NG02,February,2026,0,0
Nigeria,Nassarawa,Nasarawa,NGA,NG026009,NG02,February,2026,0,0
Nigeria,Nassarawa,Nasarawa Eggon,NGA,NG026010,NG02,February,2026,0,0
Nigeria,Nassarawa,Obi,NGA,NG026011,NG02,February,2026,0,0
Nigeria,Nassarawa,Toto,NGA,NG026012,NG02,February,2026,0,0
Nigeria,Nassarawa,Wamba,NGA,NG026013,NG02,February,2026,0,0
Nigeria,Niger,Agaie,NGA,NG027001,NG02,February,2026,0,0
Nigeria,Niger,Agwara,NGA,NG027002,NG02,February,2026,0,0
Nigeria,Niger,Bida,NGA,NG027003,NG02,February,2026,0,0
Nigeria,Niger,Borgu,NGA,NG027004,NG02,February,2026,11,56
Nigeria,Niger,Bosso,NGA,NG027005,NG02,February,2026,0,0
Nigeria,Niger,Edati,NGA,NG027017,NG02,February,2026,0,0
Nigeria,Niger,Gbako,NGA,NG027008,NG02,February,2026,0,0
Nigeria,Niger,Gurara,NGA,NG027009,NG02,February,2026,0,0
Nigeria,Niger,Katcha,NGA,NG027010,NG02,February,2026,2,2
Nigeria,Niger,Kontagora,NGA,NG027011,NG02,February,2026,3,1
Nigeria,Niger,Lapai,NGA,NG027012,NG02,February,2026,0,0
Nigeria,Niger,Lavun,NGA,NG027013,NG02,February,2026,0,0
Nigeria,Niger,Magama,NGA,NG027014,NG02,February,2026,0,0
Nigeria,Niger,Mariga,NGA,NG027015,NG02,February,2026,7,16
Nigeria,Niger,Mashegu,NGA,NG027016,NG02,February,2026,5,3
Nigeria,Niger,Minna,NGA,NG027006,NG02,February,2026,0,0
Nigeria,Niger,Mokwa,NGA,NG027017,NG02,February,2026,0,0
Nigeria,Niger,Muya,NGA,NG027018,NG02,February,2026,0,0
Nigeria,Niger,Paikoro,NGA,NG027019,NG02,February,2026,0,0
Nigeria,Niger,Rafi,NGA,NG027020,NG02,February,2026,0,0
Nigeria,Niger,Rijau,NGA,NG027021,NG02,February,2026,1,1
Nigeria,Niger,Shiroro,NGA,NG027022,NG02,February,2026,2,4
Nigeria,Niger,Suleja,NGA,NG027023,NG02,February,2026,1,1
Nigeria,Niger,Tafa,NGA,NG027024,NG02,February,2026,0,0
Nigeria,Niger,Wushishi,NGA,NG027025,NG02,February,2026,0,0
Nigeria,Ogun,Abeokuta North,NGA,NG028001,NG02,February,2026,0,0
Nigeria,Ogun,Abeokuta South,NGA,NG028002,NG02,February,2026,0,0
Nigeria,Ogun,Ado-Odo,NGA,NG028003,NG02,February,2026,1,1
Nigeria,Ogun,Egbado North,NGA,NG028004,NG02,February,2026,0,0
Nigeria,Ogun,Egbado South,NGA,NG028005,NG02,February,2026,0,0
Nigeria,Ogun,Ewekoro,NGA,NG028006,NG02,February,2026,0,0
Nigeria,Ogun,Ifo,NGA,NG028007,NG02,February,2026,3,0
Nigeria,Ogun,Ijebu East,NGA,NG028008,NG02,February,2026,0,0
Nigeria,Ogun,Ijebu North,NGA,NG028009,NG02,February,2026,0,0
Nigeria,Ogun,Ijebu North East,NGA,NG028010,NG02,February,2026,0,0
Nigeria,Ogun,Ijebu Ode,NGA,NG028010,NG02,February,2026,0,0
Nigeria,Ogun,Ikenne,NGA,NG028012,NG02,February,2026,0,0
Nigeria,Ogun,Imeko-Afon,NGA,NG028013,NG02,February,2026,1,1
Nigeria,Ogun,Ipokia,NGA,NG028014,NG02,February,2026,0,0
Nigeria,Ogun,Obafemi,NGA,NG028015,NG02,February,2026,0,0
Nigeria,Ogun,Odedah,NGA,NG028016,NG02,February,2026,0,0
Nigeria,Ogun,Odogbolu,NGA,NG028017,NG02,February,2026,0,0
Nigeria,Ogun,Ogun Waterside,NGA,NG028018,NG02,February,2026,0,0
Nigeria,Ogun,Remo North,NGA,NG028019,NG02,February,2026,0,0
Nigeria,Ogun,Shagamu,NGA,NG028020,NG02,February,2026,0,0
Nigeria,Ondo,Akoko North East,NGA,NG029001,NG02,February,2026,1,2
Nigeria,Ondo,Akoko North West,NGA,NG029002,NG02,February,2026,0,0
Nigeria,Ondo,Akoko South East,NGA,NG029003,NG02,February,2026,0,0
Nigeria,Ondo,Akoko South West,NGA,NG029004,NG02,February,2026,0,0
Nigeria,Ondo,Akure North,NGA,NG029005,NG02,February,2026,3,2
Nigeria,Ondo,Akure South,NGA,NG029006,NG02,February,2026,1,0
Nigeria,Ondo,Ese-Edo,NGA,NG029007,NG02,February,2026,0,0
Nigeria,Ondo,Idanre,NGA,NG029008,NG02,February,2026,1,2
Nigeria,Ondo,Ifedore,NGA,NG029009,NG02,February,2026,0,0
Nigeria,Ondo,Ilaje,NGA,NG029010,NG02,February,2026,0,0
Nigeria,Ondo,Ile-Oluji-Okeigbo,NGA,NG029011,NG02,February,2026,0,0
Nigeria,Ondo,Irele,NGA,NG029012,NG02,February,2026,0,0
Nigeria,Ondo,Odigbo,NGA,NG029013,NG02,February,2026,0,0
Nigeria,Ondo,Okitipupa,NGA,NG029014,NG02,February,2026,0,0
Nigeria,Ondo,Ondo East,NGA,NG029015,NG02,February,2026,0,0
Nigeria,Ondo,Ondo West,NGA,NG029016,NG02,February,2026,0,0
Nigeria,Ondo,Ose,NGA,NG029017,NG02,February,2026,0,0
Nigeria,Ondo,Owo,NGA,NG029018,NG02,February,2026,1,0
Nigeria,Osun,Aiyedade,NGA,NG030001,NG03,February,2026,0,0
Nigeria,Osun,Aiyedire,NGA,NG030002,NG03,February,2026,0,0
Nigeria,Osun,Atakumosa East,NGA,NG030003,NG03,February,2026,0,0
Nigeria,Osun,Atakumosa West,NGA,NG030004,NG03,February,2026,0,0
Nigeria,Osun,Boluwaduro,NGA,NG030005,NG03,February,2026,0,0
Nigeria,Osun,Boripe,NGA,NG030006,NG03,February,2026,0,0
Nigeria,Osun,Ede North,NGA,NG030007,NG03,February,2026,0,0
Nigeria,Osun,Ede South,NGA,NG030008,NG03,February,2026,0,0
Nigeria,Osun,Egbedore,NGA,NG030009,NG03,February,2026,0,0
Nigeria,Osun,Ejigbo,NGA,NG030010,NG03,February,2026,0,0
Nigeria,Osun,Ife Central,NGA,NG030011,NG03,February,2026,0,0
Nigeria,Osun,Ife East,NGA,NG030012,NG03,February,2026,0,0
Nigeria,Osun,Ife North,NGA,NG030013,NG03,February,2026,0,0
Nigeria,Osun,Ife South,NGA,NG030014,NG03,February,2026,0,0
Nigeria,Osun,Ifedayo,NGA,NG030015,NG03,February,2026,1,0
Nigeria,Osun,Ifelodun,NGA,NG030016,NG03,February,2026,0,0
Nigeria,Osun,Ila,NGA,NG030017,NG03,February,2026,0,0
Nigeria,Osun,Ilesha East,NGA,NG030018,NG03,February,2026,0,0
Nigeria,Osun,Ilesha West,NGA,NG030019,NG03,February,2026,0,0
Nigeria,Osun,Irepodun,NGA,NG030020,NG03,February,2026,0,0
Nigeria,Osun,Irewole,NGA,NG030021,NG03,February,2026,0,0
Nigeria,Osun,Isokan,NGA,NG030022,NG03,February,2026,0,0
Nigeria,Osun,Iwo,NGA,NG030023,NG03,February,2026,0,0
Nigeria,Osun,Obokun,NGA,NG030024,NG03,February,2026,0,0
Nigeria,Osun,Odo-Otin,NGA,NG030025,NG03,February,2026,0,0
Nigeria,Osun,Ola-Oluwa,NGA,NG030026,NG03,February,2026,0,0
Nigeria,Osun,Olorunda,NGA,NG030027,NG03,February,2026,0,0
Nigeria,Osun,Oriade,NGA,NG030028,NG03,February,2026,0,0
Nigeria,Osun,Orolu,NGA,NG030029,NG03,February,2026,0,0
Nigeria,Osun,Osogbo,NGA,NG030030,NG03,February,2026,0,0
Nigeria,Oyo,Afijio,NGA,NG031001,NG03,February,2026,0,0
Nigeria,Oyo,Akinyele,NGA,NG031002,NG03,February,2026,0,0
Nigeria,Oyo,Atiba,NGA,NG031003,NG03,February,2026,0,0
Nigeria,Oyo,Atisbo,NGA,NG031004,NG03,February,2026,1,2
Nigeria,Oyo,Egbeda,NGA,NG031005,NG03,February,2026,0,0
Nigeria,Oyo,Ibadan North,NGA,NG031006,NG03,February,2026,0,0
Nigeria,Oyo,Ibadan North East,NGA,NG031007,NG03,February,2026,0,0
Nigeria,Oyo,Ibadan North West,NGA,NG031008,NG03,February,2026,2,1
Nigeria,Oyo,Ibadan South East,NGA,NG031009,NG03,February,2026,0,0
Nigeria,Oyo,Ibadan South West,NGA,NG031010,NG03,February,2026,0,0
Nigeria,Oyo,Ibarapa Central,NGA,NG031011,NG03,February,2026,0,0
Nigeria,Oyo,Ibarapa East,NGA,NG031012,NG03,February,2026,0,0
Nigeria,Oyo,Ibarapa North,NGA,NG031013,NG03,February,2026,0,0
Nigeria,Oyo,Ido,NGA,NG031014,NG03,February,2026,0,0
Nigeria,Oyo,Irepo,NGA,NG031015,NG03,February,2026,0,0
Nigeria,Oyo,Iseyin,NGA,NG031016,NG03,February,2026,0,0
Nigeria,Oyo,Itesiwaju,NGA,NG031017,NG03,February,2026,0,0
Nigeria,Oyo,Iwajowa,NGA,NG031018,NG03,February,2026,0,0
Nigeria,Oyo,Kajola,NGA,NG031019,NG03,February,2026,0,0
Nigeria,Oyo,Lagelu,NGA,NG031020,NG03,February,2026,0,0
Nigeria,Oyo,Ogbomosho North,NGA,NG031021,NG03,February,2026,0,0
Nigeria,Oyo,Ogbomosho South,NGA,NG031022,NG03,February,2026,0,0
Nigeria,Oyo,Ogo-Oluwa,NGA,NG031023,NG03,February,2026,0,0
Nigeria,Oyo,Olorunsogo,NGA,NG031024,NG03,February,2026,0,0
Nigeria,Oyo,Oluyole,NGA,NG031025,NG03,February,2026,0,0
Nigeria,Oyo,Ona-Ara,NGA,NG031026,NG03,February,2026,0,0
Nigeria,Oyo,Orelope,NGA,NG031027,NG03,February,2026,0,0
Nigeria,Oyo,Ori Ire,NGA,NG031028,NG03,February,2026,0,0
Nigeria,Oyo,Oyo East,NGA,NG031029,NG03,February,2026,0,0
Nigeria,Oyo,Oyo West,NGA,NG031030,NG03,February,2026,0,0
Nigeria,Oyo,Saki East,NGA,NG031031,NG03,February,2026,0,0
Nigeria,Oyo,Saki West,NGA,NG031032,NG03,February,2026,0,0
Nigeria,Oyo,Surulere,NGA,NG031033,NG03,February,2026,0,0
Nigeria,Plateau,Barkin Ladi,NGA,NG032001,NG03,February,2026,5,22
Nigeria,Plateau,Bassa,NGA,NG032002,NG03,February,2026,2,5
Nigeria,Plateau,Bokkos,NGA,NG032003,NG03,February,2026,0,0
Nigeria,Plateau,Jos East,NGA,NG032004,NG03,February,2026,0,0
Nigeria,Plateau,Jos North,NGA,NG032005,NG03,February,2026,0,0
Nigeria,Plateau,Jos South,NGA,NG032006,NG03,February,2026,1,0
Nigeria,Plateau,Kanam,NGA,NG032007,NG03,February,2026,2,3
Nigeria,Plateau,Kanke,NGA,NG032008,NG03,February,2026,0,0
Nigeria,Plateau,Langtang North,NGA,NG032009,NG03,February,2026,0,0
Nigeria,Plateau,Langtang South,NGA,NG032010,NG03,February,2026,0,0
Nigeria,Plateau,Mangu,NGA,NG032011,NG03,February,2026,0,0
Nigeria,Plateau,Mikang,NGA,NG032012,NG03,February,2026,0,0
Nigeria,Plateau,Pankshin,NGA,NG032013,NG03,February,2026,0,0
Nigeria,Plateau,Quan-Pan,NGA,NG032014,NG03,February,2026,0,0
Nigeria,Plateau,Riyom,NGA,NG032015,NG03,February,2026,6,9
Nigeria,Plateau,Shendam,NGA,NG032016,NG03,February,2026,0,0
Nigeria,Plateau,Wase,NGA,NG032017,NG03,February,2026,2,6
Nigeria,Rivers,Ahoada,NGA,NG033002,NG03,February,2026,0,0
Nigeria,Rivers,Ahoada West,NGA,NG033003,NG03,February,2026,0,0
Nigeria,Rivers,Akukutoru,NGA,NG033004,NG03,February,2026,0,0
Nigeria,Rivers,Andoni,NGA,NG033005,NG03,February,2026,0,0
Nigeria,Rivers,Asaritoru,NGA,NG033006,NG03,February,2026,0,0
Nigeria,Rivers,Bonny,NGA,NG033007,NG03,February,2026,0,0
Nigeria,Rivers,Degema,NGA,NG033008,NG03,February,2026,0,0
Nigeria,Rivers,Eleme,NGA,NG033009,NG03,February,2026,0,0
Nigeria,Rivers,Emohua,NGA,NG033010,NG03,February,2026,0,0
Nigeria,Rivers,Etche,NGA,NG033011,NG03,February,2026,0,0
Nigeria,Rivers,Gonaka,NGA,NG033012,NG03,February,2026,0,0
Nigeria,Rivers,Ikwerre,NGA,NG033013,NG03,February,2026,1,1
Nigeria,Rivers,Khana,NGA,NG033014,NG03,February,2026,0,0
Nigeria,Rivers,Obio,NGA,NG033015,NG03,February,2026,1,5
Nigeria,Rivers,Obua,NGA,NG033001,NG03,February,2026,0,0
Nigeria,Rivers,Ogba,NGA,NG033016,NG03,February,2026,2,4
Nigeria,Rivers,Ogu,NGA,NG033017,NG03,February,2026,0,0
Nigeria,Rivers,Okrika,NGA,NG033018,NG03,February,2026,0,0
Nigeria,Rivers,Omumma,NGA,NG033019,NG03,February,2026,0,0
Nigeria,Rivers,Opobo,NGA,NG033020,NG03,February,2026,0,0
Nigeria,Rivers,Oyigbo,NGA,NG033021,NG03,February,2026,0,0
Nigeria,Rivers,Port Harcourt,NGA,NG033022,NG03,February,2026,0,0
Nigeria,Rivers,Tai,NGA,NG033023,NG03,February,2026,0,0
Nigeria,Sokoto,Binji,NGA,NG034001,NG03,February,2026,0,0
Nigeria,Sokoto,Bodinga,NGA,NG034002,NG03,February,2026,0,0
Nigeria,Sokoto,Dange-Shuni,NGA,NG034003,NG03,February,2026,0,0
Nigeria,Sokoto,Gada,NGA,NG034004,NG03,February,2026,0,0
Nigeria,Sokoto,Goronyo,NGA,NG034006,NG03,February,2026,0,0
Nigeria,Sokoto,Gudu,NGA,NG034007,NG03,February,2026,1,12
Nigeria,Sokoto,Gwadabawa,NGA,NG034005,NG03,February,2026,2,2
Nigeria,Sokoto,Illela,NGA,NG034008,NG03,February,2026,0,0
Nigeria,Sokoto,Isa,NGA,NG034009,NG03,February,2026,5,9
Nigeria,Sokoto,Kebbe,NGA,NG034010,NG03,February,2026,0,0
Nigeria,Sokoto,Kware,NGA,NG034011,NG03,February,2026,0,0
Nigeria,Sokoto,Rabah,NGA,NG034012,NG03,February,2026,2,0
Nigeria,Sokoto,Sabon Birni,NGA,NG034013,NG03,February,2026,9,6
Nigeria,Sokoto,Shagari,NGA,NG034014,NG03,February,2026,0,0
Nigeria,Sokoto,Silame,NGA,NG034015,NG03,February,2026,0,0
Nigeria,Sokoto,Sokoto North,NGA,NG034016,NG03,February,2026,0,0
Nigeria,Sokoto,Sokoto South,NGA,NG034017,NG03,February,2026,0,0
Nigeria,Sokoto,Tambuwal,NGA,NG034018,NG03,February,2026,0,0
Nigeria,Sokoto,Tangaza,NGA,NG034019,NG03,February,2026,6,14
Nigeria,Sokoto,Tureta,NGA,NG034020,NG03,February,2026,1,3
Nigeria,Sokoto,Wamakko,NGA,NG034021,NG03,February,2026,1,0
Nigeria,Sokoto,Wurno,NGA,NG034022,NG03,February,2026,6,11
Nigeria,Sokoto,Yabo,NGA,NG034023,NG03,February,2026,0,0
Nigeria,Taraba,Ardo Kola,NGA,NG035001,NG03,February,2026,0,0
Nigeria,Taraba,Bali,NGA,NG035002,NG03,February,2026,0,0
Nigeria,Taraba,Donga,NGA,NG035003,NG03,February,2026,0,0
Nigeria,Taraba,Gashaka,NGA,NG035004,NG03,February,2026,0,0
Nigeria,Taraba,Gassol,NGA,NG035005,NG03,February,2026,0,0
Nigeria,Taraba,Ibi,NGA,NG035006,NG03,February,2026,0,0
Nigeria,Taraba,Jalingo,NGA,NG035007,NG03,February,2026,0,0
Nigeria,Taraba,Karim Lamidu,NGA,NG035008,NG03,February,2026,0,0
Nigeria,Taraba,Kurmi,NGA,NG035009,NG03,February,2026,0,0
Nigeria,Taraba,Lau,NGA,NG035010,NG03,February,2026,0,0
Nigeria,Taraba,Sardauna,NGA,NG035011,NG03,February,2026,0,0
Nigeria,Taraba,Takum,NGA,NG035012,NG03,February,2026,4,22
Nigeria,Taraba,Ussa,NGA,NG035013,NG03,February,2026,0,0
Nigeria,Taraba,Wukari,NGA,NG035014,NG03,February,2026,0,0
Nigeria,Taraba,Yorro,NGA,NG035015,NG03,February,2026,0,0
Nigeria,Taraba,Zing,NGA,NG035016,NG03,February,2026,0,0
Nigeria,Yobe,Bade,NGA,NG036001,NG03,February,2026,1,1
Nigeria,Yobe,Bursari,NGA,NG036002,NG03,February,2026,1,0
Nigeria,Yobe,Damaturu,NGA,NG036003,NG03,February,2026,3,0
Nigeria,Yobe,Fika,NGA,NG036004,NG03,February,2026,1,15
Nigeria,Yobe,Fune,NGA,NG036005,NG03,February,2026,1,1
Nigeria,Yobe,Geidam,NGA,NG036006,NG03,February,2026,0,0
Nigeria,Yobe,Gujba,NGA,NG036007,NG03,February,2026,2,15
Nigeria,Yobe,Gulami,NGA,NG036008,NG03,February,2026,0,0
Nigeria,Yobe,Jakusko,NGA,NG036009,NG03,February,2026,0,0
Nigeria,Yobe,Karasuwa,NGA,NG036010,NG03,February,2026,1,1
Nigeria,Yobe,Machina,NGA,NG036011,NG03,February,2026,0,0
Nigeria,Yobe,Nangere,NGA,NG036012,NG03,February,2026,1,1
Nigeria,Yobe,Nguru,NGA,NG036013,NG03,February,2026,0,0
Nigeria,Yobe,Potiskum,NGA,NG036014,NG03,February,2026,0,0
Nigeria,Yobe,Tarmua,NGA,NG036015,NG03,February,2026,0,0
Nigeria,Yobe,Yunusari,NGA,NG036016,NG03,February,2026,1,0
Nigeria,Yobe,Yusufari,NGA,NG036017,NG03,February,2026,0,0
Nigeria,Zamfara,Anka,NGA,NG037001,NG03,February,2026,5,75
Nigeria,Zamfara,Bakura,NGA,NG037002,NG03,February,2026,0,0
Nigeria,Zamfara,Bukkuyum,NGA,NG037004,NG03,February,2026,5,7
Nigeria,Zamfara,Bungudu,NGA,NG037005,NG03,February,2026,2,1
Nigeria,Zamfara,Gummi,NGA,NG037006,NG03,February,2026,0,0
Nigeria,Zamfara,Gusau,NGA,NG037007,NG03,February,2026,3,1
Nigeria,Zamfara,Kaura Namoda,NGA,NG037008,NG03,February,2026,5,4
Nigeria,Zamfara,Kiyawa,NGA,NG037003,NG03,February,2026,2,3
Nigeria,Zamfara,Maradun,NGA,NG037009,NG03,February,2026,4,6
Nigeria,Zamfara,Maru,NGA,NG037010,NG03,February,2026,2,1
Nigeria,Zamfara,Shinkafi,NGA,NG037011,NG03,February,2026,0,0
Nigeria,Zamfara,Talata Mafara,NGA,NG037012,NG03,February,2026,3,4
Nigeria,Zamfara,Tsafe,NGA,NG037013,NG03,February,2026,17,43
Nigeria,Zamfara,Zurmi,NGA,NG037014,NG03,February,2026,1,1
Nigeria,Abia,Aba North,NGA,NG001001,NG00,March,2026,0,0
Nigeria,Abia,Aba South,NGA,NG001002,NG00,March,2026,0,0
Nigeria,Abia,Arochukwu,NGA,NG001003,NG00,March,2026,0,0
Nigeria,Abia,Bende,NGA,NG001004,NG00,March,2026,0,0
Nigeria,Abia,Ikwuano,NGA,NG001005,NG00,March,2026,0,0
Nigeria,Abia,Isiala Ngwa North,NGA,NG001007,NG00,March,2026,1,3
Nigeria,Abia,Isiala Ngwa South,NGA,NG001006,NG00,March,2026,0,0
Nigeria,Abia,Isuikwuato,NGA,NG001008,NG00,March,2026,0,0
Nigeria,Abia,Nneochi,NGA,NG001017,NG00,March,2026,0,0
Nigeria,Abia,Obioma Ngwa,NGA,NG001009,NG00,March,2026,0,0
Nigeria,Abia,Ohafia,NGA,NG001010,NG00,March,2026,0,0
Nigeria,Abia,Osisioma,NGA,NG001011,NG00,March,2026,0,0
Nigeria,Abia,Ugwunagbo,NGA,NG001012,NG00,March,2026,0,0
Nigeria,Abia,Ukwa East,NGA,NG001013,NG00,March,2026,0,0
Nigeria,Abia,Ukwa West,NGA,NG001014,NG00,March,2026,0,0
Nigeria,Abia,Umuahia North,NGA,NG001015,NG00,March,2026,1,1
Nigeria,Abia,Umuahia South,NGA,NG001016,NG00,March,2026,0,0
Nigeria,Adamawa,Demsa,NGA,NG002001,NG00,March,2026,0,0
Nigeria,Adamawa,Fufore,NGA,NG002002,NG00,March,2026,0,0
Nigeria,Adamawa,Ganye,NGA,NG002003,NG00,March,2026,0,0
Nigeria,Adamawa,Girei,NGA,NG002005,NG00,March,2026,0,0
Nigeria,Adamawa,Gombi,NGA,NG002004,NG00,March,2026,0,0
Nigeria,Adamawa,Guyuk,NGA,NG002006,NG00,March,2026,0,0
Nigeria,Adamawa,Hong,NGA,NG002007,NG00,March,2026,1,0
Nigeria,Adamawa,Jada,NGA,NG002008,NG00,March,2026,0,0
Nigeria,Adamawa,Lamurde,NGA,NG002009,NG00,March,2026,1,2
Nigeria,Adamawa,Madagali,NGA,NG002010,NG00,March,2026,3,20
Nigeria,Adamawa,Maiha,NGA,NG002011,NG00,March,2026,0,0
Nigeria,Adamawa,Mayo-Belwa,NGA,NG002012,NG00,March,2026,0,0
Nigeria,Adamawa,Michika,NGA,NG002013,NG00,March,2026,0,0
Nigeria,Adamawa,Mubi North,NGA,NG002014,NG00,March,2026,0,0
Nigeria,Adamawa,Mubi South,NGA,NG002015,NG00,March,2026,0,0
Nigeria,Adamawa,Numan,NGA,NG002016,NG00,March,2026,0,0
Nigeria,Adamawa,Shelleng,NGA,NG002017,NG00,March,2026,0,0
Nigeria,Adamawa,Song,NGA,NG002018,NG00,March,2026,1,1
Nigeria,Adamawa,Toungo,NGA,NG002019,NG00,March,2026,0,0
Nigeria,Adamawa,Yola-North,NGA,NG002021,NG00,March,2026,0,0
Nigeria,Adamawa,Yola-South,NGA,NG002020,NG00,March,2026,0,0
Nigeria,Akwa Ibom,Abak,NGA,NG003001,NG00,March,2026,0,0
Nigeria,Akwa Ibom,Eastern Obolo,NGA,NG003002,NG00,March,2026,0,0
Nigeria,Akwa Ibom,Eket,NGA,NG003003,NG00,March,2026,0,0
Nigeria,Akwa Ibom,Ekpe Atai,NGA,NG003004,NG00,March,2026,0,0
Nigeria,Akwa Ibom,Essien Udim,NGA,NG003005,NG00,March,2026,0,0
Nigeria,Akwa Ibom,Etim Ekpo,NGA,NG003006,NG00,March,2026,0,0
Nigeria,Akwa Ibom,Etinan,NGA,NG003007,NG00,March,2026,0,0
Nigeria,Akwa Ibom,Ibeno,NGA,NG003008,NG00,March,2026,0,0
Nigeria,Akwa Ibom,Ibesikpo Asutan,NGA,NG003009,NG00,March,2026,0,0
Nigeria,Akwa Ibom,Ibiono Ibom,NGA,NG003010,NG00,March,2026,0,0
Nigeria,Akwa Ibom,Ika,NGA,NG003011,NG00,March,2026,0,0
Nigeria,Akwa Ibom,Ikono,NGA,NG003012,NG00,March,2026,0,0
Nigeria,Akwa Ibom,Ikot Abasi,NGA,NG003013,NG00,March,2026,0,0
Nigeria,Akwa Ibom,Ikot Ekpene,NGA,NG003014,NG00,March,2026,0,0
Nigeria,Akwa Ibom,Ini,NGA,NG003015,NG00,March,2026,0,0
Nigeria,Akwa Ibom,Itu,NGA,NG003016,NG00,March,2026,0,0
Nigeria,Akwa Ibom,Mbo,NGA,NG003017,NG00,March,2026,0,0
Nigeria,Akwa Ibom,Mkpat Enin,NGA,NG003018,NG00,March,2026,0,0
Nigeria,Akwa Ibom,Nsit Ibom,NGA,NG003020,NG00,March,2026,0,0
Nigeria,Akwa Ibom,Nsit Ubium,NGA,NG003021,NG00,March,2026,0,0
Nigeria,Akwa Ibom,Obat Akara,NGA,NG003022,NG00,March,2026,0,0
Nigeria,Akwa Ibom,Okobo,NGA,NG003023,NG00,March,2026,0,0
Nigeria,Akwa Ibom,Onna,NGA,NG003024,NG00,March,2026,0,0
Nigeria,Akwa Ibom,Oron,NGA,NG003025,NG00,March,2026,0,0
Nigeria,Akwa Ibom,Oruk Anam,NGA,NG003026,NG00,March,2026,0,0
Nigeria,Akwa Ibom,Udung Uko,NGA,NG003027,NG00,March,2026,0,0
Nigeria,Akwa Ibom,Ukanafun,NGA,NG003028,NG00,March,2026,0,0
Nigeria,Akwa Ibom,Uruan,NGA,NG003029,NG00,March,2026,0,0
Nigeria,Akwa Ibom,Urue Offong,NGA,NG003030,NG00,March,2026,0,0
Nigeria,Akwa Ibom,Uyo,NGA,NG003031,NG00,March,2026,0,0
Nigeria,Anambra,Aguata,NGA,NG004001,NG00,March,2026,0,0
Nigeria,Anambra,Anambra East,NGA,NG004002,NG00,March,2026,1,0
Nigeria,Anambra,Anambra West,NGA,NG004003,NG00,March,2026,0,0
Nigeria,Anambra,Aniocha,NGA,NG004004,NG00,March,2026,0,0
Nigeria,Anambra,Awka North,NGA,NG004005,NG00,March,2026,0,0
Nigeria,Anambra,Awka South,NGA,NG004006,NG00,March,2026,0,0
Nigeria,Anambra,Ayamelum,NGA,NG004007,NG00,March,2026,0,0
Nigeria,Anambra,Dunukofia,NGA,NG004008,NG00,March,2026,0,0
Nigeria,Anambra,Ekwusigwo,NGA,NG004009,NG00,March,2026,0,0
Nigeria,Anambra,Idemili North,NGA,NG004010,NG00,March,2026,0,0
Nigeria,Anambra,Idemili South,NGA,NG004011,NG00,March,2026,0,0
Nigeria,Anambra,Ihiala,NGA,NG004012,NG00,March,2026,3,0
Nigeria,Anambra,Njikoka,NGA,NG004013,NG00,March,2026,0,0
Nigeria,Anambra,Nnewi North,NGA,NG004014,NG00,March,2026,0,0
Nigeria,Anambra,Nnewi South,NGA,NG004015,NG00,March,2026,0,0
Nigeria,Anambra,Ogbaru,NGA,NG004016,NG00,March,2026,0,0
Nigeria,Anambra,Onisha North,NGA,NG004017,NG00,March,2026,0,0
Nigeria,Anambra,Onisha South,NGA,NG004018,NG00,March,2026,0,0
Nigeria,Anambra,Orumba North,NGA,NG004019,NG00,March,2026,0,0
Nigeria,Anambra,Orumba South,NGA,NG004020,NG00,March,2026,0,0
Nigeria,Anambra,Oyi,NGA,NG004021,NG00,March,2026,0,0
Nigeria,Bauchi,Alkaleri,NGA,NG005001,NG00,March,2026,7,4
Nigeria,Bauchi,Bauchi,NGA,NG005002,NG00,March,2026,0,0
Nigeria,Bauchi,Bogoro,NGA,NG005003,NG00,March,2026,0,0
Nigeria,Bauchi,Damban,NGA,NG005004,NG00,March,2026,0,0
Nigeria,Bauchi,Darazo,NGA,NG005005,NG00,March,2026,0,0
Nigeria,Bauchi,Dass,NGA,NG005006,NG00,March,2026,0,0
Nigeria,Bauchi,Gamawa,NGA,NG005007,NG00,March,2026,1,2
Nigeria,Bauchi,Ganjuwa,NGA,NG005008,NG00,March,2026,0,0
Nigeria,Bauchi,Giade,NGA,NG005009,NG00,March,2026,0,0
Nigeria,Bauchi,Itas-Gadau,NGA,NG005010,NG00,March,2026,0,0
Nigeria,Bauchi,Jamaare,NGA,NG005011,NG00,March,2026,1,1
Nigeria,Bauchi,Katagum,NGA,NG005012,NG00,March,2026,0,0
Nigeria,Bauchi,Kirfi,NGA,NG005013,NG00,March,2026,0,0
Nigeria,Bauchi,Misau,NGA,NG005014,NG00,March,2026,0,0
Nigeria,Bauchi,Ningi,NGA,NG005015,NG00,March,2026,0,0
Nigeria,Bauchi,Shira,NGA,NG005016,NG00,March,2026,0,0
Nigeria,Bauchi,Tafawa Balewa,NGA,NG005017,NG00,March,2026,0,0
Nigeria,Bauchi,Toro,NGA,NG005018,NG00,March,2026,1,0
Nigeria,Bauchi,Warji,NGA,NG005019,NG00,March,2026,0,0
Nigeria,Bauchi,Zaki,NGA,NG005020,NG00,March,2026,3,2
Nigeria,Bayelsa,Brass,NGA,NG006001,NG00,March,2026,0,0
Nigeria,Bayelsa,Ekermor,NGA,NG006002,NG00,March,2026,0,0
Nigeria,Bayelsa,Kolokuma,NGA,NG006003,NG00,March,2026,0,0
Nigeria,Bayelsa,Nembe,NGA,NG006004,NG00,March,2026,0,0
Nigeria,Bayelsa,Ogbia,NGA,NG006005,NG00,March,2026,0,0
Nigeria,Bayelsa,Sagbama,NGA,NG006006,NG00,March,2026,0,0
Nigeria,Bayelsa,Southern Ijaw,NGA,NG006007,NG00,March,2026,1,1
Nigeria,Bayelsa,Yenagoa,NGA,NG006008,NG00,March,2026,0,0
Nigeria,Benue,Ado,NGA,NG007001,NG00,March,2026,1,1
Nigeria,Benue,Agatu,NGA,NG007002,NG00,March,2026,0,0
Nigeria,Benue,Apa,NGA,NG007003,NG00,March,2026,3,16
Nigeria,Benue,Buruku,NGA,NG007004,NG00,March,2026,1,1
Nigeria,Benue,Gboko,NGA,NG007005,NG00,March,2026,1,0
Nigeria,Benue,Guma,NGA,NG007006,NG00,March,2026,2,2
Nigeria,Benue,Gwer East,NGA,NG007007,NG00,March,2026,1,2
Nigeria,Benue,Gwer West,NGA,NG007008,NG00,March,2026,1,1
Nigeria,Benue,Katsina Ala,NGA,NG007009,NG00,March,2026,7,9
Nigeria,Benue,Konshisha,NGA,NG007010,NG00,March,2026,0,0
Nigeria,Benue,Kwande,NGA,NG007011,NG00,March,2026,4,28
Nigeria,Benue,Logo,NGA,NG007012,NG00,March,2026,4,4
Nigeria,Benue,Makurdi,NGA,NG007013,NG00,March,2026,7,4
Nigeria,Benue,Obi,NGA,NG007014,NG00,March,2026,0,0
Nigeria,Benue,Ogbadibo,NGA,NG007015,NG00,March,2026,0,0
Nigeria,Benue,Ohimini,NGA,NG007016,NG00,March,2026,0,0
Nigeria,Benue,Oju,NGA,NG007017,NG00,March,2026,0,0
Nigeria,Benue,Okpokwu,NGA,NG007018,NG00,March,2026,0,0
Nigeria,Benue,Otukpo,NGA,NG007019,NG00,March,2026,3,1
Nigeria,Benue,Tarka,NGA,NG007020,NG00,March,2026,0,0
Nigeria,Benue,Ukum,NGA,NG007021,NG00,March,2026,3,13
Nigeria,Benue,Ushongo,NGA,NG007022,NG00,March,2026,0,0
Nigeria,Benue,Vandeikya,NGA,NG007023,NG00,March,2026,1,0
Nigeria,Borno,Abadan,NGA,NG008001,NG00,March,2026,2,95
Nigeria,Borno,Askira Uba,NGA,NG008002,NG00,March,2026,1,0
Nigeria,Borno,Bama,NGA,NG008003,NG00,March,2026,11,48
Nigeria,Borno,Bayo,NGA,NG008004,NG00,March,2026,0,0
Nigeria,Borno,Biu,NGA,NG008005,NG00,March,2026,6,77
Nigeria,Borno,Chibok,NGA,NG008006,NG00,March,2026,2,51
Nigeria,Borno,Damboa,NGA,NG008007,NG00,March,2026,7,44
Nigeria,Borno,Dikwa,NGA,NG008008,NG00,March,2026,2,1
Nigeria,Borno,Gubio,NGA,NG008009,NG00,March,2026,0,0
Nigeria,Borno,Guzamala,NGA,NG008010,NG00,March,2026,0,0
Nigeria,Borno,Gwoza,NGA,NG008011,NG00,March,2026,26,167
Nigeria,Borno,Hawul,NGA,NG008012,NG00,March,2026,1,10
Nigeria,Borno,Jere,NGA,NG008013,NG00,March,2026,1,0
Nigeria,Borno,Kaga,NGA,NG008014,NG00,March,2026,3,3
Nigeria,Borno,Kala Balge,NGA,NG008015,NG00,March,2026,2,6
Nigeria,Borno,Konduga,NGA,NG008016,NG00,March,2026,19,124
Nigeria,Borno,Kukawa,NGA,NG008017,NG00,March,2026,9,54
Nigeria,Borno,Kwaya Kusar,NGA,NG008018,NG00,March,2026,0,0
Nigeria,Borno,Mafa,NGA,NG008019,NG00,March,2026,3,27
Nigeria,Borno,Magumeri,NGA,NG008020,NG00,March,2026,1,0
Nigeria,Borno,Maiduguri Metro,NGA,NG008021,NG00,March,2026,6,27
Nigeria,Borno,Marte,NGA,NG008022,NG00,March,2026,4,45
Nigeria,Borno,Mobbar,NGA,NG008023,NG00,March,2026,7,8
Nigeria,Borno,Monguno,NGA,NG008024,NG00,March,2026,3,5
Nigeria,Borno,Ngala,NGA,NG008025,NG00,March,2026,1,1
Nigeria,Borno,Nganzai,NGA,NG008026,NG00,March,2026,5,7
Nigeria,Borno,Shani,NGA,NG008027,NG00,March,2026,0,0
Nigeria,Cross River,Abi,NGA,NG009001,NG00,March,2026,0,0
Nigeria,Cross River,Akamkpa,NGA,NG009002,NG00,March,2026,0,0
Nigeria,Cross River,Akpabuyo,NGA,NG009003,NG00,March,2026,0,0
Nigeria,Cross River,Bekwara,NGA,NG009006,NG00,March,2026,0,0
Nigeria,Cross River,Biase,NGA,NG009007,NG00,March,2026,1,0
Nigeria,Cross River,Boki,NGA,NG009008,NG00,March,2026,0,0
Nigeria,Cross River,Calabar Municipal,NGA,NG009010,NG00,March,2026,1,1
Nigeria,Cross River,Calabar South,NGA,NG009009,NG00,March,2026,0,0
Nigeria,Cross River,Etung,NGA,NG009011,NG00,March,2026,0,0
Nigeria,Cross River,Ikom,NGA,NG009012,NG00,March,2026,0,0
Nigeria,Cross River,Obanliku,NGA,NG009013,NG00,March,2026,0,0
Nigeria,Cross River,Obubra,NGA,NG009014,NG00,March,2026,2,6
Nigeria,Cross River,Obudu,NGA,NG009015,NG00,March,2026,0,0
Nigeria,Cross River,Odukpani,NGA,NG009016,NG00,March,2026,0,0
Nigeria,Cross River,Ogaja,NGA,NG009017,NG00,March,2026,0,0
Nigeria,Cross River,Yakurr,NGA,NG009018,NG00,March,2026,0,0
Nigeria,Cross River,Yala,NGA,NG009019,NG00,March,2026,0,0
Nigeria,Delta,Aniocha North,NGA,NG010001,NG01,March,2026,1,1
Nigeria,Delta,Aniocha South,NGA,NG010002,NG01,March,2026,0,0
Nigeria,Delta,Bomadi,NGA,NG010003,NG01,March,2026,0,0
Nigeria,Delta,Burutu,NGA,NG010004,NG01,March,2026,0,0
Nigeria,Delta,Ethiope East,NGA,NG010005,NG01,March,2026,0,0
Nigeria,Delta,Ethiope West,NGA,NG010006,NG01,March,2026,0,0
Nigeria,Delta,Ika North East,NGA,NG010007,NG01,March,2026,0,0
Nigeria,Delta,Ika South,NGA,NG010008,NG01,March,2026,0,0
Nigeria,Delta,Isoko North,NGA,NG010009,NG01,March,2026,0,0
Nigeria,Delta,Isoko South,NGA,NG010010,NG01,March,2026,1,3
Nigeria,Delta,Ndokwa East,NGA,NG010011,NG01,March,2026,0,0
Nigeria,Delta,Ndokwa West,NGA,NG010012,NG01,March,2026,0,0
Nigeria,Delta,Okpe,NGA,NG010013,NG01,March,2026,0,0
Nigeria,Delta,Oshimili North,NGA,NG010014,NG01,March,2026,2,0
Nigeria,Delta,Oshimili South,NGA,NG010015,NG01,March,2026,0,0
Nigeria,Delta,Patani,NGA,NG010016,NG01,March,2026,0,0
Nigeria,Delta,Sapele,NGA,NG010017,NG01,March,2026,0,0
Nigeria,Delta,Udu,NGA,NG010018,NG01,March,2026,0,0
Nigeria,Delta,Ughelli North,NGA,NG010019,NG01,March,2026,0,0
Nigeria,Delta,Ughelli South,NGA,NG010020,NG01,March,2026,0,0
Nigeria,Delta,Ukwuani,NGA,NG010021,NG01,March,2026,0,0
Nigeria,Delta,Uvwie,NGA,NG010022,NG01,March,2026,0,0
Nigeria,Delta,Warri North,NGA,NG010023,NG01,March,2026,0,0
Nigeria,Delta,Warri South,NGA,NG010024,NG01,March,2026,0,0
Nigeria,Delta,Warri South-West,NGA,NG010025,NG01,March,2026,0,0
Nigeria,Ebonyi,Abakaliki,NGA,NG011001,NG01,March,2026,0,0
Nigeria,Ebonyi,Afikpo North,NGA,NG011002,NG01,March,2026,0,0
Nigeria,Ebonyi,Afikpo South,NGA,NG011003,NG01,March,2026,0,0
Nigeria,Ebonyi,Ebonyi,NGA,NG011004,NG01,March,2026,0,0
Nigeria,Ebonyi,Ezza North,NGA,NG011005,NG01,March,2026,0,0
Nigeria,Ebonyi,Ezza South,NGA,NG011006,NG01,March,2026,0,0
Nigeria,Ebonyi,Ikwo,NGA,NG011007,NG01,March,2026,2,1
Nigeria,Ebonyi,Ishielu,NGA,NG011008,NG01,March,2026,0,0
Nigeria,Ebonyi,Ivo,NGA,NG011009,NG01,March,2026,0,0
Nigeria,Ebonyi,Izzi,NGA,NG011010,NG01,March,2026,0,0
Nigeria,Ebonyi,Ohaozara,NGA,NG011011,NG01,March,2026,0,0
Nigeria,Ebonyi,Ohaukwu,NGA,NG011012,NG01,March,2026,0,0
Nigeria,Ebonyi,Onicha,NGA,NG011013,NG01,March,2026,0,0
Nigeria,Edo,Akoko Edo,NGA,NG012001,NG01,March,2026,0,0
Nigeria,Edo,Egor,NGA,NG012002,NG01,March,2026,0,0
Nigeria,Edo,Esan Central,NGA,NG012003,NG01,March,2026,0,0
Nigeria,Edo,Esan North East,NGA,NG012004,NG01,March,2026,0,0
Nigeria,Edo,Esan South East,NGA,NG012005,NG01,March,2026,1,1
Nigeria,Edo,Esan West,NGA,NG012006,NG01,March,2026,0,0
Nigeria,Edo,Etsako Central,NGA,NG012007,NG01,March,2026,0,0
Nigeria,Edo,Etsako East,NGA,NG012008,NG01,March,2026,0,0
Nigeria,Edo,Etsako West,NGA,NG012009,NG01,March,2026,5,5
Nigeria,Edo,Igueben,NGA,NG012010,NG01,March,2026,0,0
Nigeria,Edo,Ikpoba Okha,NGA,NG012011,NG01,March,2026,1,0
Nigeria,Edo,Oredo,NGA,NG012012,NG01,March,2026,0,0
Nigeria,Edo,Orhionwon,NGA,NG012013,NG01,March,2026,0,0
Nigeria,Edo,Ovia North East,NGA,NG012014,NG01,March,2026,0,0
Nigeria,Edo,Ovia South West,NGA,NG012015,NG01,March,2026,0,0
Nigeria,Edo,Owan East,NGA,NG012016,NG01,March,2026,0,0
Nigeria,Edo,Owan West,NGA,NG012017,NG01,March,2026,0,0
Nigeria,Edo,Uhunmwode,NGA,NG012018,NG01,March,2026,0,0
Nigeria,Ekiti,Ado Ekiti,NGA,NG013001,NG01,March,2026,0,0
Nigeria,Ekiti,Aiyekire,NGA,NG013002,NG01,March,2026,0,0
Nigeria,Ekiti,Efon,NGA,NG013003,NG01,March,2026,0,0
Nigeria,Ekiti,Ekiti East,NGA,NG013004,NG01,March,2026,0,0
Nigeria,Ekiti,Ekiti South West,NGA,NG013005,NG01,March,2026,0,0
Nigeria,Ekiti,Ekiti West,NGA,NG013006,NG01,March,2026,0,0
Nigeria,Ekiti,Emure,NGA,NG013007,NG01,March,2026,0,0
Nigeria,Ekiti,Ido-Osi,NGA,NG013008,NG01,March,2026,0,0
Nigeria,Ekiti,Ijero,NGA,NG013009,NG01,March,2026,0,0
Nigeria,Ekiti,Ikere,NGA,NG013010,NG01,March,2026,0,0
Nigeria,Ekiti,Ikole,NGA,NG013011,NG01,March,2026,0,0
Nigeria,Ekiti,Ilejemeji,NGA,NG013012,NG01,March,2026,0,0
Nigeria,Ekiti,Irepodun,NGA,NG013013,NG01,March,2026,0,0
Nigeria,Ekiti,Ise,NGA,NG013014,NG01,March,2026,0,0
Nigeria,Ekiti,Moba,NGA,NG013015,NG01,March,2026,0,0
Nigeria,Ekiti,Oye,NGA,NG013016,NG01,March,2026,0,0
Nigeria,Enugu,Agwu,NGA,NG014002,NG01,March,2026,0,0
Nigeria,Enugu,Aninri,NGA,NG014001,NG01,March,2026,0,0
Nigeria,Enugu,Enugu East,NGA,NG014003,NG01,March,2026,0,0
Nigeria,Enugu,Enugu North,NGA,NG014004,NG01,March,2026,0,0
Nigeria,Enugu,Enugu South,NGA,NG014005,NG01,March,2026,0,0
Nigeria,Enugu,Ezeagu,NGA,NG014006,NG01,March,2026,2,0
Nigeria,Enugu,Igbo Etiti,NGA,NG014007,NG01,March,2026,0,0
Nigeria,Enugu,Igbo Eze North,NGA,NG014008,NG01,March,2026,1,0
Nigeria,Enugu,Igbo Eze South,NGA,NG014009,NG01,March,2026,0,0
Nigeria,Enugu,Isi Uzo,NGA,NG014010,NG01,March,2026,0,0
Nigeria,Enugu,Nkanu East,NGA,NG014011,NG01,March,2026,0,0
Nigeria,Enugu,Nkanu West,NGA,NG014012,NG01,March,2026,0,0
Nigeria,Enugu,Nsukka,NGA,NG014013,NG01,March,2026,0,0
Nigeria,Enugu,Oji River,NGA,NG014014,NG01,March,2026,0,0
Nigeria,Enugu,Udenu,NGA,NG014015,NG01,March,2026,0,0
Nigeria,Enugu,Udi,NGA,NG014016,NG01,March,2026,0,0
Nigeria,Enugu,Uzo Uwani,NGA,NG014017,NG01,March,2026,0,0
Nigeria,Federal Capital Territory,Abaji,NGA,NG015001,NG01,March,2026,0,0
Nigeria,Federal Capital Territory,Abuja Municipal,NGA,NG015002,NG01,March,2026,1,0
Nigeria,Federal Capital Territory,Bwari,NGA,NG015003,NG01,March,2026,6,3
Nigeria,Federal Capital Territory,Gwagwalada,NGA,NG015004,NG01,March,2026,0,0
Nigeria,Federal Capital Territory,Kuje,NGA,NG015005,NG01,March,2026,1,1
Nigeria,Federal Capital Territory,Kwali,NGA,NG015006,NG01,March,2026,0,0
Nigeria,Gombe,Akko,NGA,NG016001,NG01,March,2026,0,0
Nigeria,Gombe,Balanga,NGA,NG016002,NG01,March,2026,0,0
Nigeria,Gombe,Billiri,NGA,NG016003,NG01,March,2026,0,0
Nigeria,Gombe,Dukku,NGA,NG016004,NG01,March,2026,0,0
Nigeria,Gombe,Funakaye,NGA,NG016005,NG01,March,2026,0,0
Nigeria,Gombe,Gombe,NGA,NG016006,NG01,March,2026,0,0
Nigeria,Gombe,Kaltungo,NGA,NG016007,NG01,March,2026,0,0
Nigeria,Gombe,Kwami,NGA,NG016008,NG01,March,2026,0,0
Nigeria,Gombe,Nafada,NGA,NG016009,NG01,March,2026,1,1
Nigeria,Gombe,Shomgom,NGA,NG016010,NG01,March,2026,0,0
Nigeria,Gombe,Yamaltu,NGA,NG016011,NG01,March,2026,0,0
Nigeria,Imo,Aboh Mbaise,NGA,NG017001,NG01,March,2026,0,0
Nigeria,Imo,Ahiazu Mbaise,NGA,NG017002,NG01,March,2026,0,0
Nigeria,Imo,Ehime Mbano,NGA,NG017003,NG01,March,2026,0,0
Nigeria,Imo,Ezinihitte Mbaise,NGA,NG017004,NG01,March,2026,0,0
Nigeria,Imo,Ideato North,NGA,NG017005,NG01,March,2026,0,0
Nigeria,Imo,Ideato South,NGA,NG017006,NG01,March,2026,0,0
Nigeria,Imo,Ihitte Uboma,NGA,NG017007,NG01,March,2026,0,0
Nigeria,Imo,Ikeduru,NGA,NG017008,NG01,March,2026,0,0
Nigeria,Imo,Isiala Mbano,NGA,NG017009,NG01,March,2026,0,0
Nigeria,Imo,Isu,NGA,NG017010,NG01,March,2026,0,0
Nigeria,Imo,Mbaitoli,NGA,NG017011,NG01,March,2026,0,0
Nigeria,Imo,Ngor Okpala,NGA,NG017012,NG01,March,2026,0,0
Nigeria,Imo,Njaba,NGA,NG017013,NG01,March,2026,0,0
Nigeria,Imo,Nkwangele,NGA,NG017015,NG01,March,2026,0,0
Nigeria,Imo,Nkwerre,NGA,NG017014,NG01,March,2026,0,0
Nigeria,Imo,Obowo,NGA,NG017016,NG01,March,2026,0,0
Nigeria,Imo,Oguta,NGA,NG017017,NG01,March,2026,0,0
Nigeria,Imo,Ohaji,NGA,NG017018,NG01,March,2026,1,1
Nigeria,Imo,Okigwe,NGA,NG017019,NG01,March,2026,1,0
Nigeria,Imo,Onuimo,NGA,NG017027,NG01,March,2026,0,0
Nigeria,Imo,Orlu,NGA,NG017020,NG01,March,2026,0,0
Nigeria,Imo,Orsu,NGA,NG017021,NG01,March,2026,4,2
Nigeria,Imo,Oru East,NGA,NG017022,NG01,March,2026,0,0
Nigeria,Imo,Oru West,NGA,NG017023,NG01,March,2026,0,0
Nigeria,Imo,Owerri Municipal,NGA,NG017026,NG01,March,2026,0,0
Nigeria,Imo,Owerri North,NGA,NG017024,NG01,March,2026,0,0
Nigeria,Imo,Owerri West,NGA,NG017025,NG01,March,2026,0,0
Nigeria,Jigawa,Auyo,NGA,NG018001,NG01,March,2026,0,0
Nigeria,Jigawa,Babura,NGA,NG018002,NG01,March,2026,0,0
Nigeria,Jigawa,Birnin Kudu,NGA,NG018004,NG01,March,2026,0,0
Nigeria,Jigawa,Birniwa,NGA,NG018003,NG01,March,2026,0,0
Nigeria,Jigawa,Buji,NGA,NG018005,NG01,March,2026,0,0
Nigeria,Jigawa,Dutse,NGA,NG018006,NG01,March,2026,0,0
Nigeria,Jigawa,Gagarawa,NGA,NG018007,NG01,March,2026,0,0
Nigeria,Jigawa,Garki,NGA,NG018008,NG01,March,2026,0,0
Nigeria,Jigawa,Gumel,NGA,NG018009,NG01,March,2026,0,0
Nigeria,Jigawa,Guri,NGA,NG018010,NG01,March,2026,0,0
Nigeria,Jigawa,Gwaram,NGA,NG018011,NG01,March,2026,0,0
Nigeria,Jigawa,Gwiwa,NGA,NG018012,NG01,March,2026,0,0
Nigeria,Jigawa,Hadejia,NGA,NG018013,NG01,March,2026,0,0
Nigeria,Jigawa,Jahun,NGA,NG018014,NG01,March,2026,0,0
Nigeria,Jigawa,Kafin Hausa,NGA,NG018015,NG01,March,2026,0,0
Nigeria,Jigawa,Kaugama,NGA,NG018016,NG01,March,2026,1,1
Nigeria,Jigawa,Kazaure,NGA,NG018017,NG01,March,2026,0,0
Nigeria,Jigawa,Kiri-Kasamma,NGA,NG018018,NG01,March,2026,0,0
Nigeria,Jigawa,Kiyawa,NGA,NG018019,NG01,March,2026,0,0
Nigeria,Jigawa,Maigatari,NGA,NG018020,NG01,March,2026,0,0
Nigeria,Jigawa,Malam Madori,NGA,NG018021,NG01,March,2026,0,0
Nigeria,Jigawa,Miga,NGA,NG018022,NG01,March,2026,0,0
Nigeria,Jigawa,Ringim,NGA,NG018023,NG01,March,2026,0,0
Nigeria,Jigawa,Roni,NGA,NG018024,NG01,March,2026,0,0
Nigeria,Jigawa,Sule Takarkar,NGA,NG018025,NG01,March,2026,0,0
Nigeria,Jigawa,Taura,NGA,NG018026,NG01,March,2026,0,0
Nigeria,Jigawa,Yankwashi,NGA,NG018027,NG01,March,2026,0,0
Nigeria,Kaduna,Birnin Gwari,NGA,NG019001,NG01,March,2026,2,1
Nigeria,Kaduna,Chikun,NGA,NG019002,NG01,March,2026,4,1
Nigeria,Kaduna,Giwa,NGA,NG019003,NG01,March,2026,3,1
Nigeria,Kaduna,Igabi,NGA,NG019004,NG01,March,2026,1,0
Nigeria,Kaduna,Ikara,NGA,NG019005,NG01,March,2026,0,0
Nigeria,Kaduna,Jaba,NGA,NG019006,NG01,March,2026,0,0
Nigeria,Kaduna,Jema'a,NGA,NG019007,NG01,March,2026,0,0
Nigeria,Kaduna,Kachia,NGA,NG019008,NG01,March,2026,5,1
Nigeria,Kaduna,Kaduna North,NGA,NG019009,NG01,March,2026,0,0
Nigeria,Kaduna,Kaduna South,NGA,NG019010,NG01,March,2026,0,0
Nigeria,Kaduna,Kagarko,NGA,NG019011,NG01,March,2026,6,16
Nigeria,Kaduna,Kajuru,NGA,NG019014,NG01,March,2026,4,1
Nigeria,Kaduna,Kaura,NGA,NG019013,NG01,March,2026,0,0
Nigeria,Kaduna,Kauru,NGA,NG019012,NG01,March,2026,0,0
Nigeria,Kaduna,Kubau,NGA,NG019015,NG01,March,2026,2,1
Nigeria,Kaduna,Kudan,NGA,NG019016,NG01,March,2026,0,0
Nigeria,Kaduna,Lere,NGA,NG019017,NG01,March,2026,0,0
Nigeria,Kaduna,Makarfi,NGA,NG019018,NG01,March,2026,1,1
Nigeria,Kaduna,Sabon Gari,NGA,NG019019,NG01,March,2026,0,0
Nigeria,Kaduna,Sanga,NGA,NG019020,NG01,March,2026,1,0
Nigeria,Kaduna,Soba,NGA,NG019021,NG01,March,2026,0,0
Nigeria,Kaduna,Zangon Kataf,NGA,NG019022,NG01,March,2026,1,1
Nigeria,Kaduna,Zaria,NGA,NG019023,NG01,March,2026,0,0
Nigeria,Kano,Ajingi,NGA,NG020001,NG02,March,2026,0,0
Nigeria,Kano,Albasu,NGA,NG020002,NG02,March,2026,0,0
Nigeria,Kano,Bagwai,NGA,NG020003,NG02,March,2026,0,0
Nigeria,Kano,Bebeji,NGA,NG020004,NG02,March,2026,1,1
Nigeria,Kano,Bichi,NGA,NG020005,NG02,March,2026,1,1
Nigeria,Kano,Bunkure,NGA,NG020006,NG02,March,2026,0,0
Nigeria,Kano,Dala,NGA,NG020007,NG02,March,2026,0,0
Nigeria,Kano,Danbatta,NGA,NG020008,NG02,March,2026,0,0
Nigeria,Kano,Dawakin Kudu,NGA,NG020009,NG02,March,2026,0,0
Nigeria,Kano,Dawakin Tofa,NGA,NG020010,NG02,March,2026,0,0
Nigeria,Kano,Doguwa,NGA,NG020011,NG02,March,2026,0,0
Nigeria,Kano,Fagge,NGA,NG020012,NG02,March,2026,0,0
Nigeria,Kano,Gabasawa,NGA,NG020013,NG02,March,2026,0,0
Nigeria,Kano,Garko,NGA,NG020014,NG02,March,2026,0,0
Nigeria,Kano,Garun Mallam,NGA,NG020015,NG02,March,2026,0,0
Nigeria,Kano,Gaya,NGA,NG020016,NG02,March,2026,0,0
Nigeria,Kano,Gezawa,NGA,NG020017,NG02,March,2026,0,0
Nigeria,Kano,Gwale,NGA,NG020018,NG02,March,2026,1,1
Nigeria,Kano,Gwarzo,NGA,NG020019,NG02,March,2026,3,5
Nigeria,Kano,Kabo,NGA,NG020020,NG02,March,2026,0,0
Nigeria,Kano,Kano Municipal,NGA,NG020021,NG02,March,2026,1,1
Nigeria,Kano,Karaye,NGA,NG020022,NG02,March,2026,0,0
Nigeria,Kano,Kibiya,NGA,NG020023,NG02,March,2026,1,0
Nigeria,Kano,Kiru,NGA,NG020024,NG02,March,2026,0,0
Nigeria,Kano,Kumbotso,NGA,NG020025,NG02,March,2026,0,0
Nigeria,Kano,Kunchi,NGA,NG020026,NG02,March,2026,0,0
Nigeria,Kano,Kura,NGA,NG020027,NG02,March,2026,0,0
Nigeria,Kano,Madobi,NGA,NG020028,NG02,March,2026,0,0
Nigeria,Kano,Makoda,NGA,NG020029,NG02,March,2026,0,0
Nigeria,Kano,Minjibir,NGA,NG020030,NG02,March,2026,0,0
Nigeria,Kano,Nassarawa,NGA,NG020031,NG02,March,2026,0,0
Nigeria,Kano,Rano,NGA,NG020032,NG02,March,2026,0,0
Nigeria,Kano,Rimin Gado,NGA,NG020033,NG02,March,2026,0,0
Nigeria,Kano,Rogo,NGA,NG020034,NG02,March,2026,4,0
Nigeria,Kano,Shanono,NGA,NG020035,NG02,March,2026,2,2
Nigeria,Kano,Sumaila,NGA,NG020036,NG02,March,2026,0,0
Nigeria,Kano,Takai,NGA,NG020037,NG02,March,2026,0,0
Nigeria,Kano,Tarauni,NGA,NG020038,NG02,March,2026,0,0
Nigeria,Kano,Tofa,NGA,NG020039,NG02,March,2026,0,0
Nigeria,Kano,Tsanyawa,NGA,NG020040,NG02,March,2026,0,0
Nigeria,Kano,Tudun Wada,NGA,NG020041,NG02,March,2026,0,0
Nigeria,Kano,Ungogo,NGA,NG020042,NG02,March,2026,0,0
Nigeria,Kano,Warawa,NGA,NG020043,NG02,March,2026,0,0
Nigeria,Kano,Wudil,NGA,NG020044,NG02,March,2026,1,4
Nigeria,Katsina,Bakori,NGA,NG021001,NG02,March,2026,1,0
Nigeria,Katsina,Batagarawa,NGA,NG021002,NG02,March,2026,0,0
Nigeria,Katsina,Batsari,NGA,NG021003,NG02,March,2026,0,0
Nigeria,Katsina,Baure,NGA,NG021004,NG02,March,2026,0,0
Nigeria,Katsina,Bindawa,NGA,NG021005,NG02,March,2026,0,0
Nigeria,Katsina,Charanchi,NGA,NG021006,NG02,March,2026,0,0
Nigeria,Katsina,Dan-Musa,NGA,NG021007,NG02,March,2026,2,48
Nigeria,Katsina,Dandume,NGA,NG021008,NG02,March,2026,5,19
Nigeria,Katsina,Danja,NGA,NG021009,NG02,March,2026,2,0
Nigeria,Katsina,Daura,NGA,NG021010,NG02,March,2026,0,0
Nigeria,Katsina,Dutsi,NGA,NG021011,NG02,March,2026,0,0
Nigeria,Katsina,Dutsinma,NGA,NG021012,NG02,March,2026,2,2
Nigeria,Katsina,Faskari,NGA,NG021013,NG02,March,2026,3,0
Nigeria,Katsina,Funtua,NGA,NG021014,NG02,March,2026,0,0
Nigeria,Katsina,Ingawa,NGA,NG021015,NG02,March,2026,0,0
Nigeria,Katsina,Jibia,NGA,NG021016,NG02,March,2026,5,15
Nigeria,Katsina,Kafur,NGA,NG021017,NG02,March,2026,3,3
Nigeria,Katsina,Kaita,NGA,NG021018,NG02,March,2026,0,0
Nigeria,Katsina,Kankara,NGA,NG021019,NG02,March,2026,17,9
Nigeria,Katsina,Kankia,NGA,NG021020,NG02,March,2026,1,0
Nigeria,Katsina,Katsina,NGA,NG021021,NG02,March,2026,2,4
Nigeria,Katsina,Kurfi,NGA,NG021022,NG02,March,2026,1,0
Nigeria,Katsina,Kusada,NGA,NG021023,NG02,March,2026,0,0
Nigeria,Katsina,Maiadua,NGA,NG021024,NG02,March,2026,0,0
Nigeria,Katsina,Malumfashi,NGA,NG021025,NG02,March,2026,10,3
Nigeria,Katsina,Mani,NGA,NG021026,NG02,March,2026,0,0
Nigeria,Katsina,Mashi,NGA,NG021027,NG02,March,2026,0,0
Nigeria,Katsina,Matazu,NGA,NG021028,NG02,March,2026,2,0
Nigeria,Katsina,Musawa,NGA,NG021029,NG02,March,2026,5,8
Nigeria,Katsina,Rimi,NGA,NG021030,NG02,March,2026,0,0
Nigeria,Katsina,Sabuwa,NGA,NG021031,NG02,March,2026,6,8
Nigeria,Katsina,Safana,NGA,NG021032,NG02,March,2026,0,0
Nigeria,Katsina,Sandamu,NGA,NG021033,NG02,March,2026,0,0
Nigeria,Katsina,Zango,NGA,NG021034,NG02,March,2026,0,0
Nigeria,Kebbi,Alieru,NGA,NG022001,NG02,March,2026,0,0
Nigeria,Kebbi,Arewa,NGA,NG022002,NG02,March,2026,3,0
Nigeria,Kebbi,Argungu,NGA,NG022003,NG02,March,2026,1,3
Nigeria,Kebbi,Augie,NGA,NG022004,NG02,March,2026,0,0
Nigeria,Kebbi,Bagudo,NGA,NG022005,NG02,March,2026,3,4
Nigeria,Kebbi,Birnin-Kebbi,NGA,NG022006,NG02,March,2026,1,1
Nigeria,Kebbi,Bunza,NGA,NG022007,NG02,March,2026,0,0
Nigeria,Kebbi,Dandi Kamba,NGA,NG022008,NG02,March,2026,1,1
Nigeria,Kebbi,Danko,NGA,NG022019,NG02,March,2026,3,6
Nigeria,Kebbi,Fakai,NGA,NG022009,NG02,March,2026,0,0
Nigeria,Kebbi,Gwandu,NGA,NG022010,NG02,March,2026,1,0
Nigeria,Kebbi,Jega,NGA,NG022011,NG02,March,2026,0,0
Nigeria,Kebbi,Kalgo,NGA,NG022012,NG02,March,2026,1,1
Nigeria,Kebbi,Koko,NGA,NG022013,NG02,March,2026,0,0
Nigeria,Kebbi,Maiyama,NGA,NG022014,NG02,March,2026,0,0
Nigeria,Kebbi,Ngaski,NGA,NG022015,NG02,March,2026,0,0
Nigeria,Kebbi,Sakaba,NGA,NG022016,NG02,March,2026,0,0
Nigeria,Kebbi,Shanga,NGA,NG022017,NG02,March,2026,1,11
Nigeria,Kebbi,Suru,NGA,NG022018,NG02,March,2026,0,0
Nigeria,Kebbi,Yauri,NGA,NG022020,NG02,March,2026,0,0
Nigeria,Kebbi,Zuru,NGA,NG022021,NG02,March,2026,0,0
Nigeria,Kogi,Adavi,NGA,NG023001,NG02,March,2026,0,0
Nigeria,Kogi,Ajaokuta,NGA,NG023002,NG02,March,2026,1,0
Nigeria,Kogi,Ankpa,NGA,NG023003,NG02,March,2026,0,0
Nigeria,Kogi,Bassa,NGA,NG023004,NG02,March,2026,0,0
Nigeria,Kogi,Dekina,NGA,NG023005,NG02,March,2026,1,1
Nigeria,Kogi,Ibaji,NGA,NG023006,NG02,March,2026,0,0
Nigeria,Kogi,Idah,NGA,NG023007,NG02,March,2026,0,0
Nigeria,Kogi,Igalamela,NGA,NG023008,NG02,March,2026,2,0
Nigeria,Kogi,Ijumu,NGA,NG023009,NG02,March,2026,0,0
Nigeria,Kogi,Kabba,NGA,NG023010,NG02,March,2026,3,4
Nigeria,Kogi,Kogi,NGA,NG023011,NG02,March,2026,1,0
Nigeria,Kogi,Lokoja,NGA,NG023012,NG02,March,2026,3,5
Nigeria,Kogi,Mopa-Muro,NGA,NG023013,NG02,March,2026,0,0
Nigeria,Kogi,Ofu,NGA,NG023014,NG02,March,2026,2,1
Nigeria,Kogi,Ogori,NGA,NG023015,NG02,March,2026,0,0
Nigeria,Kogi,Okehi,NGA,NG023016,NG02,March,2026,0,0
Nigeria,Kogi,Okene,NGA,NG023017,NG02,March,2026,0,0
Nigeria,Kogi,Olamaboro,NGA,NG023018,NG02,March,2026,0,0
Nigeria,Kogi,Omala,NGA,NG023019,NG02,March,2026,1,2
Nigeria,Kogi,Yagba East,NGA,NG023020,NG02,March,2026,0,0
Nigeria,Kogi,Yagba West,NGA,NG023021,NG02,March,2026,6,1
Nigeria,Kwara,Asa,NGA,NG024001,NG02,March,2026,0,0
Nigeria,Kwara,Baruten,NGA,NG024002,NG02,March,2026,0,0
Nigeria,Kwara,Edu,NGA,NG024003,NG02,March,2026,6,4
Nigeria,Kwara,Ekiti,NGA,NG024004,NG02,March,2026,2,0
Nigeria,Kwara,Ifelodun,NGA,NG024005,NG02,March,2026,5,2
Nigeria,Kwara,Ilorin East,NGA,NG024006,NG02,March,2026,1,1
Nigeria,Kwara,Ilorin South,NGA,NG024007,NG02,March,2026,0,0
Nigeria,Kwara,Ilorin West,NGA,NG024008,NG02,March,2026,0,0
Nigeria,Kwara,Irepodun,NGA,NG024009,NG02,March,2026,7,1
Nigeria,Kwara,Kai Ama,NGA,NG024011,NG02,March,2026,1,8
Nigeria,Kwara,Moro,NGA,NG024012,NG02,March,2026,1,1
Nigeria,Kwara,Offa,NGA,NG024013,NG02,March,2026,0,0
Nigeria,Kwara,Oke-Ero,NGA,NG024014,NG02,March,2026,0,0
Nigeria,Kwara,Osin,NGA,NG024010,NG02,March,2026,0,0
Nigeria,Kwara,Oyun,NGA,NG024015,NG02,March,2026,0,0
Nigeria,Kwara,Pategi,NGA,NG024016,NG02,March,2026,0,0
Nigeria,Lagos,Agege,NGA,NG025001,NG02,March,2026,2,2
Nigeria,Lagos,Ajeromi,NGA,NG025002,NG02,March,2026,0,0
Nigeria,Lagos,Alimosho,NGA,NG025003,NG02,March,2026,2,1
Nigeria,Lagos,Amowo-Odofin,NGA,NG025004,NG02,March,2026,0,0
Nigeria,Lagos,Apapa,NGA,NG025005,NG02,March,2026,0,0
Nigeria,Lagos,Badagry,NGA,NG025006,NG02,March,2026,0,0
Nigeria,Lagos,Epe,NGA,NG025007,NG02,March,2026,0,0
Nigeria,Lagos,Eti-Osa,NGA,NG025008,NG02,March,2026,0,0
Nigeria,Lagos,Ibeju-Lekki,NGA,NG025009,NG02,March,2026,0,0
Nigeria,Lagos,Ifako,NGA,NG025010,NG02,March,2026,0,0
Nigeria,Lagos,Ikeja,NGA,NG025011,NG02,March,2026,0,0
Nigeria,Lagos,Ikorodu,NGA,NG025012,NG02,March,2026,0,0
Nigeria,Lagos,Kosofe,NGA,NG025013,NG02,March,2026,0,0
Nigeria,Lagos,Lagos Island,NGA,NG025014,NG02,March,2026,0,0
Nigeria,Lagos,Lagos Mainland,NGA,NG025015,NG02,March,2026,1,1
Nigeria,Lagos,Mushin,NGA,NG025016,NG02,March,2026,0,0
Nigeria,Lagos,Ojo,NGA,NG025017,NG02,March,2026,4,7
Nigeria,Lagos,Oshodi,NGA,NG025018,NG02,March,2026,0,0
Nigeria,Lagos,Somolu,NGA,NG025019,NG02,March,2026,1,1
Nigeria,Lagos,Surulere,NGA,NG025020,NG02,March,2026,0,0
Nigeria,Nassarawa,Akwanga,NGA,NG026001,NG02,March,2026,0,0
Nigeria,Nassarawa,Awe,NGA,NG026002,NG02,March,2026,0,0
Nigeria,Nassarawa,Doma,NGA,NG026003,NG02,March,2026,0,0
Nigeria,Nassarawa,Karu,NGA,NG026004,NG02,March,2026,2,7
Nigeria,Nassarawa,Keana,NGA,NG026005,NG02,March,2026,0,0
Nigeria,Nassarawa,Keffi,NGA,NG026006,NG02,March,2026,0,0
Nigeria,Nassarawa,Kokona,NGA,NG026007,NG02,March,2026,0,0
Nigeria,Nassarawa,Lafia,NGA,NG026008,NG02,March,2026,0,0
Nigeria,Nassarawa,Nasarawa,NGA,NG026009,NG02,March,2026,0,0
Nigeria,Nassarawa,Nasarawa Eggon,NGA,NG026010,NG02,March,2026,2,2
Nigeria,Nassarawa,Obi,NGA,NG026011,NG02,March,2026,0,0
Nigeria,Nassarawa,Toto,NGA,NG026012,NG02,March,2026,0,0
Nigeria,Nassarawa,Wamba,NGA,NG026013,NG02,March,2026,0,0
Nigeria,Niger,Agaie,NGA,NG027001,NG02,March,2026,0,0
Nigeria,Niger,Agwara,NGA,NG027002,NG02,March,2026,0,0
Nigeria,Niger,Bida,NGA,NG027003,NG02,March,2026,0,0
Nigeria,Niger,Borgu,NGA,NG027004,NG02,March,2026,2,0
Nigeria,Niger,Bosso,NGA,NG027005,NG02,March,2026,0,0
Nigeria,Niger,Edati,NGA,NG027017,NG02,March,2026,0,0
Nigeria,Niger,Gbako,NGA,NG027008,NG02,March,2026,0,0
Nigeria,Niger,Gurara,NGA,NG027009,NG02,March,2026,0,0
Nigeria,Niger,Katcha,NGA,NG027010,NG02,March,2026,0,0
Nigeria,Niger,Kontagora,NGA,NG027011,NG02,March,2026,0,0
Nigeria,Niger,Lapai,NGA,NG027012,NG02,March,2026,0,0
Nigeria,Niger,Lavun,NGA,NG027013,NG02,March,2026,0,0
Nigeria,Niger,Magama,NGA,NG027014,NG02,March,2026,0,0
Nigeria,Niger,Mariga,NGA,NG027015,NG02,March,2026,1,1
Nigeria,Niger,Mashegu,NGA,NG027016,NG02,March,2026,0,0
Nigeria,Niger,Minna,NGA,NG027006,NG02,March,2026,1,1
Nigeria,Niger,Mokwa,NGA,NG027017,NG02,March,2026,0,0
Nigeria,Niger,Muya,NGA,NG027018,NG02,March,2026,0,0
Nigeria,Niger,Paikoro,NGA,NG027019,NG02,March,2026,0,0
Nigeria,Niger,Rafi,NGA,NG027020,NG02,March,2026,0,0
Nigeria,Niger,Rijau,NGA,NG027021,NG02,March,2026,1,0
Nigeria,Niger,Shiroro,NGA,NG027022,NG02,March,2026,1,8
Nigeria,Niger,Suleja,NGA,NG027023,NG02,March,2026,0,0
Nigeria,Niger,Tafa,NGA,NG027024,NG02,March,2026,0,0
Nigeria,Niger,Wushishi,NGA,NG027025,NG02,March,2026,0,0
Nigeria,Ogun,Abeokuta North,NGA,NG028001,NG02,March,2026,0,0
Nigeria,Ogun,Abeokuta South,NGA,NG028002,NG02,March,2026,0,0
Nigeria,Ogun,Ado-Odo,NGA,NG028003,NG02,March,2026,0,0
Nigeria,Ogun,Egbado North,NGA,NG028004,NG02,March,2026,0,0
Nigeria,Ogun,Egbado South,NGA,NG028005,NG02,March,2026,0,0
Nigeria,Ogun,Ewekoro,NGA,NG028006,NG02,March,2026,0,0
Nigeria,Ogun,Ifo,NGA,NG028007,NG02,March,2026,0,0
Nigeria,Ogun,Ijebu East,NGA,NG028008,NG02,March,2026,0,0
Nigeria,Ogun,Ijebu North,NGA,NG028009,NG02,March,2026,0,0
Nigeria,Ogun,Ijebu North East,NGA,NG028010,NG02,March,2026,0,0
Nigeria,Ogun,Ijebu Ode,NGA,NG028010,NG02,March,2026,0,0
Nigeria,Ogun,Ikenne,NGA,NG028012,NG02,March,2026,0,0
Nigeria,Ogun,Imeko-Afon,NGA,NG028013,NG02,March,2026,0,0
Nigeria,Ogun,Ipokia,NGA,NG028014,NG02,March,2026,0,0
Nigeria,Ogun,Obafemi,NGA,NG028015,NG02,March,2026,1,1
Nigeria,Ogun,Odedah,NGA,NG028016,NG02,March,2026,0,0
Nigeria,Ogun,Odogbolu,NGA,NG028017,NG02,March,2026,0,0
Nigeria,Ogun,Ogun Waterside,NGA,NG028018,NG02,March,2026,0,0
Nigeria,Ogun,Remo North,NGA,NG028019,NG02,March,2026,0,0
Nigeria,Ogun,Shagamu,NGA,NG028020,NG02,March,2026,0,0
Nigeria,Ondo,Akoko North East,NGA,NG029001,NG02,March,2026,0,0
Nigeria,Ondo,Akoko North West,NGA,NG029002,NG02,March,2026,1,0
Nigeria,Ondo,Akoko South East,NGA,NG029003,NG02,March,2026,0,0
Nigeria,Ondo,Akoko South West,NGA,NG029004,NG02,March,2026,0,0
Nigeria,Ondo,Akure North,NGA,NG029005,NG02,March,2026,3,2
Nigeria,Ondo,Akure South,NGA,NG029006,NG02,March,2026,4,0
Nigeria,Ondo,Ese-Edo,NGA,NG029007,NG02,March,2026,0,0
Nigeria,Ondo,Idanre,NGA,NG029008,NG02,March,2026,0,0
Nigeria,Ondo,Ifedore,NGA,NG029009,NG02,March,2026,0,0
Nigeria,Ondo,Ilaje,NGA,NG029010,NG02,March,2026,0,0
Nigeria,Ondo,Ile-Oluji-Okeigbo,NGA,NG029011,NG02,March,2026,0,0
Nigeria,Ondo,Irele,NGA,NG029012,NG02,March,2026,0,0
Nigeria,Ondo,Odigbo,NGA,NG029013,NG02,March,2026,0,0
Nigeria,Ondo,Okitipupa,NGA,NG029014,NG02,March,2026,0,0
Nigeria,Ondo,Ondo East,NGA,NG029015,NG02,March,2026,0,0
Nigeria,Ondo,Ondo West,NGA,NG029016,NG02,March,2026,0,0
Nigeria,Ondo,Ose,NGA,NG029017,NG02,March,2026,0,0
Nigeria,Ondo,Owo,NGA,NG029018,NG02,March,2026,0,0
Nigeria,Osun,Aiyedade,NGA,NG030001,NG03,March,2026,0,0
Nigeria,Osun,Aiyedire,NGA,NG030002,NG03,March,2026,0,0
Nigeria,Osun,Atakumosa East,NGA,NG030003,NG03,March,2026,0,0
Nigeria,Osun,Atakumosa West,NGA,NG030004,NG03,March,2026,0,0
Nigeria,Osun,Boluwaduro,NGA,NG030005,NG03,March,2026,0,0
Nigeria,Osun,Boripe,NGA,NG030006,NG03,March,2026,0,0
Nigeria,Osun,Ede North,NGA,NG030007,NG03,March,2026,0,0
Nigeria,Osun,Ede South,NGA,NG030008,NG03,March,2026,0,0
Nigeria,Osun,Egbedore,NGA,NG030009,NG03,March,2026,1,0
Nigeria,Osun,Ejigbo,NGA,NG030010,NG03,March,2026,0,0
Nigeria,Osun,Ife Central,NGA,NG030011,NG03,March,2026,0,0
Nigeria,Osun,Ife East,NGA,NG030012,NG03,March,2026,0,0
Nigeria,Osun,Ife North,NGA,NG030013,NG03,March,2026,0,0
Nigeria,Osun,Ife South,NGA,NG030014,NG03,March,2026,0,0
Nigeria,Osun,Ifedayo,NGA,NG030015,NG03,March,2026,0,0
Nigeria,Osun,Ifelodun,NGA,NG030016,NG03,March,2026,0,0
Nigeria,Osun,Ila,NGA,NG030017,NG03,March,2026,0,0
Nigeria,Osun,Ilesha East,NGA,NG030018,NG03,March,2026,1,0
Nigeria,Osun,Ilesha West,NGA,NG030019,NG03,March,2026,0,0
Nigeria,Osun,Irepodun,NGA,NG030020,NG03,March,2026,0,0
Nigeria,Osun,Irewole,NGA,NG030021,NG03,March,2026,0,0
Nigeria,Osun,Isokan,NGA,NG030022,NG03,March,2026,0,0
Nigeria,Osun,Iwo,NGA,NG030023,NG03,March,2026,0,0
Nigeria,Osun,Obokun,NGA,NG030024,NG03,March,2026,0,0
Nigeria,Osun,Odo-Otin,NGA,NG030025,NG03,March,2026,0,0
Nigeria,Osun,Ola-Oluwa,NGA,NG030026,NG03,March,2026,0,0
Nigeria,Osun,Olorunda,NGA,NG030027,NG03,March,2026,0,0
Nigeria,Osun,Oriade,NGA,NG030028,NG03,March,2026,0,0
Nigeria,Osun,Orolu,NGA,NG030029,NG03,March,2026,0,0
Nigeria,Osun,Osogbo,NGA,NG030030,NG03,March,2026,0,0
Nigeria,Oyo,Afijio,NGA,NG031001,NG03,March,2026,1,0
Nigeria,Oyo,Akinyele,NGA,NG031002,NG03,March,2026,1,0
Nigeria,Oyo,Atiba,NGA,NG031003,NG03,March,2026,0,0
Nigeria,Oyo,Atisbo,NGA,NG031004,NG03,March,2026,0,0
Nigeria,Oyo,Egbeda,NGA,NG031005,NG03,March,2026,0,0
Nigeria,Oyo,Ibadan North,NGA,NG031006,NG03,March,2026,1,0
Nigeria,Oyo,Ibadan North East,NGA,NG031007,NG03,March,2026,0,0
Nigeria,Oyo,Ibadan North West,NGA,NG031008,NG03,March,2026,0,0
Nigeria,Oyo,Ibadan South East,NGA,NG031009,NG03,March,2026,0,0
Nigeria,Oyo,Ibadan South West,NGA,NG031010,NG03,March,2026,1,0
Nigeria,Oyo,Ibarapa Central,NGA,NG031011,NG03,March,2026,1,0
Nigeria,Oyo,Ibarapa East,NGA,NG031012,NG03,March,2026,0,0
Nigeria,Oyo,Ibarapa North,NGA,NG031013,NG03,March,2026,0,0
Nigeria,Oyo,Ido,NGA,NG031014,NG03,March,2026,0,0
Nigeria,Oyo,Irepo,NGA,NG031015,NG03,March,2026,1,0
Nigeria,Oyo,Iseyin,NGA,NG031016,NG03,March,2026,0,0
Nigeria,Oyo,Itesiwaju,NGA,NG031017,NG03,March,2026,0,0
Nigeria,Oyo,Iwajowa,NGA,NG031018,NG03,March,2026,0,0
Nigeria,Oyo,Kajola,NGA,NG031019,NG03,March,2026,0,0
Nigeria,Oyo,Lagelu,NGA,NG031020,NG03,March,2026,1,1
Nigeria,Oyo,Ogbomosho North,NGA,NG031021,NG03,March,2026,0,0
Nigeria,Oyo,Ogbomosho South,NGA,NG031022,NG03,March,2026,1,0
Nigeria,Oyo,Ogo-Oluwa,NGA,NG031023,NG03,March,2026,0,0
Nigeria,Oyo,Olorunsogo,NGA,NG031024,NG03,March,2026,0,0
Nigeria,Oyo,Oluyole,NGA,NG031025,NG03,March,2026,1,0
Nigeria,Oyo,Ona-Ara,NGA,NG031026,NG03,March,2026,0,0
Nigeria,Oyo,Orelope,NGA,NG031027,NG03,March,2026,0,0
Nigeria,Oyo,Ori Ire,NGA,NG031028,NG03,March,2026,0,0
Nigeria,Oyo,Oyo East,NGA,NG031029,NG03,March,2026,0,0
Nigeria,Oyo,Oyo West,NGA,NG031030,NG03,March,2026,0,0
Nigeria,Oyo,Saki East,NGA,NG031031,NG03,March,2026,0,0
Nigeria,Oyo,Saki West,NGA,NG031032,NG03,March,2026,0,0
Nigeria,Oyo,Surulere,NGA,NG031033,NG03,March,2026,0,0
Nigeria,Plateau,Barkin Ladi,NGA,NG032001,NG03,March,2026,1,1
Nigeria,Plateau,Bassa,NGA,NG032002,NG03,March,2026,0,0
Nigeria,Plateau,Bokkos,NGA,NG032003,NG03,March,2026,1,1
Nigeria,Plateau,Jos East,NGA,NG032004,NG03,March,2026,2,0
Nigeria,Plateau,Jos North,NGA,NG032005,NG03,March,2026,5,34
Nigeria,Plateau,Jos South,NGA,NG032006,NG03,March,2026,0,0
Nigeria,Plateau,Kanam,NGA,NG032007,NG03,March,2026,3,40
Nigeria,Plateau,Kanke,NGA,NG032008,NG03,March,2026,0,0
Nigeria,Plateau,Langtang North,NGA,NG032009,NG03,March,2026,0,0
Nigeria,Plateau,Langtang South,NGA,NG032010,NG03,March,2026,0,0
Nigeria,Plateau,Mangu,NGA,NG032011,NG03,March,2026,1,1
Nigeria,Plateau,Mikang,NGA,NG032012,NG03,March,2026,0,0
Nigeria,Plateau,Pankshin,NGA,NG032013,NG03,March,2026,0,0
Nigeria,Plateau,Quan-Pan,NGA,NG032014,NG03,March,2026,0,0
Nigeria,Plateau,Riyom,NGA,NG032015,NG03,March,2026,2,2
Nigeria,Plateau,Shendam,NGA,NG032016,NG03,March,2026,0,0
Nigeria,Plateau,Wase,NGA,NG032017,NG03,March,2026,3,0
Nigeria,Rivers,Ahoada,NGA,NG033002,NG03,March,2026,1,1
Nigeria,Rivers,Ahoada West,NGA,NG033003,NG03,March,2026,0,0
Nigeria,Rivers,Akukutoru,NGA,NG033004,NG03,March,2026,0,0
Nigeria,Rivers,Andoni,NGA,NG033005,NG03,March,2026,0,0
Nigeria,Rivers,Asaritoru,NGA,NG033006,NG03,March,2026,0,0
Nigeria,Rivers,Bonny,NGA,NG033007,NG03,March,2026,0,0
Nigeria,Rivers,Degema,NGA,NG033008,NG03,March,2026,0,0
Nigeria,Rivers,Eleme,NGA,NG033009,NG03,March,2026,1,0
Nigeria,Rivers,Emohua,NGA,NG033010,NG03,March,2026,0,0
Nigeria,Rivers,Etche,NGA,NG033011,NG03,March,2026,1,2
Nigeria,Rivers,Gonaka,NGA,NG033012,NG03,March,2026,0,0
Nigeria,Rivers,Ikwerre,NGA,NG033013,NG03,March,2026,2,0
Nigeria,Rivers,Khana,NGA,NG033014,NG03,March,2026,0,0
Nigeria,Rivers,Obio,NGA,NG033015,NG03,March,2026,0,0
Nigeria,Rivers,Obua,NGA,NG033001,NG03,March,2026,0,0
Nigeria,Rivers,Ogba,NGA,NG033016,NG03,March,2026,0,0
Nigeria,Rivers,Ogu,NGA,NG033017,NG03,March,2026,0,0
Nigeria,Rivers,Okrika,NGA,NG033018,NG03,March,2026,0,0
Nigeria,Rivers,Omumma,NGA,NG033019,NG03,March,2026,0,0
Nigeria,Rivers,Opobo,NGA,NG033020,NG03,March,2026,0,0
Nigeria,Rivers,Oyigbo,NGA,NG033021,NG03,March,2026,0,0
Nigeria,Rivers,Port Harcourt,NGA,NG033022,NG03,March,2026,1,0
Nigeria,Rivers,Tai,NGA,NG033023,NG03,March,2026,0,0
Nigeria,Sokoto,Binji,NGA,NG034001,NG03,March,2026,1,0
Nigeria,Sokoto,Bodinga,NGA,NG034002,NG03,March,2026,0,0
Nigeria,Sokoto,Dange-Shuni,NGA,NG034003,NG03,March,2026,0,0
Nigeria,Sokoto,Gada,NGA,NG034004,NG03,March,2026,1,0
Nigeria,Sokoto,Goronyo,NGA,NG034006,NG03,March,2026,2,2
Nigeria,Sokoto,Gudu,NGA,NG034007,NG03,March,2026,1,1
Nigeria,Sokoto,Gwadabawa,NGA,NG034005,NG03,March,2026,1,3
Nigeria,Sokoto,Illela,NGA,NG034008,NG03,March,2026,1,0
Nigeria,Sokoto,Isa,NGA,NG034009,NG03,March,2026,3,8
Nigeria,Sokoto,Kebbe,NGA,NG034010,NG03,March,2026,0,0
Nigeria,Sokoto,Kware,NGA,NG034011,NG03,March,2026,5,4
Nigeria,Sokoto,Rabah,NGA,NG034012,NG03,March,2026,1,1
Nigeria,Sokoto,Sabon Birni,NGA,NG034013,NG03,March,2026,9,11
Nigeria,Sokoto,Shagari,NGA,NG034014,NG03,March,2026,0,0
Nigeria,Sokoto,Silame,NGA,NG034015,NG03,March,2026,0,0
Nigeria,Sokoto,Sokoto North,NGA,NG034016,NG03,March,2026,0,0
Nigeria,Sokoto,Sokoto South,NGA,NG034017,NG03,March,2026,0,0
Nigeria,Sokoto,Tambuwal,NGA,NG034018,NG03,March,2026,0,0
Nigeria,Sokoto,Tangaza,NGA,NG034019,NG03,March,2026,6,10
Nigeria,Sokoto,Tureta,NGA,NG034020,NG03,March,2026,0,0
Nigeria,Sokoto,Wamakko,NGA,NG034021,NG03,March,2026,0,0
Nigeria,Sokoto,Wurno,NGA,NG034022,NG03,March,2026,0,0
Nigeria,Sokoto,Yabo,NGA,NG034023,NG03,March,2026,1,2
Nigeria,Taraba,Ardo Kola,NGA,NG035001,NG03,March,2026,1,0
Nigeria,Taraba,Bali,NGA,NG035002,NG03,March,2026,1,0
Nigeria,Taraba,Donga,NGA,NG035003,NG03,March,2026,2,8
Nigeria,Taraba,Gashaka,NGA,NG035004,NG03,March,2026,0,0
Nigeria,Taraba,Gassol,NGA,NG035005,NG03,March,2026,0,0
Nigeria,Taraba,Ibi,NGA,NG035006,NG03,March,2026,0,0
Nigeria,Taraba,Jalingo,NGA,NG035007,NG03,March,2026,0,0
Nigeria,Taraba,Karim Lamidu,NGA,NG035008,NG03,March,2026,0,0
Nigeria,Taraba,Kurmi,NGA,NG035009,NG03,March,2026,0,0
Nigeria,Taraba,Lau,NGA,NG035010,NG03,March,2026,0,0
Nigeria,Taraba,Sardauna,NGA,NG035011,NG03,March,2026,0,0
Nigeria,Taraba,Takum,NGA,NG035012,NG03,March,2026,0,0
Nigeria,Taraba,Ussa,NGA,NG035013,NG03,March,2026,0,0
Nigeria,Taraba,Wukari,NGA,NG035014,NG03,March,2026,0,0
Nigeria,Taraba,Yorro,NGA,NG035015,NG03,March,2026,0,0
Nigeria,Taraba,Zing,NGA,NG035016,NG03,March,2026,0,0
Nigeria,Yobe,Bade,NGA,NG036001,NG03,March,2026,0,0
Nigeria,Yobe,Bursari,NGA,NG036002,NG03,March,2026,0,0
Nigeria,Yobe,Damaturu,NGA,NG036003,NG03,March,2026,0,0
Nigeria,Yobe,Fika,NGA,NG036004,NG03,March,2026,1,0
Nigeria,Yobe,Fune,NGA,NG036005,NG03,March,2026,1,0
Nigeria,Yobe,Geidam,NGA,NG036006,NG03,March,2026,1,0
Nigeria,Yobe,Gujba,NGA,NG036007,NG03,March,2026,3,28
Nigeria,Yobe,Gulami,NGA,NG036008,NG03,March,2026,0,0
Nigeria,Yobe,Jakusko,NGA,NG036009,NG03,March,2026,0,0
Nigeria,Yobe,Karasuwa,NGA,NG036010,NG03,March,2026,0,0
Nigeria,Yobe,Machina,NGA,NG036011,NG03,March,2026,0,0
Nigeria,Yobe,Nangere,NGA,NG036012,NG03,March,2026,0,0
Nigeria,Yobe,Nguru,NGA,NG036013,NG03,March,2026,0,0
Nigeria,Yobe,Potiskum,NGA,NG036014,NG03,March,2026,1,1
Nigeria,Yobe,Tarmua,NGA,NG036015,NG03,March,2026,1,4
Nigeria,Yobe,Yunusari,NGA,NG036016,NG03,March,2026,6,8
Nigeria,Yobe,Yusufari,NGA,NG036017,NG03,March,2026,0,0
Nigeria,Zamfara,Anka,NGA,NG037001,NG03,March,2026,10,17
Nigeria,Zamfara,Bakura,NGA,NG037002,NG03,March,2026,2,1
Nigeria,Zamfara,Bukkuyum,NGA,NG037004,NG03,March,2026,4,9
Nigeria,Zamfara,Bungudu,NGA,NG037005,NG03,March,2026,6,7
Nigeria,Zamfara,Gummi,NGA,NG037006,NG03,March,2026,0,0
Nigeria,Zamfara,Gusau,NGA,NG037007,NG03,March,2026,9,7
Nigeria,Zamfara,Kaura Namoda,NGA,NG037008,NG03,March,2026,2,0
Nigeria,Zamfara,Kiyawa,NGA,NG037003,NG03,March,2026,1,0
Nigeria,Zamfara,Maradun,NGA,NG037009,NG03,March,2026,8,12
Nigeria,Zamfara,Maru,NGA,NG037010,NG03,March,2026,13,9
Nigeria,Zamfara,Shinkafi,NGA,NG037011,NG03,March,2026,3,12
Nigeria,Zamfara,Talata Mafara,NGA,NG037012,NG03,March,2026,3,3
Nigeria,Zamfara,Tsafe,NGA,NG037013,NG03,March,2026,12,18
Nigeria,Zamfara,Zurmi,NGA,NG037014,NG03,March,2026,3,1
Nigeria,Abia,Aba North,NGA,NG001001,NG00,April,2026,0,0
Nigeria,Abia,Aba South,NGA,NG001002,NG00,April,2026,0,0
Nigeria,Abia,Arochukwu,NGA,NG001003,NG00,April,2026,0,0
Nigeria,Abia,Bende,NGA,NG001004,NG00,April,2026,0,0
Nigeria,Abia,Ikwuano,NGA,NG001005,NG00,April,2026,0,0
Nigeria,Abia,Isiala Ngwa North,NGA,NG001007,NG00,April,2026,0,0
Nigeria,Abia,Isiala Ngwa South,NGA,NG001006,NG00,April,2026,0,0
Nigeria,Abia,Isuikwuato,NGA,NG001008,NG00,April,2026,0,0
Nigeria,Abia,Nneochi,NGA,NG001017,NG00,April,2026,0,0
Nigeria,Abia,Obioma Ngwa,NGA,NG001009,NG00,April,2026,0,0
Nigeria,Abia,Ohafia,NGA,NG001010,NG00,April,2026,0,0
Nigeria,Abia,Osisioma,NGA,NG001011,NG00,April,2026,0,0
Nigeria,Abia,Ugwunagbo,NGA,NG001012,NG00,April,2026,0,0
Nigeria,Abia,Ukwa East,NGA,NG001013,NG00,April,2026,0,0
Nigeria,Abia,Ukwa West,NGA,NG001014,NG00,April,2026,0,0
Nigeria,Abia,Umuahia North,NGA,NG001015,NG00,April,2026,0,0
Nigeria,Abia,Umuahia South,NGA,NG001016,NG00,April,2026,0,0
Nigeria,Adamawa,Demsa,NGA,NG002001,NG00,April,2026,1,7
Nigeria,Adamawa,Fufore,NGA,NG002002,NG00,April,2026,0,0
Nigeria,Adamawa,Ganye,NGA,NG002003,NG00,April,2026,0,0
Nigeria,Adamawa,Girei,NGA,NG002005,NG00,April,2026,0,0
Nigeria,Adamawa,Gombi,NGA,NG002004,NG00,April,2026,3,55
Nigeria,Adamawa,Guyuk,NGA,NG002006,NG00,April,2026,0,0
Nigeria,Adamawa,Hong,NGA,NG002007,NG00,April,2026,1,9
Nigeria,Adamawa,Jada,NGA,NG002008,NG00,April,2026,0,0
Nigeria,Adamawa,Lamurde,NGA,NG002009,NG00,April,2026,3,13
Nigeria,Adamawa,Madagali,NGA,NG002010,NG00,April,2026,3,9
Nigeria,Adamawa,Maiha,NGA,NG002011,NG00,April,2026,0,0
Nigeria,Adamawa,Mayo-Belwa,NGA,NG002012,NG00,April,2026,0,0
Nigeria,Adamawa,Michika,NGA,NG002013,NG00,April,2026,0,0
Nigeria,Adamawa,Mubi North,NGA,NG002014,NG00,April,2026,0,0
Nigeria,Adamawa,Mubi South,NGA,NG002015,NG00,April,2026,0,0
Nigeria,Adamawa,Numan,NGA,NG002016,NG00,April,2026,0,0
Nigeria,Adamawa,Shelleng,NGA,NG002017,NG00,April,2026,0,0
Nigeria,Adamawa,Song,NGA,NG002018,NG00,April,2026,2,1
Nigeria,Adamawa,Toungo,NGA,NG002019,NG00,April,2026,0,0
Nigeria,Adamawa,Yola-North,NGA,NG002021,NG00,April,2026,2,13
Nigeria,Adamawa,Yola-South,NGA,NG002020,NG00,April,2026,0,0
Nigeria,Akwa Ibom,Abak,NGA,NG003001,NG00,April,2026,0,0
Nigeria,Akwa Ibom,Eastern Obolo,NGA,NG003002,NG00,April,2026,0,0
Nigeria,Akwa Ibom,Eket,NGA,NG003003,NG00,April,2026,0,0
Nigeria,Akwa Ibom,Ekpe Atai,NGA,NG003004,NG00,April,2026,0,0
Nigeria,Akwa Ibom,Essien Udim,NGA,NG003005,NG00,April,2026,0,0
Nigeria,Akwa Ibom,Etim Ekpo,NGA,NG003006,NG00,April,2026,0,0
Nigeria,Akwa Ibom,Etinan,NGA,NG003007,NG00,April,2026,0,0
Nigeria,Akwa Ibom,Ibeno,NGA,NG003008,NG00,April,2026,0,0
Nigeria,Akwa Ibom,Ibesikpo Asutan,NGA,NG003009,NG00,April,2026,0,0
Nigeria,Akwa Ibom,Ibiono Ibom,NGA,NG003010,NG00,April,2026,0,0
Nigeria,Akwa Ibom,Ika,NGA,NG003011,NG00,April,2026,0,0
Nigeria,Akwa Ibom,Ikono,NGA,NG003012,NG00,April,2026,0,0
Nigeria,Akwa Ibom,Ikot Abasi,NGA,NG003013,NG00,April,2026,0,0
Nigeria,Akwa Ibom,Ikot Ekpene,NGA,NG003014,NG00,April,2026,0,0
Nigeria,Akwa Ibom,Ini,NGA,NG003015,NG00,April,2026,0,0
Nigeria,Akwa Ibom,Itu,NGA,NG003016,NG00,April,2026,0,0
Nigeria,Akwa Ibom,Mbo,NGA,NG003017,NG00,April,2026,0,0
Nigeria,Akwa Ibom,Mkpat Enin,NGA,NG003018,NG00,April,2026,0,0
Nigeria,Akwa Ibom,Nsit Ibom,NGA,NG003020,NG00,April,2026,0,0
Nigeria,Akwa Ibom,Nsit Ubium,NGA,NG003021,NG00,April,2026,0,0
Nigeria,Akwa Ibom,Obat Akara,NGA,NG003022,NG00,April,2026,0,0
Nigeria,Akwa Ibom,Okobo,NGA,NG003023,NG00,April,2026,0,0
Nigeria,Akwa Ibom,Onna,NGA,NG003024,NG00,April,2026,0,0
Nigeria,Akwa Ibom,Oron,NGA,NG003025,NG00,April,2026,0,0
Nigeria,Akwa Ibom,Oruk Anam,NGA,NG003026,NG00,April,2026,0,0
Nigeria,Akwa Ibom,Udung Uko,NGA,NG003027,NG00,April,2026,0,0
Nigeria,Akwa Ibom,Ukanafun,NGA,NG003028,NG00,April,2026,0,0
Nigeria,Akwa Ibom,Uruan,NGA,NG003029,NG00,April,2026,0,0
Nigeria,Akwa Ibom,Urue Offong,NGA,NG003030,NG00,April,2026,0,0
Nigeria,Akwa Ibom,Uyo,NGA,NG003031,NG00,April,2026,0,0
Nigeria,Anambra,Aguata,NGA,NG004001,NG00,April,2026,0,0
Nigeria,Anambra,Anambra East,NGA,NG004002,NG00,April,2026,0,0
Nigeria,Anambra,Anambra West,NGA,NG004003,NG00,April,2026,0,0
Nigeria,Anambra,Aniocha,NGA,NG004004,NG00,April,2026,0,0
Nigeria,Anambra,Awka North,NGA,NG004005,NG00,April,2026,0,0
Nigeria,Anambra,Awka South,NGA,NG004006,NG00,April,2026,0,0
Nigeria,Anambra,Ayamelum,NGA,NG004007,NG00,April,2026,0,0
Nigeria,Anambra,Dunukofia,NGA,NG004008,NG00,April,2026,0,0
Nigeria,Anambra,Ekwusigwo,NGA,NG004009,NG00,April,2026,0,0
Nigeria,Anambra,Idemili North,NGA,NG004010,NG00,April,2026,1,2
Nigeria,Anambra,Idemili South,NGA,NG004011,NG00,April,2026,2,2
Nigeria,Anambra,Ihiala,NGA,NG004012,NG00,April,2026,3,0
Nigeria,Anambra,Njikoka,NGA,NG004013,NG00,April,2026,0,0
Nigeria,Anambra,Nnewi North,NGA,NG004014,NG00,April,2026,0,0
Nigeria,Anambra,Nnewi South,NGA,NG004015,NG00,April,2026,0,0
Nigeria,Anambra,Ogbaru,NGA,NG004016,NG00,April,2026,0,0
Nigeria,Anambra,Onisha North,NGA,NG004017,NG00,April,2026,0,0
Nigeria,Anambra,Onisha South,NGA,NG004018,NG00,April,2026,0,0
Nigeria,Anambra,Orumba North,NGA,NG004019,NG00,April,2026,1,1
Nigeria,Anambra,Orumba South,NGA,NG004020,NG00,April,2026,1,0
Nigeria,Anambra,Oyi,NGA,NG004021,NG00,April,2026,0,0
Nigeria,Bauchi,Alkaleri,NGA,NG005001,NG00,April,2026,8,34
Nigeria,Bauchi,Bauchi,NGA,NG005002,NG00,April,2026,0,0
Nigeria,Bauchi,Bogoro,NGA,NG005003,NG00,April,2026,0,0
Nigeria,Bauchi,Damban,NGA,NG005004,NG00,April,2026,0,0
Nigeria,Bauchi,Darazo,NGA,NG005005,NG00,April,2026,0,0
Nigeria,Bauchi,Dass,NGA,NG005006,NG00,April,2026,0,0
Nigeria,Bauchi,Gamawa,NGA,NG005007,NG00,April,2026,0,0
Nigeria,Bauchi,Ganjuwa,NGA,NG005008,NG00,April,2026,0,0
Nigeria,Bauchi,Giade,NGA,NG005009,NG00,April,2026,0,0
Nigeria,Bauchi,Itas-Gadau,NGA,NG005010,NG00,April,2026,0,0
Nigeria,Bauchi,Jamaare,NGA,NG005011,NG00,April,2026,0,0
Nigeria,Bauchi,Katagum,NGA,NG005012,NG00,April,2026,0,0
Nigeria,Bauchi,Kirfi,NGA,NG005013,NG00,April,2026,0,0
Nigeria,Bauchi,Misau,NGA,NG005014,NG00,April,2026,0,0
Nigeria,Bauchi,Ningi,NGA,NG005015,NG00,April,2026,0,0
Nigeria,Bauchi,Shira,NGA,NG005016,NG00,April,2026,0,0
Nigeria,Bauchi,Tafawa Balewa,NGA,NG005017,NG00,April,2026,3,10
Nigeria,Bauchi,Toro,NGA,NG005018,NG00,April,2026,0,0
Nigeria,Bauchi,Warji,NGA,NG005019,NG00,April,2026,0,0
Nigeria,Bauchi,Zaki,NGA,NG005020,NG00,April,2026,0,0
Nigeria,Bayelsa,Brass,NGA,NG006001,NG00,April,2026,0,0
Nigeria,Bayelsa,Ekermor,NGA,NG006002,NG00,April,2026,0,0
Nigeria,Bayelsa,Kolokuma,NGA,NG006003,NG00,April,2026,0,0
Nigeria,Bayelsa,Nembe,NGA,NG006004,NG00,April,2026,0,0
Nigeria,Bayelsa,Ogbia,NGA,NG006005,NG00,April,2026,0,0
Nigeria,Bayelsa,Sagbama,NGA,NG006006,NG00,April,2026,0,0
Nigeria,Bayelsa,Southern Ijaw,NGA,NG006007,NG00,April,2026,0,0
Nigeria,Bayelsa,Yenagoa,NGA,NG006008,NG00,April,2026,0,0
Nigeria,Benue,Ado,NGA,NG007001,NG00,April,2026,0,0
Nigeria,Benue,Agatu,NGA,NG007002,NG00,April,2026,4,6
Nigeria,Benue,Apa,NGA,NG007003,NG00,April,2026,5,21
Nigeria,Benue,Buruku,NGA,NG007004,NG00,April,2026,1,1
Nigeria,Benue,Gboko,NGA,NG007005,NG00,April,2026,0,0
Nigeria,Benue,Guma,NGA,NG007006,NG00,April,2026,4,11
Nigeria,Benue,Gwer East,NGA,NG007007,NG00,April,2026,2,17
Nigeria,Benue,Gwer West,NGA,NG007008,NG00,April,2026,5,12
Nigeria,Benue,Katsina Ala,NGA,NG007009,NG00,April,2026,5,0
Nigeria,Benue,Konshisha,NGA,NG007010,NG00,April,2026,1,0
Nigeria,Benue,Kwande,NGA,NG007011,NG00,April,2026,2,0
Nigeria,Benue,Logo,NGA,NG007012,NG00,April,2026,1,7
Nigeria,Benue,Makurdi,NGA,NG007013,NG00,April,2026,1,0
Nigeria,Benue,Obi,NGA,NG007014,NG00,April,2026,2,2
Nigeria,Benue,Ogbadibo,NGA,NG007015,NG00,April,2026,0,0
Nigeria,Benue,Ohimini,NGA,NG007016,NG00,April,2026,0,0
Nigeria,Benue,Oju,NGA,NG007017,NG00,April,2026,0,0
Nigeria,Benue,Okpokwu,NGA,NG007018,NG00,April,2026,0,0
Nigeria,Benue,Otukpo,NGA,NG007019,NG00,April,2026,2,1
Nigeria,Benue,Tarka,NGA,NG007020,NG00,April,2026,0,0
Nigeria,Benue,Ukum,NGA,NG007021,NG00,April,2026,2,0
Nigeria,Benue,Ushongo,NGA,NG007022,NG00,April,2026,1,3
Nigeria,Benue,Vandeikya,NGA,NG007023,NG00,April,2026,0,0
Nigeria,Borno,Abadan,NGA,NG008001,NG00,April,2026,8,58
Nigeria,Borno,Askira Uba,NGA,NG008002,NG00,April,2026,6,37
Nigeria,Borno,Bama,NGA,NG008003,NG00,April,2026,11,27
Nigeria,Borno,Bayo,NGA,NG008004,NG00,April,2026,1,3
Nigeria,Borno,Biu,NGA,NG008005,NG00,April,2026,16,24
Nigeria,Borno,Chibok,NGA,NG008006,NG00,April,2026,5,3
Nigeria,Borno,Damboa,NGA,NG008007,NG00,April,2026,11,24
Nigeria,Borno,Dikwa,NGA,NG008008,NG00,April,2026,1,0
Nigeria,Borno,Gubio,NGA,NG008009,NG00,April,2026,4,57
Nigeria,Borno,Guzamala,NGA,NG008010,NG00,April,2026,4,4
Nigeria,Borno,Gwoza,NGA,NG008011,NG00,April,2026,36,228
Nigeria,Borno,Hawul,NGA,NG008012,NG00,April,2026,2,5
Nigeria,Borno,Jere,NGA,NG008013,NG00,April,2026,0,0
Nigeria,Borno,Kaga,NGA,NG008014,NG00,April,2026,7,29
Nigeria,Borno,Kala Balge,NGA,NG008015,NG00,April,2026,0,0
Nigeria,Borno,Konduga,NGA,NG008016,NG00,April,2026,15,44
Nigeria,Borno,Kukawa,NGA,NG008017,NG00,April,2026,6,48
Nigeria,Borno,Kwaya Kusar,NGA,NG008018,NG00,April,2026,0,0
Nigeria,Borno,Mafa,NGA,NG008019,NG00,April,2026,4,15
Nigeria,Borno,Magumeri,NGA,NG008020,NG00,April,2026,1,0
Nigeria,Borno,Maiduguri Metro,NGA,NG008021,NG00,April,2026,1,2
Nigeria,Borno,Marte,NGA,NG008022,NG00,April,2026,0,0
Nigeria,Borno,Mobbar,NGA,NG008023,NG00,April,2026,7,10
Nigeria,Borno,Monguno,NGA,NG008024,NG00,April,2026,8,37
Nigeria,Borno,Ngala,NGA,NG008025,NG00,April,2026,2,2
Nigeria,Borno,Nganzai,NGA,NG008026,NG00,April,2026,5,10
Nigeria,Borno,Shani,NGA,NG008027,NG00,April,2026,0,0
Nigeria,Cross River,Abi,NGA,NG009001,NG00,April,2026,0,0
Nigeria,Cross River,Akamkpa,NGA,NG009002,NG00,April,2026,0,0
Nigeria,Cross River,Akpabuyo,NGA,NG009003,NG00,April,2026,0,0
Nigeria,Cross River,Bekwara,NGA,NG009006,NG00,April,2026,0,0
Nigeria,Cross River,Biase,NGA,NG009007,NG00,April,2026,0,0
Nigeria,Cross River,Boki,NGA,NG009008,NG00,April,2026,0,0
Nigeria,Cross River,Calabar Municipal,NGA,NG009010,NG00,April,2026,1,0
Nigeria,Cross River,Calabar South,NGA,NG009009,NG00,April,2026,0,0
Nigeria,Cross River,Etung,NGA,NG009011,NG00,April,2026,0,0
Nigeria,Cross River,Ikom,NGA,NG009012,NG00,April,2026,0,0
Nigeria,Cross River,Obanliku,NGA,NG009013,NG00,April,2026,0,0
Nigeria,Cross River,Obubra,NGA,NG009014,NG00,April,2026,1,61
Nigeria,Cross River,Obudu,NGA,NG009015,NG00,April,2026,0,0
Nigeria,Cross River,Odukpani,NGA,NG009016,NG00,April,2026,0,0
Nigeria,Cross River,Ogaja,NGA,NG009017,NG00,April,2026,0,0
Nigeria,Cross River,Yakurr,NGA,NG009018,NG00,April,2026,0,0
Nigeria,Cross River,Yala,NGA,NG009019,NG00,April,2026,0,0
Nigeria,Delta,Aniocha North,NGA,NG010001,NG01,April,2026,0,0
Nigeria,Delta,Aniocha South,NGA,NG010002,NG01,April,2026,3,4
Nigeria,Delta,Bomadi,NGA,NG010003,NG01,April,2026,0,0
Nigeria,Delta,Burutu,NGA,NG010004,NG01,April,2026,1,1
Nigeria,Delta,Ethiope East,NGA,NG010005,NG01,April,2026,1,0
Nigeria,Delta,Ethiope West,NGA,NG010006,NG01,April,2026,0,0
Nigeria,Delta,Ika North East,NGA,NG010007,NG01,April,2026,0,0
Nigeria,Delta,Ika South,NGA,NG010008,NG01,April,2026,0,0
Nigeria,Delta,Isoko North,NGA,NG010009,NG01,April,2026,0,0
Nigeria,Delta,Isoko South,NGA,NG010010,NG01,April,2026,0,0
Nigeria,Delta,Ndokwa East,NGA,NG010011,NG01,April,2026,0,0
Nigeria,Delta,Ndokwa West,NGA,NG010012,NG01,April,2026,0,0
Nigeria,Delta,Okpe,NGA,NG010013,NG01,April,2026,0,0
Nigeria,Delta,Oshimili North,NGA,NG010014,NG01,April,2026,0,0
Nigeria,Delta,Oshimili South,NGA,NG010015,NG01,April,2026,0,0
Nigeria,Delta,Patani,NGA,NG010016,NG01,April,2026,0,0
Nigeria,Delta,Sapele,NGA,NG010017,NG01,April,2026,2,0
Nigeria,Delta,Udu,NGA,NG010018,NG01,April,2026,0,0
Nigeria,Delta,Ughelli North,NGA,NG010019,NG01,April,2026,0,0
Nigeria,Delta,Ughelli South,NGA,NG010020,NG01,April,2026,0,0
Nigeria,Delta,Ukwuani,NGA,NG010021,NG01,April,2026,0,0
Nigeria,Delta,Uvwie,NGA,NG010022,NG01,April,2026,1,1
Nigeria,Delta,Warri North,NGA,NG010023,NG01,April,2026,0,0
Nigeria,Delta,Warri South,NGA,NG010024,NG01,April,2026,0,0
Nigeria,Delta,Warri South-West,NGA,NG010025,NG01,April,2026,1,0
Nigeria,Ebonyi,Abakaliki,NGA,NG011001,NG01,April,2026,0,0
Nigeria,Ebonyi,Afikpo North,NGA,NG011002,NG01,April,2026,0,0
Nigeria,Ebonyi,Afikpo South,NGA,NG011003,NG01,April,2026,0,0
Nigeria,Ebonyi,Ebonyi,NGA,NG011004,NG01,April,2026,0,0
Nigeria,Ebonyi,Ezza North,NGA,NG011005,NG01,April,2026,0,0
Nigeria,Ebonyi,Ezza South,NGA,NG011006,NG01,April,2026,0,0
Nigeria,Ebonyi,Ikwo,NGA,NG011007,NG01,April,2026,0,0
Nigeria,Ebonyi,Ishielu,NGA,NG011008,NG01,April,2026,0,0
Nigeria,Ebonyi,Ivo,NGA,NG011009,NG01,April,2026,1,0
Nigeria,Ebonyi,Izzi,NGA,NG011010,NG01,April,2026,0,0
Nigeria,Ebonyi,Ohaozara,NGA,NG011011,NG01,April,2026,0,0
Nigeria,Ebonyi,Ohaukwu,NGA,NG011012,NG01,April,2026,0,0
Nigeria,Ebonyi,Onicha,NGA,NG011013,NG01,April,2026,1,1
Nigeria,Edo,Akoko Edo,NGA,NG012001,NG01,April,2026,0,0
Nigeria,Edo,Egor,NGA,NG012002,NG01,April,2026,0,0
Nigeria,Edo,Esan Central,NGA,NG012003,NG01,April,2026,0,0
Nigeria,Edo,Esan North East,NGA,NG012004,NG01,April,2026,1,0
Nigeria,Edo,Esan South East,NGA,NG012005,NG01,April,2026,0,0
Nigeria,Edo,Esan West,NGA,NG012006,NG01,April,2026,0,0
Nigeria,Edo,Etsako Central,NGA,NG012007,NG01,April,2026,0,0
Nigeria,Edo,Etsako East,NGA,NG012008,NG01,April,2026,2,0
Nigeria,Edo,Etsako West,NGA,NG012009,NG01,April,2026,2,1
Nigeria,Edo,Igueben,NGA,NG012010,NG01,April,2026,0,0
Nigeria,Edo,Ikpoba Okha,NGA,NG012011,NG01,April,2026,0,0
Nigeria,Edo,Oredo,NGA,NG012012,NG01,April,2026,1,1
Nigeria,Edo,Orhionwon,NGA,NG012013,NG01,April,2026,0,0
Nigeria,Edo,Ovia North East,NGA,NG012014,NG01,April,2026,2,0
Nigeria,Edo,Ovia South West,NGA,NG012015,NG01,April,2026,0,0
Nigeria,Edo,Owan East,NGA,NG012016,NG01,April,2026,0,0
Nigeria,Edo,Owan West,NGA,NG012017,NG01,April,2026,0,0
Nigeria,Edo,Uhunmwode,NGA,NG012018,NG01,April,2026,0,0
Nigeria,Ekiti,Ado Ekiti,NGA,NG013001,NG01,April,2026,1,1
Nigeria,Ekiti,Aiyekire,NGA,NG013002,NG01,April,2026,0,0
Nigeria,Ekiti,Efon,NGA,NG013003,NG01,April,2026,0,0
Nigeria,Ekiti,Ekiti East,NGA,NG013004,NG01,April,2026,0,0
Nigeria,Ekiti,Ekiti South West,NGA,NG013005,NG01,April,2026,0,0
Nigeria,Ekiti,Ekiti West,NGA,NG013006,NG01,April,2026,0,0
Nigeria,Ekiti,Emure,NGA,NG013007,NG01,April,2026,0,0
Nigeria,Ekiti,Ido-Osi,NGA,NG013008,NG01,April,2026,0,0
Nigeria,Ekiti,Ijero,NGA,NG013009,NG01,April,2026,0,0
Nigeria,Ekiti,Ikere,NGA,NG013010,NG01,April,2026,0,0
Nigeria,Ekiti,Ikole,NGA,NG013011,NG01,April,2026,0,0
Nigeria,Ekiti,Ilejemeji,NGA,NG013012,NG01,April,2026,1,1
Nigeria,Ekiti,Irepodun,NGA,NG013013,NG01,April,2026,0,0
Nigeria,Ekiti,Ise,NGA,NG013014,NG01,April,2026,0,0
Nigeria,Ekiti,Moba,NGA,NG013015,NG01,April,2026,0,0
Nigeria,Ekiti,Oye,NGA,NG013016,NG01,April,2026,0,0
Nigeria,Enugu,Agwu,NGA,NG014002,NG01,April,2026,0,0
Nigeria,Enugu,Aninri,NGA,NG014001,NG01,April,2026,0,0
Nigeria,Enugu,Enugu East,NGA,NG014003,NG01,April,2026,0,0
Nigeria,Enugu,Enugu North,NGA,NG014004,NG01,April,2026,0,0
Nigeria,Enugu,Enugu South,NGA,NG014005,NG01,April,2026,0,0
Nigeria,Enugu,Ezeagu,NGA,NG014006,NG01,April,2026,2,0
Nigeria,Enugu,Igbo Etiti,NGA,NG014007,NG01,April,2026,0,0
Nigeria,Enugu,Igbo Eze North,NGA,NG014008,NG01,April,2026,1,2
Nigeria,Enugu,Igbo Eze South,NGA,NG014009,NG01,April,2026,0,0
Nigeria,Enugu,Isi Uzo,NGA,NG014010,NG01,April,2026,0,0
Nigeria,Enugu,Nkanu East,NGA,NG014011,NG01,April,2026,0,0
Nigeria,Enugu,Nkanu West,NGA,NG014012,NG01,April,2026,0,0
Nigeria,Enugu,Nsukka,NGA,NG014013,NG01,April,2026,0,0
Nigeria,Enugu,Oji River,NGA,NG014014,NG01,April,2026,0,0
Nigeria,Enugu,Udenu,NGA,NG014015,NG01,April,2026,1,1
Nigeria,Enugu,Udi,NGA,NG014016,NG01,April,2026,0,0
Nigeria,Enugu,Uzo Uwani,NGA,NG014017,NG01,April,2026,0,0
Nigeria,Federal Capital Territory,Abaji,NGA,NG015001,NG01,April,2026,1,0
Nigeria,Federal Capital Territory,Abuja Municipal,NGA,NG015002,NG01,April,2026,1,1
Nigeria,Federal Capital Territory,Bwari,NGA,NG015003,NG01,April,2026,0,0
Nigeria,Federal Capital Territory,Gwagwalada,NGA,NG015004,NG01,April,2026,0,0
Nigeria,Federal Capital Territory,Kuje,NGA,NG015005,NG01,April,2026,0,0
Nigeria,Federal Capital Territory,Kwali,NGA,NG015006,NG01,April,2026,1,1
Nigeria,Gombe,Akko,NGA,NG016001,NG01,April,2026,1,0
Nigeria,Gombe,Balanga,NGA,NG016002,NG01,April,2026,0,0
Nigeria,Gombe,Billiri,NGA,NG016003,NG01,April,2026,0,0
Nigeria,Gombe,Dukku,NGA,NG016004,NG01,April,2026,0,0
Nigeria,Gombe,Funakaye,NGA,NG016005,NG01,April,2026,0,0
Nigeria,Gombe,Gombe,NGA,NG016006,NG01,April,2026,0,0
Nigeria,Gombe,Kaltungo,NGA,NG016007,NG01,April,2026,0,0
Nigeria,Gombe,Kwami,NGA,NG016008,NG01,April,2026,0,0
Nigeria,Gombe,Nafada,NGA,NG016009,NG01,April,2026,0,0
Nigeria,Gombe,Shomgom,NGA,NG016010,NG01,April,2026,0,0
Nigeria,Gombe,Yamaltu,NGA,NG016011,NG01,April,2026,0,0
Nigeria,Imo,Aboh Mbaise,NGA,NG017001,NG01,April,2026,0,0
Nigeria,Imo,Ahiazu Mbaise,NGA,NG017002,NG01,April,2026,0,0
Nigeria,Imo,Ehime Mbano,NGA,NG017003,NG01,April,2026,0,0
Nigeria,Imo,Ezinihitte Mbaise,NGA,NG017004,NG01,April,2026,0,0
Nigeria,Imo,Ideato North,NGA,NG017005,NG01,April,2026,0,0
Nigeria,Imo,Ideato South,NGA,NG017006,NG01,April,2026,0,0
Nigeria,Imo,Ihitte Uboma,NGA,NG017007,NG01,April,2026,0,0
Nigeria,Imo,Ikeduru,NGA,NG017008,NG01,April,2026,0,0
Nigeria,Imo,Isiala Mbano,NGA,NG017009,NG01,April,2026,0,0
Nigeria,Imo,Isu,NGA,NG017010,NG01,April,2026,0,0
Nigeria,Imo,Mbaitoli,NGA,NG017011,NG01,April,2026,0,0
Nigeria,Imo,Ngor Okpala,NGA,NG017012,NG01,April,2026,0,0
Nigeria,Imo,Njaba,NGA,NG017013,NG01,April,2026,0,0
Nigeria,Imo,Nkwangele,NGA,NG017015,NG01,April,2026,0,0
Nigeria,Imo,Nkwerre,NGA,NG017014,NG01,April,2026,0,0
Nigeria,Imo,Obowo,NGA,NG017016,NG01,April,2026,0,0
Nigeria,Imo,Oguta,NGA,NG017017,NG01,April,2026,0,0
Nigeria,Imo,Ohaji,NGA,NG017018,NG01,April,2026,3,11
Nigeria,Imo,Okigwe,NGA,NG017019,NG01,April,2026,0,0
Nigeria,Imo,Onuimo,NGA,NG017027,NG01,April,2026,0,0
Nigeria,Imo,Orlu,NGA,NG017020,NG01,April,2026,0,0
Nigeria,Imo,Orsu,NGA,NG017021,NG01,April,2026,0,0
Nigeria,Imo,Oru East,NGA,NG017022,NG01,April,2026,0,0
Nigeria,Imo,Oru West,NGA,NG017023,NG01,April,2026,0,0
Nigeria,Imo,Owerri Municipal,NGA,NG017026,NG01,April,2026,0,0
Nigeria,Imo,Owerri North,NGA,NG017024,NG01,April,2026,0,0
Nigeria,Imo,Owerri West,NGA,NG017025,NG01,April,2026,0,0
Nigeria,Jigawa,Auyo,NGA,NG018001,NG01,April,2026,0,0
Nigeria,Jigawa,Babura,NGA,NG018002,NG01,April,2026,0,0
Nigeria,Jigawa,Birnin Kudu,NGA,NG018004,NG01,April,2026,0,0
Nigeria,Jigawa,Birniwa,NGA,NG018003,NG01,April,2026,0,0
Nigeria,Jigawa,Buji,NGA,NG018005,NG01,April,2026,0,0
Nigeria,Jigawa,Dutse,NGA,NG018006,NG01,April,2026,0,0
Nigeria,Jigawa,Gagarawa,NGA,NG018007,NG01,April,2026,0,0
Nigeria,Jigawa,Garki,NGA,NG018008,NG01,April,2026,0,0
Nigeria,Jigawa,Gumel,NGA,NG018009,NG01,April,2026,0,0
Nigeria,Jigawa,Guri,NGA,NG018010,NG01,April,2026,0,0
Nigeria,Jigawa,Gwaram,NGA,NG018011,NG01,April,2026,0,0
Nigeria,Jigawa,Gwiwa,NGA,NG018012,NG01,April,2026,0,0
Nigeria,Jigawa,Hadejia,NGA,NG018013,NG01,April,2026,0,0
Nigeria,Jigawa,Jahun,NGA,NG018014,NG01,April,2026,0,0
Nigeria,Jigawa,Kafin Hausa,NGA,NG018015,NG01,April,2026,1,0
Nigeria,Jigawa,Kaugama,NGA,NG018016,NG01,April,2026,0,0
Nigeria,Jigawa,Kazaure,NGA,NG018017,NG01,April,2026,0,0
Nigeria,Jigawa,Kiri-Kasamma,NGA,NG018018,NG01,April,2026,0,0
Nigeria,Jigawa,Kiyawa,NGA,NG018019,NG01,April,2026,0,0
Nigeria,Jigawa,Maigatari,NGA,NG018020,NG01,April,2026,0,0
Nigeria,Jigawa,Malam Madori,NGA,NG018021,NG01,April,2026,0,0
Nigeria,Jigawa,Miga,NGA,NG018022,NG01,April,2026,2,0
Nigeria,Jigawa,Ringim,NGA,NG018023,NG01,April,2026,0,0
Nigeria,Jigawa,Roni,NGA,NG018024,NG01,April,2026,0,0
Nigeria,Jigawa,Sule Takarkar,NGA,NG018025,NG01,April,2026,0,0
Nigeria,Jigawa,Taura,NGA,NG018026,NG01,April,2026,0,0
Nigeria,Jigawa,Yankwashi,NGA,NG018027,NG01,April,2026,0,0
Nigeria,Kaduna,Birnin Gwari,NGA,NG019001,NG01,April,2026,2,12
Nigeria,Kaduna,Chikun,NGA,NG019002,NG01,April,2026,8,2
Nigeria,Kaduna,Giwa,NGA,NG019003,NG01,April,2026,2,0
Nigeria,Kaduna,Igabi,NGA,NG019004,NG01,April,2026,3,0
Nigeria,Kaduna,Ikara,NGA,NG019005,NG01,April,2026,1,0
Nigeria,Kaduna,Jaba,NGA,NG019006,NG01,April,2026,0,0
Nigeria,Kaduna,Jema'a,NGA,NG019007,NG01,April,2026,1,5
Nigeria,Kaduna,Kachia,NGA,NG019008,NG01,April,2026,15,21
Nigeria,Kaduna,Kaduna North,NGA,NG019009,NG01,April,2026,0,0
Nigeria,Kaduna,Kaduna South,NGA,NG019010,NG01,April,2026,0,0
Nigeria,Kaduna,Kagarko,NGA,NG019011,NG01,April,2026,3,0
Nigeria,Kaduna,Kajuru,NGA,NG019014,NG01,April,2026,5,3
Nigeria,Kaduna,Kaura,NGA,NG019013,NG01,April,2026,0,0
Nigeria,Kaduna,Kauru,NGA,NG019012,NG01,April,2026,0,0
Nigeria,Kaduna,Kubau,NGA,NG019015,NG01,April,2026,0,0
Nigeria,Kaduna,Kudan,NGA,NG019016,NG01,April,2026,0,0
Nigeria,Kaduna,Lere,NGA,NG019017,NG01,April,2026,0,0
Nigeria,Kaduna,Makarfi,NGA,NG019018,NG01,April,2026,0,0
Nigeria,Kaduna,Sabon Gari,NGA,NG019019,NG01,April,2026,0,0
Nigeria,Kaduna,Sanga,NGA,NG019020,NG01,April,2026,7,0
Nigeria,Kaduna,Soba,NGA,NG019021,NG01,April,2026,0,0
Nigeria,Kaduna,Zangon Kataf,NGA,NG019022,NG01,April,2026,4,7
Nigeria,Kaduna,Zaria,NGA,NG019023,NG01,April,2026,0,0
Nigeria,Kano,Ajingi,NGA,NG020001,NG02,April,2026,0,0
Nigeria,Kano,Albasu,NGA,NG020002,NG02,April,2026,0,0
Nigeria,Kano,Bagwai,NGA,NG020003,NG02,April,2026,0,0
Nigeria,Kano,Bebeji,NGA,NG020004,NG02,April,2026,0,0
Nigeria,Kano,Bichi,NGA,NG020005,NG02,April,2026,0,0
Nigeria,Kano,Bunkure,NGA,NG020006,NG02,April,2026,0,0
Nigeria,Kano,Dala,NGA,NG020007,NG02,April,2026,0,0
Nigeria,Kano,Danbatta,NGA,NG020008,NG02,April,2026,0,0
Nigeria,Kano,Dawakin Kudu,NGA,NG020009,NG02,April,2026,0,0
Nigeria,Kano,Dawakin Tofa,NGA,NG020010,NG02,April,2026,0,0
Nigeria,Kano,Doguwa,NGA,NG020011,NG02,April,2026,0,0
Nigeria,Kano,Fagge,NGA,NG020012,NG02,April,2026,0,0
Nigeria,Kano,Gabasawa,NGA,NG020013,NG02,April,2026,0,0
Nigeria,Kano,Garko,NGA,NG020014,NG02,April,2026,0,0
Nigeria,Kano,Garun Mallam,NGA,NG020015,NG02,April,2026,0,0
Nigeria,Kano,Gaya,NGA,NG020016,NG02,April,2026,0,0
Nigeria,Kano,Gezawa,NGA,NG020017,NG02,April,2026,0,0
Nigeria,Kano,Gwale,NGA,NG020018,NG02,April,2026,0,0
Nigeria,Kano,Gwarzo,NGA,NG020019,NG02,April,2026,0,0
Nigeria,Kano,Kabo,NGA,NG020020,NG02,April,2026,0,0
Nigeria,Kano,Kano Municipal,NGA,NG020021,NG02,April,2026,0,0
Nigeria,Kano,Karaye,NGA,NG020022,NG02,April,2026,0,0
Nigeria,Kano,Kibiya,NGA,NG020023,NG02,April,2026,0,0
Nigeria,Kano,Kiru,NGA,NG020024,NG02,April,2026,0,0
Nigeria,Kano,Kumbotso,NGA,NG020025,NG02,April,2026,0,0
Nigeria,Kano,Kunchi,NGA,NG020026,NG02,April,2026,0,0
Nigeria,Kano,Kura,NGA,NG020027,NG02,April,2026,0,0
Nigeria,Kano,Madobi,NGA,NG020028,NG02,April,2026,0,0
Nigeria,Kano,Makoda,NGA,NG020029,NG02,April,2026,0,0
Nigeria,Kano,Minjibir,NGA,NG020030,NG02,April,2026,0,0
Nigeria,Kano,Nassarawa,NGA,NG020031,NG02,April,2026,0,0
Nigeria,Kano,Rano,NGA,NG020032,NG02,April,2026,0,0
Nigeria,Kano,Rimin Gado,NGA,NG020033,NG02,April,2026,0,0
Nigeria,Kano,Rogo,NGA,NG020034,NG02,April,2026,2,2
Nigeria,Kano,Shanono,NGA,NG020035,NG02,April,2026,0,0
Nigeria,Kano,Sumaila,NGA,NG020036,NG02,April,2026,0,0
Nigeria,Kano,Takai,NGA,NG020037,NG02,April,2026,0,0
Nigeria,Kano,Tarauni,NGA,NG020038,NG02,April,2026,1,0
Nigeria,Kano,Tofa,NGA,NG020039,NG02,April,2026,0,0
Nigeria,Kano,Tsanyawa,NGA,NG020040,NG02,April,2026,0,0
Nigeria,Kano,Tudun Wada,NGA,NG020041,NG02,April,2026,0,0
Nigeria,Kano,Ungogo,NGA,NG020042,NG02,April,2026,0,0
Nigeria,Kano,Warawa,NGA,NG020043,NG02,April,2026,0,0
Nigeria,Kano,Wudil,NGA,NG020044,NG02,April,2026,1,0
Nigeria,Katsina,Bakori,NGA,NG021001,NG02,April,2026,5,17
Nigeria,Katsina,Batagarawa,NGA,NG021002,NG02,April,2026,0,0
Nigeria,Katsina,Batsari,NGA,NG021003,NG02,April,2026,0,0
Nigeria,Katsina,Baure,NGA,NG021004,NG02,April,2026,0,0
Nigeria,Katsina,Bindawa,NGA,NG021005,NG02,April,2026,0,0
Nigeria,Katsina,Charanchi,NGA,NG021006,NG02,April,2026,0,0
Nigeria,Katsina,Dan-Musa,NGA,NG021007,NG02,April,2026,1,0
Nigeria,Katsina,Dandume,NGA,NG021008,NG02,April,2026,5,0
Nigeria,Katsina,Danja,NGA,NG021009,NG02,April,2026,0,0
Nigeria,Katsina,Daura,NGA,NG021010,NG02,April,2026,0,0
Nigeria,Katsina,Dutsi,NGA,NG021011,NG02,April,2026,0,0
Nigeria,Katsina,Dutsinma,NGA,NG021012,NG02,April,2026,3,7
Nigeria,Katsina,Faskari,NGA,NG021013,NG02,April,2026,5,4
Nigeria,Katsina,Funtua,NGA,NG021014,NG02,April,2026,9,55
Nigeria,Katsina,Ingawa,NGA,NG021015,NG02,April,2026,0,0
Nigeria,Katsina,Jibia,NGA,NG021016,NG02,April,2026,3,1
Nigeria,Katsina,Kafur,NGA,NG021017,NG02,April,2026,1,0
Nigeria,Katsina,Kaita,NGA,NG021018,NG02,April,2026,0,0
Nigeria,Katsina,Kankara,NGA,NG021019,NG02,April,2026,11,40
Nigeria,Katsina,Kankia,NGA,NG021020,NG02,April,2026,5,0
Nigeria,Katsina,Katsina,NGA,NG021021,NG02,April,2026,0,0
Nigeria,Katsina,Kurfi,NGA,NG021022,NG02,April,2026,0,0
Nigeria,Katsina,Kusada,NGA,NG021023,NG02,April,2026,0,0
Nigeria,Katsina,Maiadua,NGA,NG021024,NG02,April,2026,0,0
Nigeria,Katsina,Malumfashi,NGA,NG021025,NG02,April,2026,9,3
Nigeria,Katsina,Mani,NGA,NG021026,NG02,April,2026,0,0
Nigeria,Katsina,Mashi,NGA,NG021027,NG02,April,2026,0,0
Nigeria,Katsina,Matazu,NGA,NG021028,NG02,April,2026,12,11
Nigeria,Katsina,Musawa,NGA,NG021029,NG02,April,2026,2,5
Nigeria,Katsina,Rimi,NGA,NG021030,NG02,April,2026,0,0
Nigeria,Katsina,Sabuwa,NGA,NG021031,NG02,April,2026,5,0
Nigeria,Katsina,Safana,NGA,NG021032,NG02,April,2026,0,0
Nigeria,Katsina,Sandamu,NGA,NG021033,NG02,April,2026,0,0
Nigeria,Katsina,Zango,NGA,NG021034,NG02,April,2026,0,0
Nigeria,Kebbi,Alieru,NGA,NG022001,NG02,April,2026,0,0
Nigeria,Kebbi,Arewa,NGA,NG022002,NG02,April,2026,0,0
Nigeria,Kebbi,Argungu,NGA,NG022003,NG02,April,2026,0,0
Nigeria,Kebbi,Augie,NGA,NG022004,NG02,April,2026,0,0
Nigeria,Kebbi,Bagudo,NGA,NG022005,NG02,April,2026,2,6
Nigeria,Kebbi,Birnin-Kebbi,NGA,NG022006,NG02,April,2026,0,0
Nigeria,Kebbi,Bunza,NGA,NG022007,NG02,April,2026,0,0
Nigeria,Kebbi,Dandi Kamba,NGA,NG022008,NG02,April,2026,1,1
Nigeria,Kebbi,Danko,NGA,NG022019,NG02,April,2026,1,0
Nigeria,Kebbi,Fakai,NGA,NG022009,NG02,April,2026,0,0
Nigeria,Kebbi,Gwandu,NGA,NG022010,NG02,April,2026,0,0
Nigeria,Kebbi,Jega,NGA,NG022011,NG02,April,2026,0,0
Nigeria,Kebbi,Kalgo,NGA,NG022012,NG02,April,2026,0,0
Nigeria,Kebbi,Koko,NGA,NG022013,NG02,April,2026,0,0
Nigeria,Kebbi,Maiyama,NGA,NG022014,NG02,April,2026,0,0
Nigeria,Kebbi,Ngaski,NGA,NG022015,NG02,April,2026,0,0
Nigeria,Kebbi,Sakaba,NGA,NG022016,NG02,April,2026,0,0
Nigeria,Kebbi,Shanga,NGA,NG022017,NG02,April,2026,5,25
Nigeria,Kebbi,Suru,NGA,NG022018,NG02,April,2026,1,0
Nigeria,Kebbi,Yauri,NGA,NG022020,NG02,April,2026,1,1
Nigeria,Kebbi,Zuru,NGA,NG022021,NG02,April,2026,0,0
Nigeria,Kogi,Adavi,NGA,NG023001,NG02,April,2026,1,0
Nigeria,Kogi,Ajaokuta,NGA,NG023002,NG02,April,2026,0,0
Nigeria,Kogi,Ankpa,NGA,NG023003,NG02,April,2026,0,0
Nigeria,Kogi,Bassa,NGA,NG023004,NG02,April,2026,0,0
Nigeria,Kogi,Dekina,NGA,NG023005,NG02,April,2026,0,0
Nigeria,Kogi,Ibaji,NGA,NG023006,NG02,April,2026,0,0
Nigeria,Kogi,Idah,NGA,NG023007,NG02,April,2026,0,0
Nigeria,Kogi,Igalamela,NGA,NG023008,NG02,April,2026,0,0
Nigeria,Kogi,Ijumu,NGA,NG023009,NG02,April,2026,1,0
Nigeria,Kogi,Kabba,NGA,NG023010,NG02,April,2026,2,0
Nigeria,Kogi,Kogi,NGA,NG023011,NG02,April,2026,0,0
Nigeria,Kogi,Lokoja,NGA,NG023012,NG02,April,2026,1,0
Nigeria,Kogi,Mopa-Muro,NGA,NG023013,NG02,April,2026,0,0
Nigeria,Kogi,Ofu,NGA,NG023014,NG02,April,2026,1,0
Nigeria,Kogi,Ogori,NGA,NG023015,NG02,April,2026,0,0
Nigeria,Kogi,Okehi,NGA,NG023016,NG02,April,2026,0,0
Nigeria,Kogi,Okene,NGA,NG023017,NG02,April,2026,0,0
Nigeria,Kogi,Olamaboro,NGA,NG023018,NG02,April,2026,0,0
Nigeria,Kogi,Omala,NGA,NG023019,NG02,April,2026,1,3
Nigeria,Kogi,Yagba East,NGA,NG023020,NG02,April,2026,0,0
Nigeria,Kogi,Yagba West,NGA,NG023021,NG02,April,2026,4,1
Nigeria,Kwara,Asa,NGA,NG024001,NG02,April,2026,1,1
Nigeria,Kwara,Baruten,NGA,NG024002,NG02,April,2026,0,0
Nigeria,Kwara,Edu,NGA,NG024003,NG02,April,2026,2,1
Nigeria,Kwara,Ekiti,NGA,NG024004,NG02,April,2026,3,1
Nigeria,Kwara,Ifelodun,NGA,NG024005,NG02,April,2026,12,4
Nigeria,Kwara,Ilorin East,NGA,NG024006,NG02,April,2026,0,0
Nigeria,Kwara,Ilorin South,NGA,NG024007,NG02,April,2026,0,0
Nigeria,Kwara,Ilorin West,NGA,NG024008,NG02,April,2026,1,1
Nigeria,Kwara,Irepodun,NGA,NG024009,NG02,April,2026,0,0
Nigeria,Kwara,Kai Ama,NGA,NG024011,NG02,April,2026,6,24
Nigeria,Kwara,Moro,NGA,NG024012,NG02,April,2026,0,0
Nigeria,Kwara,Offa,NGA,NG024013,NG02,April,2026,0,0
Nigeria,Kwara,Oke-Ero,NGA,NG024014,NG02,April,2026,1,0
Nigeria,Kwara,Osin,NGA,NG024010,NG02,April,2026,1,0
Nigeria,Kwara,Oyun,NGA,NG024015,NG02,April,2026,0,0
Nigeria,Kwara,Pategi,NGA,NG024016,NG02,April,2026,6,9
Nigeria,Lagos,Agege,NGA,NG025001,NG02,April,2026,0,0
Nigeria,Lagos,Ajeromi,NGA,NG025002,NG02,April,2026,0,0
Nigeria,Lagos,Alimosho,NGA,NG025003,NG02,April,2026,0,0
Nigeria,Lagos,Amowo-Odofin,NGA,NG025004,NG02,April,2026,0,0
Nigeria,Lagos,Apapa,NGA,NG025005,NG02,April,2026,0,0
Nigeria,Lagos,Badagry,NGA,NG025006,NG02,April,2026,0,0
Nigeria,Lagos,Epe,NGA,NG025007,NG02,April,2026,0,0
Nigeria,Lagos,Eti-Osa,NGA,NG025008,NG02,April,2026,1,0
Nigeria,Lagos,Ibeju-Lekki,NGA,NG025009,NG02,April,2026,0,0
Nigeria,Lagos,Ifako,NGA,NG025010,NG02,April,2026,0,0
Nigeria,Lagos,Ikeja,NGA,NG025011,NG02,April,2026,1,1
Nigeria,Lagos,Ikorodu,NGA,NG025012,NG02,April,2026,1,1
Nigeria,Lagos,Kosofe,NGA,NG025013,NG02,April,2026,0,0
Nigeria,Lagos,Lagos Island,NGA,NG025014,NG02,April,2026,2,4
Nigeria,Lagos,Lagos Mainland,NGA,NG025015,NG02,April,2026,0,0
Nigeria,Lagos,Mushin,NGA,NG025016,NG02,April,2026,0,0
Nigeria,Lagos,Ojo,NGA,NG025017,NG02,April,2026,0,0
Nigeria,Lagos,Oshodi,NGA,NG025018,NG02,April,2026,0,0
Nigeria,Lagos,Somolu,NGA,NG025019,NG02,April,2026,0,0
Nigeria,Lagos,Surulere,NGA,NG025020,NG02,April,2026,1,1
Nigeria,Nassarawa,Akwanga,NGA,NG026001,NG02,April,2026,0,0
Nigeria,Nassarawa,Awe,NGA,NG026002,NG02,April,2026,0,0
Nigeria,Nassarawa,Doma,NGA,NG026003,NG02,April,2026,0,0
Nigeria,Nassarawa,Karu,NGA,NG026004,NG02,April,2026,0,0
Nigeria,Nassarawa,Keana,NGA,NG026005,NG02,April,2026,0,0
Nigeria,Nassarawa,Keffi,NGA,NG026006,NG02,April,2026,0,0
Nigeria,Nassarawa,Kokona,NGA,NG026007,NG02,April,2026,1,0
Nigeria,Nassarawa,Lafia,NGA,NG026008,NG02,April,2026,0,0
Nigeria,Nassarawa,Nasarawa,NGA,NG026009,NG02,April,2026,2,11
Nigeria,Nassarawa,Nasarawa Eggon,NGA,NG026010,NG02,April,2026,0,0
Nigeria,Nassarawa,Obi,NGA,NG026011,NG02,April,2026,0,0
Nigeria,Nassarawa,Toto,NGA,NG026012,NG02,April,2026,1,0
Nigeria,Nassarawa,Wamba,NGA,NG026013,NG02,April,2026,0,0
Nigeria,Niger,Agaie,NGA,NG027001,NG02,April,2026,0,0
Nigeria,Niger,Agwara,NGA,NG027002,NG02,April,2026,0,0
Nigeria,Niger,Bida,NGA,NG027003,NG02,April,2026,0,0
Nigeria,Niger,Borgu,NGA,NG027004,NG02,April,2026,5,15
Nigeria,Niger,Bosso,NGA,NG027005,NG02,April,2026,0,0
Nigeria,Niger,Edati,NGA,NG027017,NG02,April,2026,0,0
Nigeria,Niger,Gbako,NGA,NG027008,NG02,April,2026,0,0
Nigeria,Niger,Gurara,NGA,NG027009,NG02,April,2026,1,0
Nigeria,Niger,Katcha,NGA,NG027010,NG02,April,2026,0,0
Nigeria,Niger,Kontagora,NGA,NG027011,NG02,April,2026,3,3
Nigeria,Niger,Lapai,NGA,NG027012,NG02,April,2026,0,0
Nigeria,Niger,Lavun,NGA,NG027013,NG02,April,2026,0,0
Nigeria,Niger,Magama,NGA,NG027014,NG02,April,2026,0,0
Nigeria,Niger,Mariga,NGA,NG027015,NG02,April,2026,2,3
Nigeria,Niger,Mashegu,NGA,NG027016,NG02,April,2026,3,3
Nigeria,Niger,Minna,NGA,NG027006,NG02,April,2026,0,0
Nigeria,Niger,Mokwa,NGA,NG027017,NG02,April,2026,3,1
Nigeria,Niger,Muya,NGA,NG027018,NG02,April,2026,1,1
Nigeria,Niger,Paikoro,NGA,NG027019,NG02,April,2026,0,0
Nigeria,Niger,Rafi,NGA,NG027020,NG02,April,2026,2,5
Nigeria,Niger,Rijau,NGA,NG027021,NG02,April,2026,0,0
Nigeria,Niger,Shiroro,NGA,NG027022,NG02,April,2026,11,108
Nigeria,Niger,Suleja,NGA,NG027023,NG02,April,2026,0,0
Nigeria,Niger,Tafa,NGA,NG027024,NG02,April,2026,0,0
Nigeria,Niger,Wushishi,NGA,NG027025,NG02,April,2026,0,0
Nigeria,Ogun,Abeokuta North,NGA,NG028001,NG02,April,2026,0,0
Nigeria,Ogun,Abeokuta South,NGA,NG028002,NG02,April,2026,0,0
Nigeria,Ogun,Ado-Odo,NGA,NG028003,NG02,April,2026,0,0
Nigeria,Ogun,Egbado North,NGA,NG028004,NG02,April,2026,0,0
Nigeria,Ogun,Egbado South,NGA,NG028005,NG02,April,2026,0,0
Nigeria,Ogun,Ewekoro,NGA,NG028006,NG02,April,2026,0,0
Nigeria,Ogun,Ifo,NGA,NG028007,NG02,April,2026,0,0
Nigeria,Ogun,Ijebu East,NGA,NG028008,NG02,April,2026,0,0
Nigeria,Ogun,Ijebu North,NGA,NG028009,NG02,April,2026,1,1
Nigeria,Ogun,Ijebu North East,NGA,NG028010,NG02,April,2026,0,0
Nigeria,Ogun,Ijebu Ode,NGA,NG028010,NG02,April,2026,0,0
Nigeria,Ogun,Ikenne,NGA,NG028012,NG02,April,2026,0,0
Nigeria,Ogun,Imeko-Afon,NGA,NG028013,NG02,April,2026,0,0
Nigeria,Ogun,Ipokia,NGA,NG028014,NG02,April,2026,0,0
Nigeria,Ogun,Obafemi,NGA,NG028015,NG02,April,2026,0,0
Nigeria,Ogun,Odedah,NGA,NG028016,NG02,April,2026,0,0
Nigeria,Ogun,Odogbolu,NGA,NG028017,NG02,April,2026,0,0
Nigeria,Ogun,Ogun Waterside,NGA,NG028018,NG02,April,2026,0,0
Nigeria,Ogun,Remo North,NGA,NG028019,NG02,April,2026,2,0
Nigeria,Ogun,Shagamu,NGA,NG028020,NG02,April,2026,0,0
Nigeria,Ondo,Akoko North East,NGA,NG029001,NG02,April,2026,0,0
Nigeria,Ondo,Akoko North West,NGA,NG029002,NG02,April,2026,0,0
Nigeria,Ondo,Akoko South East,NGA,NG029003,NG02,April,2026,0,0
Nigeria,Ondo,Akoko South West,NGA,NG029004,NG02,April,2026,0,0
Nigeria,Ondo,Akure North,NGA,NG029005,NG02,April,2026,2,1
Nigeria,Ondo,Akure South,NGA,NG029006,NG02,April,2026,1,2
Nigeria,Ondo,Ese-Edo,NGA,NG029007,NG02,April,2026,0,0
Nigeria,Ondo,Idanre,NGA,NG029008,NG02,April,2026,0,0
Nigeria,Ondo,Ifedore,NGA,NG029009,NG02,April,2026,0,0
Nigeria,Ondo,Ilaje,NGA,NG029010,NG02,April,2026,0,0
Nigeria,Ondo,Ile-Oluji-Okeigbo,NGA,NG029011,NG02,April,2026,0,0
Nigeria,Ondo,Irele,NGA,NG029012,NG02,April,2026,0,0
Nigeria,Ondo,Odigbo,NGA,NG029013,NG02,April,2026,0,0
Nigeria,Ondo,Okitipupa,NGA,NG029014,NG02,April,2026,0,0
Nigeria,Ondo,Ondo East,NGA,NG029015,NG02,April,2026,0,0
Nigeria,Ondo,Ondo West,NGA,NG029016,NG02,April,2026,1,2
Nigeria,Ondo,Ose,NGA,NG029017,NG02,April,2026,1,0
Nigeria,Ondo,Owo,NGA,NG029018,NG02,April,2026,0,0
Nigeria,Osun,Aiyedade,NGA,NG030001,NG03,April,2026,0,0
Nigeria,Osun,Aiyedire,NGA,NG030002,NG03,April,2026,0,0
Nigeria,Osun,Atakumosa East,NGA,NG030003,NG03,April,2026,0,0
Nigeria,Osun,Atakumosa West,NGA,NG030004,NG03,April,2026,0,0
Nigeria,Osun,Boluwaduro,NGA,NG030005,NG03,April,2026,0,0
Nigeria,Osun,Boripe,NGA,NG030006,NG03,April,2026,0,0
Nigeria,Osun,Ede North,NGA,NG030007,NG03,April,2026,0,0
Nigeria,Osun,Ede South,NGA,NG030008,NG03,April,2026,0,0
Nigeria,Osun,Egbedore,NGA,NG030009,NG03,April,2026,0,0
Nigeria,Osun,Ejigbo,NGA,NG030010,NG03,April,2026,0,0
Nigeria,Osun,Ife Central,NGA,NG030011,NG03,April,2026,0,0
Nigeria,Osun,Ife East,NGA,NG030012,NG03,April,2026,0,0
Nigeria,Osun,Ife North,NGA,NG030013,NG03,April,2026,0,0
Nigeria,Osun,Ife South,NGA,NG030014,NG03,April,2026,0,0
Nigeria,Osun,Ifedayo,NGA,NG030015,NG03,April,2026,0,0
Nigeria,Osun,Ifelodun,NGA,NG030016,NG03,April,2026,0,0
Nigeria,Osun,Ila,NGA,NG030017,NG03,April,2026,0,0
Nigeria,Osun,Ilesha East,NGA,NG030018,NG03,April,2026,0,0
Nigeria,Osun,Ilesha West,NGA,NG030019,NG03,April,2026,0,0
Nigeria,Osun,Irepodun,NGA,NG030020,NG03,April,2026,0,0
Nigeria,Osun,Irewole,NGA,NG030021,NG03,April,2026,0,0
Nigeria,Osun,Isokan,NGA,NG030022,NG03,April,2026,0,0
Nigeria,Osun,Iwo,NGA,NG030023,NG03,April,2026,0,0
Nigeria,Osun,Obokun,NGA,NG030024,NG03,April,2026,0,0
Nigeria,Osun,Odo-Otin,NGA,NG030025,NG03,April,2026,0,0
Nigeria,Osun,Ola-Oluwa,NGA,NG030026,NG03,April,2026,0,0
Nigeria,Osun,Olorunda,NGA,NG030027,NG03,April,2026,0,0
Nigeria,Osun,Oriade,NGA,NG030028,NG03,April,2026,0,0
Nigeria,Osun,Orolu,NGA,NG030029,NG03,April,2026,0,0
Nigeria,Osun,Osogbo,NGA,NG030030,NG03,April,2026,0,0
Nigeria,Oyo,Afijio,NGA,NG031001,NG03,April,2026,0,0
Nigeria,Oyo,Akinyele,NGA,NG031002,NG03,April,2026,0,0
Nigeria,Oyo,Atiba,NGA,NG031003,NG03,April,2026,0,0
Nigeria,Oyo,Atisbo,NGA,NG031004,NG03,April,2026,0,0
Nigeria,Oyo,Egbeda,NGA,NG031005,NG03,April,2026,0,0
Nigeria,Oyo,Ibadan North,NGA,NG031006,NG03,April,2026,0,0
Nigeria,Oyo,Ibadan North East,NGA,NG031007,NG03,April,2026,0,0
Nigeria,Oyo,Ibadan North West,NGA,NG031008,NG03,April,2026,1,1
Nigeria,Oyo,Ibadan South East,NGA,NG031009,NG03,April,2026,0,0
Nigeria,Oyo,Ibadan South West,NGA,NG031010,NG03,April,2026,1,0
Nigeria,Oyo,Ibarapa Central,NGA,NG031011,NG03,April,2026,0,0
Nigeria,Oyo,Ibarapa East,NGA,NG031012,NG03,April,2026,0,0
Nigeria,Oyo,Ibarapa North,NGA,NG031013,NG03,April,2026,0,0
Nigeria,Oyo,Ido,NGA,NG031014,NG03,April,2026,0,0
Nigeria,Oyo,Irepo,NGA,NG031015,NG03,April,2026,0,0
Nigeria,Oyo,Iseyin,NGA,NG031016,NG03,April,2026,0,0
Nigeria,Oyo,Itesiwaju,NGA,NG031017,NG03,April,2026,0,0
Nigeria,Oyo,Iwajowa,NGA,NG031018,NG03,April,2026,0,0
Nigeria,Oyo,Kajola,NGA,NG031019,NG03,April,2026,0,0
Nigeria,Oyo,Lagelu,NGA,NG031020,NG03,April,2026,0,0
Nigeria,Oyo,Ogbomosho North,NGA,NG031021,NG03,April,2026,0,0
Nigeria,Oyo,Ogbomosho South,NGA,NG031022,NG03,April,2026,0,0
Nigeria,Oyo,Ogo-Oluwa,NGA,NG031023,NG03,April,2026,0,0
Nigeria,Oyo,Olorunsogo,NGA,NG031024,NG03,April,2026,0,0
Nigeria,Oyo,Oluyole,NGA,NG031025,NG03,April,2026,0,0
Nigeria,Oyo,Ona-Ara,NGA,NG031026,NG03,April,2026,0,0
Nigeria,Oyo,Orelope,NGA,NG031027,NG03,April,2026,0,0
Nigeria,Oyo,Ori Ire,NGA,NG031028,NG03,April,2026,2,1
Nigeria,Oyo,Oyo East,NGA,NG031029,NG03,April,2026,0,0
Nigeria,Oyo,Oyo West,NGA,NG031030,NG03,April,2026,0,0
Nigeria,Oyo,Saki East,NGA,NG031031,NG03,April,2026,0,0
Nigeria,Oyo,Saki West,NGA,NG031032,NG03,April,2026,0,0
Nigeria,Oyo,Surulere,NGA,NG031033,NG03,April,2026,0,0
Nigeria,Plateau,Barkin Ladi,NGA,NG032001,NG03,April,2026,11,15
Nigeria,Plateau,Bassa,NGA,NG032002,NG03,April,2026,8,4
Nigeria,Plateau,Bokkos,NGA,NG032003,NG03,April,2026,6,31
Nigeria,Plateau,Jos East,NGA,NG032004,NG03,April,2026,0,0
Nigeria,Plateau,Jos North,NGA,NG032005,NG03,April,2026,5,7
Nigeria,Plateau,Jos South,NGA,NG032006,NG03,April,2026,8,9
Nigeria,Plateau,Kanam,NGA,NG032007,NG03,April,2026,2,0
Nigeria,Plateau,Kanke,NGA,NG032008,NG03,April,2026,2,17
Nigeria,Plateau,Langtang North,NGA,NG032009,NG03,April,2026,1,3
Nigeria,Plateau,Langtang South,NGA,NG032010,NG03,April,2026,0,0
Nigeria,Plateau,Mangu,NGA,NG032011,NG03,April,2026,2,1
Nigeria,Plateau,Mikang,NGA,NG032012,NG03,April,2026,0,0
Nigeria,Plateau,Pankshin,NGA,NG032013,NG03,April,2026,0,0
Nigeria,Plateau,Quan-Pan,NGA,NG032014,NG03,April,2026,2,7
Nigeria,Plateau,Riyom,NGA,NG032015,NG03,April,2026,14,17
Nigeria,Plateau,Shendam,NGA,NG032016,NG03,April,2026,2,0
Nigeria,Plateau,Wase,NGA,NG032017,NG03,April,2026,5,21
Nigeria,Rivers,Ahoada,NGA,NG033002,NG03,April,2026,0,0
Nigeria,Rivers,Ahoada West,NGA,NG033003,NG03,April,2026,0,0
Nigeria,Rivers,Akukutoru,NGA,NG033004,NG03,April,2026,0,0
Nigeria,Rivers,Andoni,NGA,NG033005,NG03,April,2026,0,0
Nigeria,Rivers,Asaritoru,NGA,NG033006,NG03,April,2026,0,0
Nigeria,Rivers,Bonny,NGA,NG033007,NG03,April,2026,0,0
Nigeria,Rivers,Degema,NGA,NG033008,NG03,April,2026,0,0
Nigeria,Rivers,Eleme,NGA,NG033009,NG03,April,2026,0,0
Nigeria,Rivers,Emohua,NGA,NG033010,NG03,April,2026,0,0
Nigeria,Rivers,Etche,NGA,NG033011,NG03,April,2026,0,0
Nigeria,Rivers,Gonaka,NGA,NG033012,NG03,April,2026,0,0
Nigeria,Rivers,Ikwerre,NGA,NG033013,NG03,April,2026,1,0
Nigeria,Rivers,Khana,NGA,NG033014,NG03,April,2026,0,0
Nigeria,Rivers,Obio,NGA,NG033015,NG03,April,2026,0,0
Nigeria,Rivers,Obua,NGA,NG033001,NG03,April,2026,0,0
Nigeria,Rivers,Ogba,NGA,NG033016,NG03,April,2026,0,0
Nigeria,Rivers,Ogu,NGA,NG033017,NG03,April,2026,0,0
Nigeria,Rivers,Okrika,NGA,NG033018,NG03,April,2026,0,0
Nigeria,Rivers,Omumma,NGA,NG033019,NG03,April,2026,0,0
Nigeria,Rivers,Opobo,NGA,NG033020,NG03,April,2026,0,0
Nigeria,Rivers,Oyigbo,NGA,NG033021,NG03,April,2026,0,0
Nigeria,Rivers,Port Harcourt,NGA,NG033022,NG03,April,2026,1,1
Nigeria,Rivers,Tai,NGA,NG033023,NG03,April,2026,0,0
Nigeria,Sokoto,Binji,NGA,NG034001,NG03,April,2026,1,1
Nigeria,Sokoto,Bodinga,NGA,NG034002,NG03,April,2026,0,0
Nigeria,Sokoto,Dange-Shuni,NGA,NG034003,NG03,April,2026,0,0
Nigeria,Sokoto,Gada,NGA,NG034004,NG03,April,2026,1,7
Nigeria,Sokoto,Goronyo,NGA,NG034006,NG03,April,2026,7,3
Nigeria,Sokoto,Gudu,NGA,NG034007,NG03,April,2026,1,0
Nigeria,Sokoto,Gwadabawa,NGA,NG034005,NG03,April,2026,2,6
Nigeria,Sokoto,Illela,NGA,NG034008,NG03,April,2026,1,1
Nigeria,Sokoto,Isa,NGA,NG034009,NG03,April,2026,10,11
Nigeria,Sokoto,Kebbe,NGA,NG034010,NG03,April,2026,1,0
Nigeria,Sokoto,Kware,NGA,NG034011,NG03,April,2026,1,0
Nigeria,Sokoto,Rabah,NGA,NG034012,NG03,April,2026,3,0
Nigeria,Sokoto,Sabon Birni,NGA,NG034013,NG03,April,2026,21,13
Nigeria,Sokoto,Shagari,NGA,NG034014,NG03,April,2026,0,0
Nigeria,Sokoto,Silame,NGA,NG034015,NG03,April,2026,0,0
Nigeria,Sokoto,Sokoto North,NGA,NG034016,NG03,April,2026,1,1
Nigeria,Sokoto,Sokoto South,NGA,NG034017,NG03,April,2026,0,0
Nigeria,Sokoto,Tambuwal,NGA,NG034018,NG03,April,2026,0,0
Nigeria,Sokoto,Tangaza,NGA,NG034019,NG03,April,2026,0,0
Nigeria,Sokoto,Tureta,NGA,NG034020,NG03,April,2026,0,0
Nigeria,Sokoto,Wamakko,NGA,NG034021,NG03,April,2026,1,1
Nigeria,Sokoto,Wurno,NGA,NG034022,NG03,April,2026,8,7
Nigeria,Sokoto,Yabo,NGA,NG034023,NG03,April,2026,0,0
Nigeria,Taraba,Ardo Kola,NGA,NG035001,NG03,April,2026,0,0
Nigeria,Taraba,Bali,NGA,NG035002,NG03,April,2026,0,0
Nigeria,Taraba,Donga,NGA,NG035003,NG03,April,2026,0,0
Nigeria,Taraba,Gashaka,NGA,NG035004,NG03,April,2026,0,0
Nigeria,Taraba,Gassol,NGA,NG035005,NG03,April,2026,0,0
Nigeria,Taraba,Ibi,NGA,NG035006,NG03,April,2026,0,0
Nigeria,Taraba,Jalingo,NGA,NG035007,NG03,April,2026,0,0
Nigeria,Taraba,Karim Lamidu,NGA,NG035008,NG03,April,2026,0,0
Nigeria,Taraba,Kurmi,NGA,NG035009,NG03,April,2026,0,0
Nigeria,Taraba,Lau,NGA,NG035010,NG03,April,2026,0,0
Nigeria,Taraba,Sardauna,NGA,NG035011,NG03,April,2026,0,0
Nigeria,Taraba,Takum,NGA,NG035012,NG03,April,2026,0,0
Nigeria,Taraba,Ussa,NGA,NG035013,NG03,April,2026,0,0
Nigeria,Taraba,Wukari,NGA,NG035014,NG03,April,2026,0,0
Nigeria,Taraba,Yorro,NGA,NG035015,NG03,April,2026,0,0
Nigeria,Taraba,Zing,NGA,NG035016,NG03,April,2026,0,0
Nigeria,Yobe,Bade,NGA,NG036001,NG03,April,2026,0,0
Nigeria,Yobe,Bursari,NGA,NG036002,NG03,April,2026,2,1
Nigeria,Yobe,Damaturu,NGA,NG036003,NG03,April,2026,4,36
Nigeria,Yobe,Fika,NGA,NG036004,NG03,April,2026,0,0
Nigeria,Yobe,Fune,NGA,NG036005,NG03,April,2026,1,1
Nigeria,Yobe,Geidam,NGA,NG036006,NG03,April,2026,1,3
Nigeria,Yobe,Gujba,NGA,NG036007,NG03,April,2026,9,5
Nigeria,Yobe,Gulami,NGA,NG036008,NG03,April,2026,0,0
Nigeria,Yobe,Jakusko,NGA,NG036009,NG03,April,2026,0,0
Nigeria,Yobe,Karasuwa,NGA,NG036010,NG03,April,2026,0,0
Nigeria,Yobe,Machina,NGA,NG036011,NG03,April,2026,0,0
Nigeria,Yobe,Nangere,NGA,NG036012,NG03,April,2026,0,0
Nigeria,Yobe,Nguru,NGA,NG036013,NG03,April,2026,0,0
Nigeria,Yobe,Potiskum,NGA,NG036014,NG03,April,2026,0,0
Nigeria,Yobe,Tarmua,NGA,NG036015,NG03,April,2026,4,11
Nigeria,Yobe,Yunusari,NGA,NG036016,NG03,April,2026,6,9
Nigeria,Yobe,Yusufari,NGA,NG036017,NG03,April,2026,0,0
Nigeria,Zamfara,Anka,NGA,NG037001,NG03,April,2026,3,2
Nigeria,Zamfara,Bakura,NGA,NG037002,NG03,April,2026,2,7
Nigeria,Zamfara,Bukkuyum,NGA,NG037004,NG03,April,2026,11,35
Nigeria,Zamfara,Bungudu,NGA,NG037005,NG03,April,2026,4,23
Nigeria,Zamfara,Gummi,NGA,NG037006,NG03,April,2026,4,1
Nigeria,Zamfara,Gusau,NGA,NG037007,NG03,April,2026,13,21
Nigeria,Zamfara,Kaura Namoda,NGA,NG037008,NG03,April,2026,5,8
Nigeria,Zamfara,Kiyawa,NGA,NG037003,NG03,April,2026,5,2
Nigeria,Zamfara,Maradun,NGA,NG037009,NG03,April,2026,8,14
Nigeria,Zamfara,Maru,NGA,NG037010,NG03,April,2026,10,9
Nigeria,Zamfara,Shinkafi,NGA,NG037011,NG03,April,2026,3,7
Nigeria,Zamfara,Talata Mafara,NGA,NG037012,NG03,April,2026,8,9
Nigeria,Zamfara,Tsafe,NGA,NG037013,NG03,April,2026,19,86
Nigeria,Zamfara,Zurmi,NGA,NG037014,NG03,April,2026,5,24
Nigeria,Abia,Aba North,NGA,NG001001,NG00,May,2026,0,0
Nigeria,Abia,Aba South,NGA,NG001002,NG00,May,2026,0,0
Nigeria,Abia,Arochukwu,NGA,NG001003,NG00,May,2026,0,0
Nigeria,Abia,Bende,NGA,NG001004,NG00,May,2026,0,0
Nigeria,Abia,Ikwuano,NGA,NG001005,NG00,May,2026,0,0
Nigeria,Abia,Isiala Ngwa North,NGA,NG001007,NG00,May,2026,0,0
Nigeria,Abia,Isiala Ngwa South,NGA,NG001006,NG00,May,2026,0,0
Nigeria,Abia,Isuikwuato,NGA,NG001008,NG00,May,2026,0,0
Nigeria,Abia,Nneochi,NGA,NG001017,NG00,May,2026,0,0
Nigeria,Abia,Obioma Ngwa,NGA,NG001009,NG00,May,2026,0,0
Nigeria,Abia,Ohafia,NGA,NG001010,NG00,May,2026,0,0
Nigeria,Abia,Osisioma,NGA,NG001011,NG00,May,2026,0,0
Nigeria,Abia,Ugwunagbo,NGA,NG001012,NG00,May,2026,0,0
Nigeria,Abia,Ukwa East,NGA,NG001013,NG00,May,2026,0,0
Nigeria,Abia,Ukwa West,NGA,NG001014,NG00,May,2026,0,0
Nigeria,Abia,Umuahia North,NGA,NG001015,NG00,May,2026,0,0
Nigeria,Abia,Umuahia South,NGA,NG001016,NG00,May,2026,0,0
Nigeria,Adamawa,Demsa,NGA,NG002001,NG00,May,2026,0,0
Nigeria,Adamawa,Fufore,NGA,NG002002,NG00,May,2026,0,0
Nigeria,Adamawa,Ganye,NGA,NG002003,NG00,May,2026,0,0
Nigeria,Adamawa,Girei,NGA,NG002005,NG00,May,2026,1,0
Nigeria,Adamawa,Gombi,NGA,NG002004,NG00,May,2026,0,0
Nigeria,Adamawa,Guyuk,NGA,NG002006,NG00,May,2026,0,0
Nigeria,Adamawa,Hong,NGA,NG002007,NG00,May,2026,4,5
Nigeria,Adamawa,Jada,NGA,NG002008,NG00,May,2026,0,0
Nigeria,Adamawa,Lamurde,NGA,NG002009,NG00,May,2026,0,0
Nigeria,Adamawa,Madagali,NGA,NG002010,NG00,May,2026,4,5
Nigeria,Adamawa,Maiha,NGA,NG002011,NG00,May,2026,0,0
Nigeria,Adamawa,Mayo-Belwa,NGA,NG002012,NG00,May,2026,0,0
Nigeria,Adamawa,Michika,NGA,NG002013,NG00,May,2026,0,0
Nigeria,Adamawa,Mubi North,NGA,NG002014,NG00,May,2026,0,0
Nigeria,Adamawa,Mubi South,NGA,NG002015,NG00,May,2026,0,0
Nigeria,Adamawa,Numan,NGA,NG002016,NG00,May,2026,0,0
Nigeria,Adamawa,Shelleng,NGA,NG002017,NG00,May,2026,0,0
Nigeria,Adamawa,Song,NGA,NG002018,NG00,May,2026,1,2
Nigeria,Adamawa,Toungo,NGA,NG002019,NG00,May,2026,0,0
Nigeria,Adamawa,Yola-North,NGA,NG002021,NG00,May,2026,0,0
Nigeria,Adamawa,Yola-South,NGA,NG002020,NG00,May,2026,0,0
Nigeria,Akwa Ibom,Abak,NGA,NG003001,NG00,May,2026,0,0
Nigeria,Akwa Ibom,Eastern Obolo,NGA,NG003002,NG00,May,2026,0,0
Nigeria,Akwa Ibom,Eket,NGA,NG003003,NG00,May,2026,0,0
Nigeria,Akwa Ibom,Ekpe Atai,NGA,NG003004,NG00,May,2026,0,0
Nigeria,Akwa Ibom,Essien Udim,NGA,NG003005,NG00,May,2026,0,0
Nigeria,Akwa Ibom,Etim Ekpo,NGA,NG003006,NG00,May,2026,0,0
Nigeria,Akwa Ibom,Etinan,NGA,NG003007,NG00,May,2026,0,0
Nigeria,Akwa Ibom,Ibeno,NGA,NG003008,NG00,May,2026,0,0
Nigeria,Akwa Ibom,Ibesikpo Asutan,NGA,NG003009,NG00,May,2026,0,0
Nigeria,Akwa Ibom,Ibiono Ibom,NGA,NG003010,NG00,May,2026,0,0
Nigeria,Akwa Ibom,Ika,NGA,NG003011,NG00,May,2026,0,0
Nigeria,Akwa Ibom,Ikono,NGA,NG003012,NG00,May,2026,0,0
Nigeria,Akwa Ibom,Ikot Abasi,NGA,NG003013,NG00,May,2026,0,0
Nigeria,Akwa Ibom,Ikot Ekpene,NGA,NG003014,NG00,May,2026,0,0
Nigeria,Akwa Ibom,Ini,NGA,NG003015,NG00,May,2026,0,0
Nigeria,Akwa Ibom,Itu,NGA,NG003016,NG00,May,2026,0,0
Nigeria,Akwa Ibom,Mbo,NGA,NG003017,NG00,May,2026,0,0
Nigeria,Akwa Ibom,Mkpat Enin,NGA,NG003018,NG00,May,2026,0,0
Nigeria,Akwa Ibom,Nsit Ibom,NGA,NG003020,NG00,May,2026,0,0
Nigeria,Akwa Ibom,Nsit Ubium,NGA,NG003021,NG00,May,2026,0,0
Nigeria,Akwa Ibom,Obat Akara,NGA,NG003022,NG00,May,2026,0,0
Nigeria,Akwa Ibom,Okobo,NGA,NG003023,NG00,May,2026,0,0
Nigeria,Akwa Ibom,Onna,NGA,NG003024,NG00,May,2026,0,0
Nigeria,Akwa Ibom,Oron,NGA,NG003025,NG00,May,2026,0,0
Nigeria,Akwa Ibom,Oruk Anam,NGA,NG003026,NG00,May,2026,0,0
Nigeria,Akwa Ibom,Udung Uko,NGA,NG003027,NG00,May,2026,0,0
Nigeria,Akwa Ibom,Ukanafun,NGA,NG003028,NG00,May,2026,0,0
Nigeria,Akwa Ibom,Uruan,NGA,NG003029,NG00,May,2026,0,0
Nigeria,Akwa Ibom,Urue Offong,NGA,NG003030,NG00,May,2026,0,0
Nigeria,Akwa Ibom,Uyo,NGA,NG003031,NG00,May,2026,1,0
Nigeria,Anambra,Aguata,NGA,NG004001,NG00,May,2026,0,0
Nigeria,Anambra,Anambra East,NGA,NG004002,NG00,May,2026,0,0
Nigeria,Anambra,Anambra West,NGA,NG004003,NG00,May,2026,0,0
Nigeria,Anambra,Aniocha,NGA,NG004004,NG00,May,2026,0,0
Nigeria,Anambra,Awka North,NGA,NG004005,NG00,May,2026,1,0
Nigeria,Anambra,Awka South,NGA,NG004006,NG00,May,2026,0,0
Nigeria,Anambra,Ayamelum,NGA,NG004007,NG00,May,2026,0,0
Nigeria,Anambra,Dunukofia,NGA,NG004008,NG00,May,2026,0,0
Nigeria,Anambra,Ekwusigwo,NGA,NG004009,NG00,May,2026,0,0
Nigeria,Anambra,Idemili North,NGA,NG004010,NG00,May,2026,1,0
Nigeria,Anambra,Idemili South,NGA,NG004011,NG00,May,2026,2,3
Nigeria,Anambra,Ihiala,NGA,NG004012,NG00,May,2026,0,0
Nigeria,Anambra,Njikoka,NGA,NG004013,NG00,May,2026,0,0
Nigeria,Anambra,Nnewi North,NGA,NG004014,NG00,May,2026,0,0
Nigeria,Anambra,Nnewi South,NGA,NG004015,NG00,May,2026,0,0
Nigeria,Anambra,Ogbaru,NGA,NG004016,NG00,May,2026,0,0
Nigeria,Anambra,Onisha North,NGA,NG004017,NG00,May,2026,0,0
Nigeria,Anambra,Onisha South,NGA,NG004018,NG00,May,2026,0,0
Nigeria,Anambra,Orumba North,NGA,NG004019,NG00,May,2026,1,2
Nigeria,Anambra,Orumba South,NGA,NG004020,NG00,May,2026,0,0
Nigeria,Anambra,Oyi,NGA,NG004021,NG00,May,2026,0,0
Nigeria,Bauchi,Alkaleri,NGA,NG005001,NG00,May,2026,0,0
Nigeria,Bauchi,Bauchi,NGA,NG005002,NG00,May,2026,1,1
Nigeria,Bauchi,Bogoro,NGA,NG005003,NG00,May,2026,0,0
Nigeria,Bauchi,Damban,NGA,NG005004,NG00,May,2026,0,0
Nigeria,Bauchi,Darazo,NGA,NG005005,NG00,May,2026,1,0
Nigeria,Bauchi,Dass,NGA,NG005006,NG00,May,2026,0,0
Nigeria,Bauchi,Gamawa,NGA,NG005007,NG00,May,2026,0,0
Nigeria,Bauchi,Ganjuwa,NGA,NG005008,NG00,May,2026,0,0
Nigeria,Bauchi,Giade,NGA,NG005009,NG00,May,2026,0,0
Nigeria,Bauchi,Itas-Gadau,NGA,NG005010,NG00,May,2026,0,0
Nigeria,Bauchi,Jamaare,NGA,NG005011,NG00,May,2026,0,0
Nigeria,Bauchi,Katagum,NGA,NG005012,NG00,May,2026,0,0
Nigeria,Bauchi,Kirfi,NGA,NG005013,NG00,May,2026,0,0
Nigeria,Bauchi,Misau,NGA,NG005014,NG00,May,2026,0,0
Nigeria,Bauchi,Ningi,NGA,NG005015,NG00,May,2026,0,0
Nigeria,Bauchi,Shira,NGA,NG005016,NG00,May,2026,0,0
Nigeria,Bauchi,Tafawa Balewa,NGA,NG005017,NG00,May,2026,1,0
Nigeria,Bauchi,Toro,NGA,NG005018,NG00,May,2026,0,0
Nigeria,Bauchi,Warji,NGA,NG005019,NG00,May,2026,1,2
Nigeria,Bauchi,Zaki,NGA,NG005020,NG00,May,2026,0,0
Nigeria,Bayelsa,Brass,NGA,NG006001,NG00,May,2026,0,0
Nigeria,Bayelsa,Ekermor,NGA,NG006002,NG00,May,2026,0,0
Nigeria,Bayelsa,Kolokuma,NGA,NG006003,NG00,May,2026,0,0
Nigeria,Bayelsa,Nembe,NGA,NG006004,NG00,May,2026,0,0
Nigeria,Bayelsa,Ogbia,NGA,NG006005,NG00,May,2026,0,0
Nigeria,Bayelsa,Sagbama,NGA,NG006006,NG00,May,2026,0,0
Nigeria,Bayelsa,Southern Ijaw,NGA,NG006007,NG00,May,2026,0,0
Nigeria,Bayelsa,Yenagoa,NGA,NG006008,NG00,May,2026,1,0
Nigeria,Benue,Ado,NGA,NG007001,NG00,May,2026,0,0
Nigeria,Benue,Agatu,NGA,NG007002,NG00,May,2026,1,4
Nigeria,Benue,Apa,NGA,NG007003,NG00,May,2026,3,0
Nigeria,Benue,Buruku,NGA,NG007004,NG00,May,2026,0,0
Nigeria,Benue,Gboko,NGA,NG007005,NG00,May,2026,1,0
Nigeria,Benue,Guma,NGA,NG007006,NG00,May,2026,5,1
Nigeria,Benue,Gwer East,NGA,NG007007,NG00,May,2026,0,0
Nigeria,Benue,Gwer West,NGA,NG007008,NG00,May,2026,4,1
Nigeria,Benue,Katsina Ala,NGA,NG007009,NG00,May,2026,1,2
Nigeria,Benue,Konshisha,NGA,NG007010,NG00,May,2026,0,0
Nigeria,Benue,Kwande,NGA,NG007011,NG00,May,2026,0,0
Nigeria,Benue,Logo,NGA,NG007012,NG00,May,2026,1,1
Nigeria,Benue,Makurdi,NGA,NG007013,NG00,May,2026,3,11
Nigeria,Benue,Obi,NGA,NG007014,NG00,May,2026,0,0
Nigeria,Benue,Ogbadibo,NGA,NG007015,NG00,May,2026,2,2
Nigeria,Benue,Ohimini,NGA,NG007016,NG00,May,2026,1,1
Nigeria,Benue,Oju,NGA,NG007017,NG00,May,2026,1,0
Nigeria,Benue,Okpokwu,NGA,NG007018,NG00,May,2026,1,0
Nigeria,Benue,Otukpo,NGA,NG007019,NG00,May,2026,3,4
Nigeria,Benue,Tarka,NGA,NG007020,NG00,May,2026,0,0
Nigeria,Benue,Ukum,NGA,NG007021,NG00,May,2026,0,0
Nigeria,Benue,Ushongo,NGA,NG007022,NG00,May,2026,0,0
Nigeria,Benue,Vandeikya,NGA,NG007023,NG00,May,2026,0,0
Nigeria,Borno,Abadan,NGA,NG008001,NG00,May,2026,9,262
Nigeria,Borno,Askira Uba,NGA,NG008002,NG00,May,2026,3,4
Nigeria,Borno,Bama,NGA,NG008003,NG00,May,2026,12,52
Nigeria,Borno,Bayo,NGA,NG008004,NG00,May,2026,0,0
Nigeria,Borno,Biu,NGA,NG008005,NG00,May,2026,7,0
Nigeria,Borno,Chibok,NGA,NG008006,NG00,May,2026,6,8
Nigeria,Borno,Damboa,NGA,NG008007,NG00,May,2026,11,19
Nigeria,Borno,Dikwa,NGA,NG008008,NG00,May,2026,4,9
Nigeria,Borno,Gubio,NGA,NG008009,NG00,May,2026,1,0
Nigeria,Borno,Guzamala,NGA,NG008010,NG00,May,2026,0,0
Nigeria,Borno,Gwoza,NGA,NG008011,NG00,May,2026,17,110
Nigeria,Borno,Hawul,NGA,NG008012,NG00,May,2026,1,2
Nigeria,Borno,Jere,NGA,NG008013,NG00,May,2026,4,30
Nigeria,Borno,Kaga,NGA,NG008014,NG00,May,2026,2,3
Nigeria,Borno,Kala Balge,NGA,NG008015,NG00,May,2026,1,4
Nigeria,Borno,Konduga,NGA,NG008016,NG00,May,2026,14,24
Nigeria,Borno,Kukawa,NGA,NG008017,NG00,May,2026,8,64
Nigeria,Borno,Kwaya Kusar,NGA,NG008018,NG00,May,2026,0,0
Nigeria,Borno,Mafa,NGA,NG008019,NG00,May,2026,2,29
Nigeria,Borno,Magumeri,NGA,NG008020,NG00,May,2026,3,26
Nigeria,Borno,Maiduguri Metro,NGA,NG008021,NG00,May,2026,4,16
Nigeria,Borno,Marte,NGA,NG008022,NG00,May,2026,3,9
Nigeria,Borno,Mobbar,NGA,NG008023,NG00,May,2026,2,21
Nigeria,Borno,Monguno,NGA,NG008024,NG00,May,2026,5,19
Nigeria,Borno,Ngala,NGA,NG008025,NG00,May,2026,2,16
Nigeria,Borno,Nganzai,NGA,NG008026,NG00,May,2026,1,0
Nigeria,Borno,Shani,NGA,NG008027,NG00,May,2026,1,3
Nigeria,Cross River,Abi,NGA,NG009001,NG00,May,2026,0,0
Nigeria,Cross River,Akamkpa,NGA,NG009002,NG00,May,2026,0,0
Nigeria,Cross River,Akpabuyo,NGA,NG009003,NG00,May,2026,0,0
Nigeria,Cross River,Bekwara,NGA,NG009006,NG00,May,2026,0,0
Nigeria,Cross River,Biase,NGA,NG009007,NG00,May,2026,0,0
Nigeria,Cross River,Boki,NGA,NG009008,NG00,May,2026,0,0
Nigeria,Cross River,Calabar Municipal,NGA,NG009010,NG00,May,2026,0,0
Nigeria,Cross River,Calabar South,NGA,NG009009,NG00,May,2026,0,0
Nigeria,Cross River,Etung,NGA,NG009011,NG00,May,2026,0,0
Nigeria,Cross River,Ikom,NGA,NG009012,NG00,May,2026,0,0
Nigeria,Cross River,Obanliku,NGA,NG009013,NG00,May,2026,0,0
Nigeria,Cross River,Obubra,NGA,NG009014,NG00,May,2026,1,0
Nigeria,Cross River,Obudu,NGA,NG009015,NG00,May,2026,0,0
Nigeria,Cross River,Odukpani,NGA,NG009016,NG00,May,2026,0,0
Nigeria,Cross River,Ogaja,NGA,NG009017,NG00,May,2026,0,0
Nigeria,Cross River,Yakurr,NGA,NG009018,NG00,May,2026,1,0
Nigeria,Cross River,Yala,NGA,NG009019,NG00,May,2026,0,0
Nigeria,Delta,Aniocha North,NGA,NG010001,NG01,May,2026,0,0
Nigeria,Delta,Aniocha South,NGA,NG010002,NG01,May,2026,1,2
Nigeria,Delta,Bomadi,NGA,NG010003,NG01,May,2026,0,0
Nigeria,Delta,Burutu,NGA,NG010004,NG01,May,2026,0,0
Nigeria,Delta,Ethiope East,NGA,NG010005,NG01,May,2026,0,0
Nigeria,Delta,Ethiope West,NGA,NG010006,NG01,May,2026,0,0
Nigeria,Delta,Ika North East,NGA,NG010007,NG01,May,2026,0,0
Nigeria,Delta,Ika South,NGA,NG010008,NG01,May,2026,0,0
Nigeria,Delta,Isoko North,NGA,NG010009,NG01,May,2026,0,0
Nigeria,Delta,Isoko South,NGA,NG010010,NG01,May,2026,0,0
Nigeria,Delta,Ndokwa East,NGA,NG010011,NG01,May,2026,0,0
Nigeria,Delta,Ndokwa West,NGA,NG010012,NG01,May,2026,0,0
Nigeria,Delta,Okpe,NGA,NG010013,NG01,May,2026,0,0
Nigeria,Delta,Oshimili North,NGA,NG010014,NG01,May,2026,0,0
Nigeria,Delta,Oshimili South,NGA,NG010015,NG01,May,2026,0,0
Nigeria,Delta,Patani,NGA,NG010016,NG01,May,2026,0,0
Nigeria,Delta,Sapele,NGA,NG010017,NG01,May,2026,0,0
Nigeria,Delta,Udu,NGA,NG010018,NG01,May,2026,0,0
Nigeria,Delta,Ughelli North,NGA,NG010019,NG01,May,2026,0,0
Nigeria,Delta,Ughelli South,NGA,NG010020,NG01,May,2026,0,0
Nigeria,Delta,Ukwuani,NGA,NG010021,NG01,May,2026,0,0
Nigeria,Delta,Uvwie,NGA,NG010022,NG01,May,2026,0,0
Nigeria,Delta,Warri North,NGA,NG010023,NG01,May,2026,0,0
Nigeria,Delta,Warri South,NGA,NG010024,NG01,May,2026,1,0
Nigeria,Delta,Warri South-West,NGA,NG010025,NG01,May,2026,0,0
Nigeria,Ebonyi,Abakaliki,NGA,NG011001,NG01,May,2026,0,0
Nigeria,Ebonyi,Afikpo North,NGA,NG011002,NG01,May,2026,0,0
Nigeria,Ebonyi,Afikpo South,NGA,NG011003,NG01,May,2026,0,0
Nigeria,Ebonyi,Ebonyi,NGA,NG011004,NG01,May,2026,0,0
Nigeria,Ebonyi,Ezza North,NGA,NG011005,NG01,May,2026,0,0
Nigeria,Ebonyi,Ezza South,NGA,NG011006,NG01,May,2026,0,0
Nigeria,Ebonyi,Ikwo,NGA,NG011007,NG01,May,2026,0,0
Nigeria,Ebonyi,Ishielu,NGA,NG011008,NG01,May,2026,0,0
Nigeria,Ebonyi,Ivo,NGA,NG011009,NG01,May,2026,0,0
Nigeria,Ebonyi,Izzi,NGA,NG011010,NG01,May,2026,0,0
Nigeria,Ebonyi,Ohaozara,NGA,NG011011,NG01,May,2026,0,0
Nigeria,Ebonyi,Ohaukwu,NGA,NG011012,NG01,May,2026,0,0
Nigeria,Ebonyi,Onicha,NGA,NG011013,NG01,May,2026,0,0
Nigeria,Edo,Akoko Edo,NGA,NG012001,NG01,May,2026,1,0
Nigeria,Edo,Egor,NGA,NG012002,NG01,May,2026,0,0
Nigeria,Edo,Esan Central,NGA,NG012003,NG01,May,2026,0,0
Nigeria,Edo,Esan North East,NGA,NG012004,NG01,May,2026,1,1
Nigeria,Edo,Esan South East,NGA,NG012005,NG01,May,2026,2,1
Nigeria,Edo,Esan West,NGA,NG012006,NG01,May,2026,3,1
Nigeria,Edo,Etsako Central,NGA,NG012007,NG01,May,2026,0,0
Nigeria,Edo,Etsako East,NGA,NG012008,NG01,May,2026,1,0
Nigeria,Edo,Etsako West,NGA,NG012009,NG01,May,2026,1,0
Nigeria,Edo,Igueben,NGA,NG012010,NG01,May,2026,0,0
Nigeria,Edo,Ikpoba Okha,NGA,NG012011,NG01,May,2026,2,0
Nigeria,Edo,Oredo,NGA,NG012012,NG01,May,2026,0,0
Nigeria,Edo,Orhionwon,NGA,NG012013,NG01,May,2026,2,0
Nigeria,Edo,Ovia North East,NGA,NG012014,NG01,May,2026,1,0
Nigeria,Edo,Ovia South West,NGA,NG012015,NG01,May,2026,0,0
Nigeria,Edo,Owan East,NGA,NG012016,NG01,May,2026,0,0
Nigeria,Edo,Owan West,NGA,NG012017,NG01,May,2026,0,0
Nigeria,Edo,Uhunmwode,NGA,NG012018,NG01,May,2026,0,0
Nigeria,Ekiti,Ado Ekiti,NGA,NG013001,NG01,May,2026,0,0
Nigeria,Ekiti,Aiyekire,NGA,NG013002,NG01,May,2026,0,0
Nigeria,Ekiti,Efon,NGA,NG013003,NG01,May,2026,0,0
Nigeria,Ekiti,Ekiti East,NGA,NG013004,NG01,May,2026,0,0
Nigeria,Ekiti,Ekiti South West,NGA,NG013005,NG01,May,2026,0,0
Nigeria,Ekiti,Ekiti West,NGA,NG013006,NG01,May,2026,0,0
Nigeria,Ekiti,Emure,NGA,NG013007,NG01,May,2026,0,0
Nigeria,Ekiti,Ido-Osi,NGA,NG013008,NG01,May,2026,0,0
Nigeria,Ekiti,Ijero,NGA,NG013009,NG01,May,2026,0,0
Nigeria,Ekiti,Ikere,NGA,NG013010,NG01,May,2026,0,0
Nigeria,Ekiti,Ikole,NGA,NG013011,NG01,May,2026,0,0
Nigeria,Ekiti,Ilejemeji,NGA,NG013012,NG01,May,2026,1,0
Nigeria,Ekiti,Irepodun,NGA,NG013013,NG01,May,2026,0,0
Nigeria,Ekiti,Ise,NGA,NG013014,NG01,May,2026,0,0
Nigeria,Ekiti,Moba,NGA,NG013015,NG01,May,2026,0,0
Nigeria,Ekiti,Oye,NGA,NG013016,NG01,May,2026,0,0
Nigeria,Enugu,Agwu,NGA,NG014002,NG01,May,2026,0,0
Nigeria,Enugu,Aninri,NGA,NG014001,NG01,May,2026,0,0
Nigeria,Enugu,Enugu East,NGA,NG014003,NG01,May,2026,1,1
Nigeria,Enugu,Enugu North,NGA,NG014004,NG01,May,2026,0,0
Nigeria,Enugu,Enugu South,NGA,NG014005,NG01,May,2026,0,0
Nigeria,Enugu,Ezeagu,NGA,NG014006,NG01,May,2026,1,0
Nigeria,Enugu,Igbo Etiti,NGA,NG014007,NG01,May,2026,0,0
Nigeria,Enugu,Igbo Eze North,NGA,NG014008,NG01,May,2026,0,0
Nigeria,Enugu,Igbo Eze South,NGA,NG014009,NG01,May,2026,0,0
Nigeria,Enugu,Isi Uzo,NGA,NG014010,NG01,May,2026,0,0
Nigeria,Enugu,Nkanu East,NGA,NG014011,NG01,May,2026,0,0
Nigeria,Enugu,Nkanu West,NGA,NG014012,NG01,May,2026,0,0
Nigeria,Enugu,Nsukka,NGA,NG014013,NG01,May,2026,0,0
Nigeria,Enugu,Oji River,NGA,NG014014,NG01,May,2026,0,0
Nigeria,Enugu,Udenu,NGA,NG014015,NG01,May,2026,0,0
Nigeria,Enugu,Udi,NGA,NG014016,NG01,May,2026,0,0
Nigeria,Enugu,Uzo Uwani,NGA,NG014017,NG01,May,2026,0,0
Nigeria,Federal Capital Territory,Abaji,NGA,NG015001,NG01,May,2026,0,0
Nigeria,Federal Capital Territory,Abuja Municipal,NGA,NG015002,NG01,May,2026,3,4
Nigeria,Federal Capital Territory,Bwari,NGA,NG015003,NG01,May,2026,1,0
Nigeria,Federal Capital Territory,Gwagwalada,NGA,NG015004,NG01,May,2026,0,0
Nigeria,Federal Capital Territory,Kuje,NGA,NG015005,NG01,May,2026,0,0
Nigeria,Federal Capital Territory,Kwali,NGA,NG015006,NG01,May,2026,0,0
Nigeria,Gombe,Akko,NGA,NG016001,NG01,May,2026,0,0
Nigeria,Gombe,Balanga,NGA,NG016002,NG01,May,2026,0,0
Nigeria,Gombe,Billiri,NGA,NG016003,NG01,May,2026,0,0
Nigeria,Gombe,Dukku,NGA,NG016004,NG01,May,2026,0,0
Nigeria,Gombe,Funakaye,NGA,NG016005,NG01,May,2026,0,0
Nigeria,Gombe,Gombe,NGA,NG016006,NG01,May,2026,0,0
Nigeria,Gombe,Kaltungo,NGA,NG016007,NG01,May,2026,0,0
Nigeria,Gombe,Kwami,NGA,NG016008,NG01,May,2026,0,0
Nigeria,Gombe,Nafada,NGA,NG016009,NG01,May,2026,0,0
Nigeria,Gombe,Shomgom,NGA,NG016010,NG01,May,2026,0,0
Nigeria,Gombe,Yamaltu,NGA,NG016011,NG01,May,2026,0,0
Nigeria,Imo,Aboh Mbaise,NGA,NG017001,NG01,May,2026,0,0
Nigeria,Imo,Ahiazu Mbaise,NGA,NG017002,NG01,May,2026,0,0
Nigeria,Imo,Ehime Mbano,NGA,NG017003,NG01,May,2026,0,0
Nigeria,Imo,Ezinihitte Mbaise,NGA,NG017004,NG01,May,2026,0,0
Nigeria,Imo,Ideato North,NGA,NG017005,NG01,May,2026,0,0
Nigeria,Imo,Ideato South,NGA,NG017006,NG01,May,2026,0,0
Nigeria,Imo,Ihitte Uboma,NGA,NG017007,NG01,May,2026,0,0
Nigeria,Imo,Ikeduru,NGA,NG017008,NG01,May,2026,0,0
Nigeria,Imo,Isiala Mbano,NGA,NG017009,NG01,May,2026,0,0
Nigeria,Imo,Isu,NGA,NG017010,NG01,May,2026,0,0
Nigeria,Imo,Mbaitoli,NGA,NG017011,NG01,May,2026,0,0
Nigeria,Imo,Ngor Okpala,NGA,NG017012,NG01,May,2026,0,0
Nigeria,Imo,Njaba,NGA,NG017013,NG01,May,2026,0,0
Nigeria,Imo,Nkwangele,NGA,NG017015,NG01,May,2026,0,0
Nigeria,Imo,Nkwerre,NGA,NG017014,NG01,May,2026,0,0
Nigeria,Imo,Obowo,NGA,NG017016,NG01,May,2026,1,1
Nigeria,Imo,Oguta,NGA,NG017017,NG01,May,2026,1,0
Nigeria,Imo,Ohaji,NGA,NG017018,NG01,May,2026,2,10
Nigeria,Imo,Okigwe,NGA,NG017019,NG01,May,2026,0,0
Nigeria,Imo,Onuimo,NGA,NG017027,NG01,May,2026,0,0
Nigeria,Imo,Orlu,NGA,NG017020,NG01,May,2026,0,0
Nigeria,Imo,Orsu,NGA,NG017021,NG01,May,2026,1,1
Nigeria,Imo,Oru East,NGA,NG017022,NG01,May,2026,0,0
Nigeria,Imo,Oru West,NGA,NG017023,NG01,May,2026,0,0
Nigeria,Imo,Owerri Municipal,NGA,NG017026,NG01,May,2026,1,1
Nigeria,Imo,Owerri North,NGA,NG017024,NG01,May,2026,0,0
Nigeria,Imo,Owerri West,NGA,NG017025,NG01,May,2026,3,2
Nigeria,Jigawa,Auyo,NGA,NG018001,NG01,May,2026,0,0
Nigeria,Jigawa,Babura,NGA,NG018002,NG01,May,2026,0,0
Nigeria,Jigawa,Birnin Kudu,NGA,NG018004,NG01,May,2026,0,0
Nigeria,Jigawa,Birniwa,NGA,NG018003,NG01,May,2026,0,0
Nigeria,Jigawa,Buji,NGA,NG018005,NG01,May,2026,0,0
Nigeria,Jigawa,Dutse,NGA,NG018006,NG01,May,2026,0,0
Nigeria,Jigawa,Gagarawa,NGA,NG018007,NG01,May,2026,0,0
Nigeria,Jigawa,Garki,NGA,NG018008,NG01,May,2026,0,0
Nigeria,Jigawa,Gumel,NGA,NG018009,NG01,May,2026,0,0
Nigeria,Jigawa,Guri,NGA,NG018010,NG01,May,2026,0,0
Nigeria,Jigawa,Gwaram,NGA,NG018011,NG01,May,2026,0,0
Nigeria,Jigawa,Gwiwa,NGA,NG018012,NG01,May,2026,0,0
Nigeria,Jigawa,Hadejia,NGA,NG018013,NG01,May,2026,0,0
Nigeria,Jigawa,Jahun,NGA,NG018014,NG01,May,2026,0,0
Nigeria,Jigawa,Kafin Hausa,NGA,NG018015,NG01,May,2026,0,0
Nigeria,Jigawa,Kaugama,NGA,NG018016,NG01,May,2026,0,0
Nigeria,Jigawa,Kazaure,NGA,NG018017,NG01,May,2026,0,0
Nigeria,Jigawa,Kiri-Kasamma,NGA,NG018018,NG01,May,2026,0,0
Nigeria,Jigawa,Kiyawa,NGA,NG018019,NG01,May,2026,0,0
Nigeria,Jigawa,Maigatari,NGA,NG018020,NG01,May,2026,0,0
Nigeria,Jigawa,Malam Madori,NGA,NG018021,NG01,May,2026,0,0
Nigeria,Jigawa,Miga,NGA,NG018022,NG01,May,2026,0,0
Nigeria,Jigawa,Ringim,NGA,NG018023,NG01,May,2026,0,0
Nigeria,Jigawa,Roni,NGA,NG018024,NG01,May,2026,1,0
Nigeria,Jigawa,Sule Takarkar,NGA,NG018025,NG01,May,2026,0,0
Nigeria,Jigawa,Taura,NGA,NG018026,NG01,May,2026,0,0
Nigeria,Jigawa,Yankwashi,NGA,NG018027,NG01,May,2026,0,0
Nigeria,Kaduna,Birnin Gwari,NGA,NG019001,NG01,May,2026,7,14
Nigeria,Kaduna,Chikun,NGA,NG019002,NG01,May,2026,2,2
Nigeria,Kaduna,Giwa,NGA,NG019003,NG01,May,2026,3,3
Nigeria,Kaduna,Igabi,NGA,NG019004,NG01,May,2026,2,0
Nigeria,Kaduna,Ikara,NGA,NG019005,NG01,May,2026,0,0
Nigeria,Kaduna,Jaba,NGA,NG019006,NG01,May,2026,0,0
Nigeria,Kaduna,Jema'a,NGA,NG019007,NG01,May,2026,3,1
Nigeria,Kaduna,Kachia,NGA,NG019008,NG01,May,2026,4,3
Nigeria,Kaduna,Kaduna North,NGA,NG019009,NG01,May,2026,0,0
Nigeria,Kaduna,Kaduna South,NGA,NG019010,NG01,May,2026,0,0
Nigeria,Kaduna,Kagarko,NGA,NG019011,NG01,May,2026,9,15
Nigeria,Kaduna,Kajuru,NGA,NG019014,NG01,May,2026,2,6
Nigeria,Kaduna,Kaura,NGA,NG019013,NG01,May,2026,1,0
Nigeria,Kaduna,Kauru,NGA,NG019012,NG01,May,2026,4,6
Nigeria,Kaduna,Kubau,NGA,NG019015,NG01,May,2026,1,0
Nigeria,Kaduna,Kudan,NGA,NG019016,NG01,May,2026,1,0
Nigeria,Kaduna,Lere,NGA,NG019017,NG01,May,2026,1,0
Nigeria,Kaduna,Makarfi,NGA,NG019018,NG01,May,2026,3,1
Nigeria,Kaduna,Sabon Gari,NGA,NG019019,NG01,May,2026,1,1
Nigeria,Kaduna,Sanga,NGA,NG019020,NG01,May,2026,4,1
Nigeria,Kaduna,Soba,NGA,NG019021,NG01,May,2026,0,0
Nigeria,Kaduna,Zangon Kataf,NGA,NG019022,NG01,May,2026,4,1
Nigeria,Kaduna,Zaria,NGA,NG019023,NG01,May,2026,0,0
Nigeria,Kano,Ajingi,NGA,NG020001,NG02,May,2026,0,0
Nigeria,Kano,Albasu,NGA,NG020002,NG02,May,2026,0,0
Nigeria,Kano,Bagwai,NGA,NG020003,NG02,May,2026,0,0
Nigeria,Kano,Bebeji,NGA,NG020004,NG02,May,2026,0,0
Nigeria,Kano,Bichi,NGA,NG020005,NG02,May,2026,0,0
Nigeria,Kano,Bunkure,NGA,NG020006,NG02,May,2026,0,0
Nigeria,Kano,Dala,NGA,NG020007,NG02,May,2026,0,0
Nigeria,Kano,Danbatta,NGA,NG020008,NG02,May,2026,0,0
Nigeria,Kano,Dawakin Kudu,NGA,NG020009,NG02,May,2026,0,0
Nigeria,Kano,Dawakin Tofa,NGA,NG020010,NG02,May,2026,0,0
Nigeria,Kano,Doguwa,NGA,NG020011,NG02,May,2026,0,0
Nigeria,Kano,Fagge,NGA,NG020012,NG02,May,2026,0,0
Nigeria,Kano,Gabasawa,NGA,NG020013,NG02,May,2026,0,0
Nigeria,Kano,Garko,NGA,NG020014,NG02,May,2026,0,0
Nigeria,Kano,Garun Mallam,NGA,NG020015,NG02,May,2026,0,0
Nigeria,Kano,Gaya,NGA,NG020016,NG02,May,2026,0,0
Nigeria,Kano,Gezawa,NGA,NG020017,NG02,May,2026,0,0
Nigeria,Kano,Gwale,NGA,NG020018,NG02,May,2026,0,0
Nigeria,Kano,Gwarzo,NGA,NG020019,NG02,May,2026,4,3
Nigeria,Kano,Kabo,NGA,NG020020,NG02,May,2026,0,0
Nigeria,Kano,Kano Municipal,NGA,NG020021,NG02,May,2026,2,0
Nigeria,Kano,Karaye,NGA,NG020022,NG02,May,2026,0,0
Nigeria,Kano,Kibiya,NGA,NG020023,NG02,May,2026,0,0
Nigeria,Kano,Kiru,NGA,NG020024,NG02,May,2026,0,0
Nigeria,Kano,Kumbotso,NGA,NG020025,NG02,May,2026,0,0
Nigeria,Kano,Kunchi,NGA,NG020026,NG02,May,2026,0,0
Nigeria,Kano,Kura,NGA,NG020027,NG02,May,2026,0,0
Nigeria,Kano,Madobi,NGA,NG020028,NG02,May,2026,0,0
Nigeria,Kano,Makoda,NGA,NG020029,NG02,May,2026,0,0
Nigeria,Kano,Minjibir,NGA,NG020030,NG02,May,2026,0,0
Nigeria,Kano,Nassarawa,NGA,NG020031,NG02,May,2026,0,0
Nigeria,Kano,Rano,NGA,NG020032,NG02,May,2026,0,0
Nigeria,Kano,Rimin Gado,NGA,NG020033,NG02,May,2026,0,0
Nigeria,Kano,Rogo,NGA,NG020034,NG02,May,2026,0,0
Nigeria,Kano,Shanono,NGA,NG020035,NG02,May,2026,0,0
Nigeria,Kano,Sumaila,NGA,NG020036,NG02,May,2026,0,0
Nigeria,Kano,Takai,NGA,NG020037,NG02,May,2026,0,0
Nigeria,Kano,Tarauni,NGA,NG020038,NG02,May,2026,1,1
Nigeria,Kano,Tofa,NGA,NG020039,NG02,May,2026,1,1
Nigeria,Kano,Tsanyawa,NGA,NG020040,NG02,May,2026,1,3
Nigeria,Kano,Tudun Wada,NGA,NG020041,NG02,May,2026,0,0
Nigeria,Kano,Ungogo,NGA,NG020042,NG02,May,2026,0,0
Nigeria,Kano,Warawa,NGA,NG020043,NG02,May,2026,0,0
Nigeria,Kano,Wudil,NGA,NG020044,NG02,May,2026,0,0
Nigeria,Katsina,Bakori,NGA,NG021001,NG02,May,2026,9,18
Nigeria,Katsina,Batagarawa,NGA,NG021002,NG02,May,2026,0,0
Nigeria,Katsina,Batsari,NGA,NG021003,NG02,May,2026,0,0
Nigeria,Katsina,Baure,NGA,NG021004,NG02,May,2026,0,0
Nigeria,Katsina,Bindawa,NGA,NG021005,NG02,May,2026,0,0
Nigeria,Katsina,Charanchi,NGA,NG021006,NG02,May,2026,1,0
Nigeria,Katsina,Dan-Musa,NGA,NG021007,NG02,May,2026,4,0
Nigeria,Katsina,Dandume,NGA,NG021008,NG02,May,2026,2,2
Nigeria,Katsina,Danja,NGA,NG021009,NG02,May,2026,0,0
Nigeria,Katsina,Daura,NGA,NG021010,NG02,May,2026,0,0
Nigeria,Katsina,Dutsi,NGA,NG021011,NG02,May,2026,0,0
Nigeria,Katsina,Dutsinma,NGA,NG021012,NG02,May,2026,12,41
Nigeria,Katsina,Faskari,NGA,NG021013,NG02,May,2026,9,15
Nigeria,Katsina,Funtua,NGA,NG021014,NG02,May,2026,8,6
Nigeria,Katsina,Ingawa,NGA,NG021015,NG02,May,2026,0,0
Nigeria,Katsina,Jibia,NGA,NG021016,NG02,May,2026,4,2
Nigeria,Katsina,Kafur,NGA,NG021017,NG02,May,2026,1,0
Nigeria,Katsina,Kaita,NGA,NG021018,NG02,May,2026,0,0
Nigeria,Katsina,Kankara,NGA,NG021019,NG02,May,2026,5,3
Nigeria,Katsina,Kankia,NGA,NG021020,NG02,May,2026,12,34
Nigeria,Katsina,Katsina,NGA,NG021021,NG02,May,2026,1,0
Nigeria,Katsina,Kurfi,NGA,NG021022,NG02,May,2026,1,1
Nigeria,Katsina,Kusada,NGA,NG021023,NG02,May,2026,1,1
Nigeria,Katsina,Maiadua,NGA,NG021024,NG02,May,2026,0,0
Nigeria,Katsina,Malumfashi,NGA,NG021025,NG02,May,2026,6,19
Nigeria,Katsina,Mani,NGA,NG021026,NG02,May,2026,2,3
Nigeria,Katsina,Mashi,NGA,NG021027,NG02,May,2026,1,0
Nigeria,Katsina,Matazu,NGA,NG021028,NG02,May,2026,14,33
Nigeria,Katsina,Musawa,NGA,NG021029,NG02,May,2026,5,13
Nigeria,Katsina,Rimi,NGA,NG021030,NG02,May,2026,0,0
Nigeria,Katsina,Sabuwa,NGA,NG021031,NG02,May,2026,2,2
Nigeria,Katsina,Safana,NGA,NG021032,NG02,May,2026,1,0
Nigeria,Katsina,Sandamu,NGA,NG021033,NG02,May,2026,0,0
Nigeria,Katsina,Zango,NGA,NG021034,NG02,May,2026,0,0
Nigeria,Kebbi,Alieru,NGA,NG022001,NG02,May,2026,0,0
Nigeria,Kebbi,Arewa,NGA,NG022002,NG02,May,2026,2,38
Nigeria,Kebbi,Argungu,NGA,NG022003,NG02,May,2026,0,0
Nigeria,Kebbi,Augie,NGA,NG022004,NG02,May,2026,2,5
Nigeria,Kebbi,Bagudo,NGA,NG022005,NG02,May,2026,1,2
Nigeria,Kebbi,Birnin-Kebbi,NGA,NG022006,NG02,May,2026,0,0
Nigeria,Kebbi,Bunza,NGA,NG022007,NG02,May,2026,0,0
Nigeria,Kebbi,Dandi Kamba,NGA,NG022008,NG02,May,2026,2,2
Nigeria,Kebbi,Danko,NGA,NG022019,NG02,May,2026,6,6
Nigeria,Kebbi,Fakai,NGA,NG022009,NG02,May,2026,1,2
Nigeria,Kebbi,Gwandu,NGA,NG022010,NG02,May,2026,0,0
Nigeria,Kebbi,Jega,NGA,NG022011,NG02,May,2026,0,0
Nigeria,Kebbi,Kalgo,NGA,NG022012,NG02,May,2026,0,0
Nigeria,Kebbi,Koko,NGA,NG022013,NG02,May,2026,1,0
Nigeria,Kebbi,Maiyama,NGA,NG022014,NG02,May,2026,0,0
Nigeria,Kebbi,Ngaski,NGA,NG022015,NG02,May,2026,1,0
Nigeria,Kebbi,Sakaba,NGA,NG022016,NG02,May,2026,1,4
Nigeria,Kebbi,Shanga,NGA,NG022017,NG02,May,2026,4,0
Nigeria,Kebbi,Suru,NGA,NG022018,NG02,May,2026,0,0
Nigeria,Kebbi,Yauri,NGA,NG022020,NG02,May,2026,0,0
Nigeria,Kebbi,Zuru,NGA,NG022021,NG02,May,2026,2,0
Nigeria,Kogi,Adavi,NGA,NG023001,NG02,May,2026,0,0
Nigeria,Kogi,Ajaokuta,NGA,NG023002,NG02,May,2026,0,0
Nigeria,Kogi,Ankpa,NGA,NG023003,NG02,May,2026,1,9
Nigeria,Kogi,Bassa,NGA,NG023004,NG02,May,2026,1,3
Nigeria,Kogi,Dekina,NGA,NG023005,NG02,May,2026,4,13
Nigeria,Kogi,Ibaji,NGA,NG023006,NG02,May,2026,2,14
Nigeria,Kogi,Idah,NGA,NG023007,NG02,May,2026,0,0
Nigeria,Kogi,Igalamela,NGA,NG023008,NG02,May,2026,0,0
Nigeria,Kogi,Ijumu,NGA,NG023009,NG02,May,2026,0,0
Nigeria,Kogi,Kabba,NGA,NG023010,NG02,May,2026,5,2
Nigeria,Kogi,Kogi,NGA,NG023011,NG02,May,2026,0,0
Nigeria,Kogi,Lokoja,NGA,NG023012,NG02,May,2026,2,2
Nigeria,Kogi,Mopa-Muro,NGA,NG023013,NG02,May,2026,0,0
Nigeria,Kogi,Ofu,NGA,NG023014,NG02,May,2026,1,0
Nigeria,Kogi,Ogori,NGA,NG023015,NG02,May,2026,1,0
Nigeria,Kogi,Okehi,NGA,NG023016,NG02,May,2026,1,0
Nigeria,Kogi,Okene,NGA,NG023017,NG02,May,2026,1,0
Nigeria,Kogi,Olamaboro,NGA,NG023018,NG02,May,2026,1,2
Nigeria,Kogi,Omala,NGA,NG023019,NG02,May,2026,0,0
Nigeria,Kogi,Yagba East,NGA,NG023020,NG02,May,2026,1,0
Nigeria,Kogi,Yagba West,NGA,NG023021,NG02,May,2026,2,3
Nigeria,Kwara,Asa,NGA,NG024001,NG02,May,2026,0,0
Nigeria,Kwara,Baruten,NGA,NG024002,NG02,May,2026,4,8
Nigeria,Kwara,Edu,NGA,NG024003,NG02,May,2026,0,0
Nigeria,Kwara,Ekiti,NGA,NG024004,NG02,May,2026,1,3
Nigeria,Kwara,Ifelodun,NGA,NG024005,NG02,May,2026,1,1
Nigeria,Kwara,Ilorin East,NGA,NG024006,NG02,May,2026,0,0
Nigeria,Kwara,Ilorin South,NGA,NG024007,NG02,May,2026,0,0
Nigeria,Kwara,Ilorin West,NGA,NG024008,NG02,May,2026,1,0
Nigeria,Kwara,Irepodun,NGA,NG024009,NG02,May,2026,0,0
Nigeria,Kwara,Kai Ama,NGA,NG024011,NG02,May,2026,1,3
Nigeria,Kwara,Moro,NGA,NG024012,NG02,May,2026,0,0
Nigeria,Kwara,Offa,NGA,NG024013,NG02,May,2026,1,0
Nigeria,Kwara,Oke-Ero,NGA,NG024014,NG02,May,2026,0,0
Nigeria,Kwara,Osin,NGA,NG024010,NG02,May,2026,0,0
Nigeria,Kwara,Oyun,NGA,NG024015,NG02,May,2026,0,0
Nigeria,Kwara,Pategi,NGA,NG024016,NG02,May,2026,0,0
Nigeria,Lagos,Agege,NGA,NG025001,NG02,May,2026,0,0
Nigeria,Lagos,Ajeromi,NGA,NG025002,NG02,May,2026,0,0
Nigeria,Lagos,Alimosho,NGA,NG025003,NG02,May,2026,2,3
Nigeria,Lagos,Amowo-Odofin,NGA,NG025004,NG02,May,2026,0,0
Nigeria,Lagos,Apapa,NGA,NG025005,NG02,May,2026,0,0
Nigeria,Lagos,Badagry,NGA,NG025006,NG02,May,2026,0,0
Nigeria,Lagos,Epe,NGA,NG025007,NG02,May,2026,0,0
Nigeria,Lagos,Eti-Osa,NGA,NG025008,NG02,May,2026,1,1
Nigeria,Lagos,Ibeju-Lekki,NGA,NG025009,NG02,May,2026,0,0
Nigeria,Lagos,Ifako,NGA,NG025010,NG02,May,2026,0,0
Nigeria,Lagos,Ikeja,NGA,NG025011,NG02,May,2026,0,0
Nigeria,Lagos,Ikorodu,NGA,NG025012,NG02,May,2026,0,0
Nigeria,Lagos,Kosofe,NGA,NG025013,NG02,May,2026,0,0
Nigeria,Lagos,Lagos Island,NGA,NG025014,NG02,May,2026,0,0
Nigeria,Lagos,Lagos Mainland,NGA,NG025015,NG02,May,2026,0,0
Nigeria,Lagos,Mushin,NGA,NG025016,NG02,May,2026,0,0
Nigeria,Lagos,Ojo,NGA,NG025017,NG02,May,2026,0,0
Nigeria,Lagos,Oshodi,NGA,NG025018,NG02,May,2026,2,4
Nigeria,Lagos,Somolu,NGA,NG025019,NG02,May,2026,0,0
Nigeria,Lagos,Surulere,NGA,NG025020,NG02,May,2026,0,0
Nigeria,Nassarawa,Akwanga,NGA,NG026001,NG02,May,2026,1,0
Nigeria,Nassarawa,Awe,NGA,NG026002,NG02,May,2026,0,0
Nigeria,Nassarawa,Doma,NGA,NG026003,NG02,May,2026,2,1
Nigeria,Nassarawa,Karu,NGA,NG026004,NG02,May,2026,0,0
Nigeria,Nassarawa,Keana,NGA,NG026005,NG02,May,2026,0,0
Nigeria,Nassarawa,Keffi,NGA,NG026006,NG02,May,2026,0,0
Nigeria,Nassarawa,Kokona,NGA,NG026007,NG02,May,2026,0,0
Nigeria,Nassarawa,Lafia,NGA,NG026008,NG02,May,2026,0,0
Nigeria,Nassarawa,Nasarawa,NGA,NG026009,NG02,May,2026,0,0
Nigeria,Nassarawa,Nasarawa Eggon,NGA,NG026010,NG02,May,2026,0,0
Nigeria,Nassarawa,Obi,NGA,NG026011,NG02,May,2026,0,0
Nigeria,Nassarawa,Toto,NGA,NG026012,NG02,May,2026,0,0
Nigeria,Nassarawa,Wamba,NGA,NG026013,NG02,May,2026,0,0
Nigeria,Niger,Agaie,NGA,NG027001,NG02,May,2026,0,0
Nigeria,Niger,Agwara,NGA,NG027002,NG02,May,2026,1,2
Nigeria,Niger,Bida,NGA,NG027003,NG02,May,2026,0,0
Nigeria,Niger,Borgu,NGA,NG027004,NG02,May,2026,4,23
Nigeria,Niger,Bosso,NGA,NG027005,NG02,May,2026,0,0
Nigeria,Niger,Edati,NGA,NG027017,NG02,May,2026,0,0
Nigeria,Niger,Gbako,NGA,NG027008,NG02,May,2026,0,0
Nigeria,Niger,Gurara,NGA,NG027009,NG02,May,2026,0,0
Nigeria,Niger,Katcha,NGA,NG027010,NG02,May,2026,0,0
Nigeria,Niger,Kontagora,NGA,NG027011,NG02,May,2026,0,0
Nigeria,Niger,Lapai,NGA,NG027012,NG02,May,2026,0,0
Nigeria,Niger,Lavun,NGA,NG027013,NG02,May,2026,0,0
Nigeria,Niger,Magama,NGA,NG027014,NG02,May,2026,0,0
Nigeria,Niger,Mariga,NGA,NG027015,NG02,May,2026,3,13
Nigeria,Niger,Mashegu,NGA,NG027016,NG02,May,2026,1,1
Nigeria,Niger,Minna,NGA,NG027006,NG02,May,2026,2,2
Nigeria,Niger,Mokwa,NGA,NG027017,NG02,May,2026,0,0
Nigeria,Niger,Muya,NGA,NG027018,NG02,May,2026,2,0
Nigeria,Niger,Paikoro,NGA,NG027019,NG02,May,2026,2,51
Nigeria,Niger,Rafi,NGA,NG027020,NG02,May,2026,3,32
Nigeria,Niger,Rijau,NGA,NG027021,NG02,May,2026,0,0
Nigeria,Niger,Shiroro,NGA,NG027022,NG02,May,2026,3,39
Nigeria,Niger,Suleja,NGA,NG027023,NG02,May,2026,0,0
Nigeria,Niger,Tafa,NGA,NG027024,NG02,May,2026,0,0
Nigeria,Niger,Wushishi,NGA,NG027025,NG02,May,2026,0,0
Nigeria,Ogun,Abeokuta North,NGA,NG028001,NG02,May,2026,0,0
Nigeria,Ogun,Abeokuta South,NGA,NG028002,NG02,May,2026,1,1
Nigeria,Ogun,Ado-Odo,NGA,NG028003,NG02,May,2026,0,0
Nigeria,Ogun,Egbado North,NGA,NG028004,NG02,May,2026,0,0
Nigeria,Ogun,Egbado South,NGA,NG028005,NG02,May,2026,0,0
Nigeria,Ogun,Ewekoro,NGA,NG028006,NG02,May,2026,0,0
Nigeria,Ogun,Ifo,NGA,NG028007,NG02,May,2026,0,0
Nigeria,Ogun,Ijebu East,NGA,NG028008,NG02,May,2026,0,0
Nigeria,Ogun,Ijebu North,NGA,NG028009,NG02,May,2026,0,0
Nigeria,Ogun,Ijebu North East,NGA,NG028010,NG02,May,2026,0,0
Nigeria,Ogun,Ijebu Ode,NGA,NG028010,NG02,May,2026,1,0
Nigeria,Ogun,Ikenne,NGA,NG028012,NG02,May,2026,0,0
Nigeria,Ogun,Imeko-Afon,NGA,NG028013,NG02,May,2026,0,0
Nigeria,Ogun,Ipokia,NGA,NG028014,NG02,May,2026,0,0
Nigeria,Ogun,Obafemi,NGA,NG028015,NG02,May,2026,0,0
Nigeria,Ogun,Odedah,NGA,NG028016,NG02,May,2026,3,1
Nigeria,Ogun,Odogbolu,NGA,NG028017,NG02,May,2026,1,2
Nigeria,Ogun,Ogun Waterside,NGA,NG028018,NG02,May,2026,0,0
Nigeria,Ogun,Remo North,NGA,NG028019,NG02,May,2026,0,0
Nigeria,Ogun,Shagamu,NGA,NG028020,NG02,May,2026,0,0
Nigeria,Ondo,Akoko North East,NGA,NG029001,NG02,May,2026,0,0
Nigeria,Ondo,Akoko North West,NGA,NG029002,NG02,May,2026,0,0
Nigeria,Ondo,Akoko South East,NGA,NG029003,NG02,May,2026,1,0
Nigeria,Ondo,Akoko South West,NGA,NG029004,NG02,May,2026,0,0
Nigeria,Ondo,Akure North,NGA,NG029005,NG02,May,2026,0,0
Nigeria,Ondo,Akure South,NGA,NG029006,NG02,May,2026,1,0
Nigeria,Ondo,Ese-Edo,NGA,NG029007,NG02,May,2026,0,0
Nigeria,Ondo,Idanre,NGA,NG029008,NG02,May,2026,0,0
Nigeria,Ondo,Ifedore,NGA,NG029009,NG02,May,2026,0,0
Nigeria,Ondo,Ilaje,NGA,NG029010,NG02,May,2026,0,0
Nigeria,Ondo,Ile-Oluji-Okeigbo,NGA,NG029011,NG02,May,2026,0,0
Nigeria,Ondo,Irele,NGA,NG029012,NG02,May,2026,0,0
Nigeria,Ondo,Odigbo,NGA,NG029013,NG02,May,2026,0,0
Nigeria,Ondo,Okitipupa,NGA,NG029014,NG02,May,2026,0,0
Nigeria,Ondo,Ondo East,NGA,NG029015,NG02,May,2026,0,0
Nigeria,Ondo,Ondo West,NGA,NG029016,NG02,May,2026,0,0
Nigeria,Ondo,Ose,NGA,NG029017,NG02,May,2026,0,0
Nigeria,Ondo,Owo,NGA,NG029018,NG02,May,2026,1,1
Nigeria,Osun,Aiyedade,NGA,NG030001,NG03,May,2026,0,0
Nigeria,Osun,Aiyedire,NGA,NG030002,NG03,May,2026,0,0
Nigeria,Osun,Atakumosa East,NGA,NG030003,NG03,May,2026,0,0
Nigeria,Osun,Atakumosa West,NGA,NG030004,NG03,May,2026,0,0
Nigeria,Osun,Boluwaduro,NGA,NG030005,NG03,May,2026,0,0
Nigeria,Osun,Boripe,NGA,NG030006,NG03,May,2026,0,0
Nigeria,Osun,Ede North,NGA,NG030007,NG03,May,2026,1,2
Nigeria,Osun,Ede South,NGA,NG030008,NG03,May,2026,0,0
Nigeria,Osun,Egbedore,NGA,NG030009,NG03,May,2026,0,0
Nigeria,Osun,Ejigbo,NGA,NG030010,NG03,May,2026,0,0
Nigeria,Osun,Ife Central,NGA,NG030011,NG03,May,2026,0,0
Nigeria,Osun,Ife East,NGA,NG030012,NG03,May,2026,0,0
Nigeria,Osun,Ife North,NGA,NG030013,NG03,May,2026,0,0
Nigeria,Osun,Ife South,NGA,NG030014,NG03,May,2026,0,0
Nigeria,Osun,Ifedayo,NGA,NG030015,NG03,May,2026,0,0
Nigeria,Osun,Ifelodun,NGA,NG030016,NG03,May,2026,0,0
Nigeria,Osun,Ila,NGA,NG030017,NG03,May,2026,0,0
Nigeria,Osun,Ilesha East,NGA,NG030018,NG03,May,2026,0,0
Nigeria,Osun,Ilesha West,NGA,NG030019,NG03,May,2026,0,0
Nigeria,Osun,Irepodun,NGA,NG030020,NG03,May,2026,0,0
Nigeria,Osun,Irewole,NGA,NG030021,NG03,May,2026,1,1
Nigeria,Osun,Isokan,NGA,NG030022,NG03,May,2026,0,0
Nigeria,Osun,Iwo,NGA,NG030023,NG03,May,2026,0,0
Nigeria,Osun,Obokun,NGA,NG030024,NG03,May,2026,0,0
Nigeria,Osun,Odo-Otin,NGA,NG030025,NG03,May,2026,0,0
Nigeria,Osun,Ola-Oluwa,NGA,NG030026,NG03,May,2026,0,0
Nigeria,Osun,Olorunda,NGA,NG030027,NG03,May,2026,0,0
Nigeria,Osun,Oriade,NGA,NG030028,NG03,May,2026,0,0
Nigeria,Osun,Orolu,NGA,NG030029,NG03,May,2026,0,0
Nigeria,Osun,Osogbo,NGA,NG030030,NG03,May,2026,0,0
Nigeria,Oyo,Afijio,NGA,NG031001,NG03,May,2026,0,0
Nigeria,Oyo,Akinyele,NGA,NG031002,NG03,May,2026,0,0
Nigeria,Oyo,Atiba,NGA,NG031003,NG03,May,2026,0,0
Nigeria,Oyo,Atisbo,NGA,NG031004,NG03,May,2026,1,0
Nigeria,Oyo,Egbeda,NGA,NG031005,NG03,May,2026,0,0
Nigeria,Oyo,Ibadan North,NGA,NG031006,NG03,May,2026,0,0
Nigeria,Oyo,Ibadan North East,NGA,NG031007,NG03,May,2026,0,0
Nigeria,Oyo,Ibadan North West,NGA,NG031008,NG03,May,2026,0,0
Nigeria,Oyo,Ibadan South East,NGA,NG031009,NG03,May,2026,0,0
Nigeria,Oyo,Ibadan South West,NGA,NG031010,NG03,May,2026,0,0
Nigeria,Oyo,Ibarapa Central,NGA,NG031011,NG03,May,2026,0,0
Nigeria,Oyo,Ibarapa East,NGA,NG031012,NG03,May,2026,0,0
Nigeria,Oyo,Ibarapa North,NGA,NG031013,NG03,May,2026,0,0
Nigeria,Oyo,Ido,NGA,NG031014,NG03,May,2026,1,0
Nigeria,Oyo,Irepo,NGA,NG031015,NG03,May,2026,0,0
Nigeria,Oyo,Iseyin,NGA,NG031016,NG03,May,2026,2,2
Nigeria,Oyo,Itesiwaju,NGA,NG031017,NG03,May,2026,1,3
Nigeria,Oyo,Iwajowa,NGA,NG031018,NG03,May,2026,0,0
Nigeria,Oyo,Kajola,NGA,NG031019,NG03,May,2026,0,0
Nigeria,Oyo,Lagelu,NGA,NG031020,NG03,May,2026,1,0
Nigeria,Oyo,Ogbomosho North,NGA,NG031021,NG03,May,2026,0,0
Nigeria,Oyo,Ogbomosho South,NGA,NG031022,NG03,May,2026,0,0
Nigeria,Oyo,Ogo-Oluwa,NGA,NG031023,NG03,May,2026,0,0
Nigeria,Oyo,Olorunsogo,NGA,NG031024,NG03,May,2026,0,0
Nigeria,Oyo,Oluyole,NGA,NG031025,NG03,May,2026,1,0
Nigeria,Oyo,Ona-Ara,NGA,NG031026,NG03,May,2026,0,0
Nigeria,Oyo,Orelope,NGA,NG031027,NG03,May,2026,0,0
Nigeria,Oyo,Ori Ire,NGA,NG031028,NG03,May,2026,4,4
Nigeria,Oyo,Oyo East,NGA,NG031029,NG03,May,2026,0,0
Nigeria,Oyo,Oyo West,NGA,NG031030,NG03,May,2026,0,0
Nigeria,Oyo,Saki East,NGA,NG031031,NG03,May,2026,0,0
Nigeria,Oyo,Saki West,NGA,NG031032,NG03,May,2026,0,0
Nigeria,Oyo,Surulere,NGA,NG031033,NG03,May,2026,0,0
Nigeria,Plateau,Barkin Ladi,NGA,NG032001,NG03,May,2026,17,38
Nigeria,Plateau,Bassa,NGA,NG032002,NG03,May,2026,4,20
Nigeria,Plateau,Bokkos,NGA,NG032003,NG03,May,2026,2,2
Nigeria,Plateau,Jos East,NGA,NG032004,NG03,May,2026,0,0
Nigeria,Plateau,Jos North,NGA,NG032005,NG03,May,2026,0,0
Nigeria,Plateau,Jos South,NGA,NG032006,NG03,May,2026,4,4
Nigeria,Plateau,Kanam,NGA,NG032007,NG03,May,2026,1,2
Nigeria,Plateau,Kanke,NGA,NG032008,NG03,May,2026,0,0
Nigeria,Plateau,Langtang North,NGA,NG032009,NG03,May,2026,0,0
Nigeria,Plateau,Langtang South,NGA,NG032010,NG03,May,2026,1,1
Nigeria,Plateau,Mangu,NGA,NG032011,NG03,May,2026,6,10
Nigeria,Plateau,Mikang,NGA,NG032012,NG03,May,2026,0,0
Nigeria,Plateau,Pankshin,NGA,NG032013,NG03,May,2026,2,1
Nigeria,Plateau,Quan-Pan,NGA,NG032014,NG03,May,2026,0,0
Nigeria,Plateau,Riyom,NGA,NG032015,NG03,May,2026,8,7
Nigeria,Plateau,Shendam,NGA,NG032016,NG03,May,2026,0,0
Nigeria,Plateau,Wase,NGA,NG032017,NG03,May,2026,0,0
Nigeria,Rivers,Ahoada,NGA,NG033002,NG03,May,2026,0,0
Nigeria,Rivers,Ahoada West,NGA,NG033003,NG03,May,2026,0,0
Nigeria,Rivers,Akukutoru,NGA,NG033004,NG03,May,2026,0,0
Nigeria,Rivers,Andoni,NGA,NG033005,NG03,May,2026,0,0
Nigeria,Rivers,Asaritoru,NGA,NG033006,NG03,May,2026,0,0
Nigeria,Rivers,Bonny,NGA,NG033007,NG03,May,2026,0,0
Nigeria,Rivers,Degema,NGA,NG033008,NG03,May,2026,0,0
Nigeria,Rivers,Eleme,NGA,NG033009,NG03,May,2026,1,1
Nigeria,Rivers,Emohua,NGA,NG033010,NG03,May,2026,0,0
Nigeria,Rivers,Etche,NGA,NG033011,NG03,May,2026,1,0
Nigeria,Rivers,Gonaka,NGA,NG033012,NG03,May,2026,0,0
Nigeria,Rivers,Ikwerre,NGA,NG033013,NG03,May,2026,0,0
Nigeria,Rivers,Khana,NGA,NG033014,NG03,May,2026,0,0
Nigeria,Rivers,Obio,NGA,NG033015,NG03,May,2026,0,0
Nigeria,Rivers,Obua,NGA,NG033001,NG03,May,2026,0,0
Nigeria,Rivers,Ogba,NGA,NG033016,NG03,May,2026,1,0
Nigeria,Rivers,Ogu,NGA,NG033017,NG03,May,2026,0,0
Nigeria,Rivers,Okrika,NGA,NG033018,NG03,May,2026,0,0
Nigeria,Rivers,Omumma,NGA,NG033019,NG03,May,2026,0,0
Nigeria,Rivers,Opobo,NGA,NG033020,NG03,May,2026,0,0
Nigeria,Rivers,Oyigbo,NGA,NG033021,NG03,May,2026,0,0
Nigeria,Rivers,Port Harcourt,NGA,NG033022,NG03,May,2026,0,0
Nigeria,Rivers,Tai,NGA,NG033023,NG03,May,2026,0,0
Nigeria,Sokoto,Binji,NGA,NG034001,NG03,May,2026,1,0
Nigeria,Sokoto,Bodinga,NGA,NG034002,NG03,May,2026,0,0
Nigeria,Sokoto,Dange-Shuni,NGA,NG034003,NG03,May,2026,0,0
Nigeria,Sokoto,Gada,NGA,NG034004,NG03,May,2026,2,0
Nigeria,Sokoto,Goronyo,NGA,NG034006,NG03,May,2026,3,4
Nigeria,Sokoto,Gudu,NGA,NG034007,NG03,May,2026,1,0
Nigeria,Sokoto,Gwadabawa,NGA,NG034005,NG03,May,2026,1,1
Nigeria,Sokoto,Illela,NGA,NG034008,NG03,May,2026,5,21
Nigeria,Sokoto,Isa,NGA,NG034009,NG03,May,2026,9,7
Nigeria,Sokoto,Kebbe,NGA,NG034010,NG03,May,2026,0,0
Nigeria,Sokoto,Kware,NGA,NG034011,NG03,May,2026,0,0
Nigeria,Sokoto,Rabah,NGA,NG034012,NG03,May,2026,3,0
Nigeria,Sokoto,Sabon Birni,NGA,NG034013,NG03,May,2026,3,7
Nigeria,Sokoto,Shagari,NGA,NG034014,NG03,May,2026,0,0
Nigeria,Sokoto,Silame,NGA,NG034015,NG03,May,2026,5,5
Nigeria,Sokoto,Sokoto North,NGA,NG034016,NG03,May,2026,0,0
Nigeria,Sokoto,Sokoto South,NGA,NG034017,NG03,May,2026,0,0
Nigeria,Sokoto,Tambuwal,NGA,NG034018,NG03,May,2026,0,0
Nigeria,Sokoto,Tangaza,NGA,NG034019,NG03,May,2026,4,7
Nigeria,Sokoto,Tureta,NGA,NG034020,NG03,May,2026,4,26
Nigeria,Sokoto,Wamakko,NGA,NG034021,NG03,May,2026,0,0
Nigeria,Sokoto,Wurno,NGA,NG034022,NG03,May,2026,1,1
Nigeria,Sokoto,Yabo,NGA,NG034023,NG03,May,2026,0,0
Nigeria,Taraba,Ardo Kola,NGA,NG035001,NG03,May,2026,0,0
Nigeria,Taraba,Bali,NGA,NG035002,NG03,May,2026,0,0
Nigeria,Taraba,Donga,NGA,NG035003,NG03,May,2026,1,2
Nigeria,Taraba,Gashaka,NGA,NG035004,NG03,May,2026,0,0
Nigeria,Taraba,Gassol,NGA,NG035005,NG03,May,2026,0,0
Nigeria,Taraba,Ibi,NGA,NG035006,NG03,May,2026,2,3
Nigeria,Taraba,Jalingo,NGA,NG035007,NG03,May,2026,0,0
Nigeria,Taraba,Karim Lamidu,NGA,NG035008,NG03,May,2026,6,7
Nigeria,Taraba,Kurmi,NGA,NG035009,NG03,May,2026,0,0
Nigeria,Taraba,Lau,NGA,NG035010,NG03,May,2026,0,0
Nigeria,Taraba,Sardauna,NGA,NG035011,NG03,May,2026,0,0
Nigeria,Taraba,Takum,NGA,NG035012,NG03,May,2026,1,1
Nigeria,Taraba,Ussa,NGA,NG035013,NG03,May,2026,0,0
Nigeria,Taraba,Wukari,NGA,NG035014,NG03,May,2026,1,0
Nigeria,Taraba,Yorro,NGA,NG035015,NG03,May,2026,0,0
Nigeria,Taraba,Zing,NGA,NG035016,NG03,May,2026,0,0
Nigeria,Yobe,Bade,NGA,NG036001,NG03,May,2026,0,0
Nigeria,Yobe,Bursari,NGA,NG036002,NG03,May,2026,0,0
Nigeria,Yobe,Damaturu,NGA,NG036003,NG03,May,2026,3,57
Nigeria,Yobe,Fika,NGA,NG036004,NG03,May,2026,0,0
Nigeria,Yobe,Fune,NGA,NG036005,NG03,May,2026,0,0
Nigeria,Yobe,Geidam,NGA,NG036006,NG03,May,2026,0,0
Nigeria,Yobe,Gujba,NGA,NG036007,NG03,May,2026,11,60
Nigeria,Yobe,Gulami,NGA,NG036008,NG03,May,2026,0,0
Nigeria,Yobe,Jakusko,NGA,NG036009,NG03,May,2026,0,0
Nigeria,Yobe,Karasuwa,NGA,NG036010,NG03,May,2026,0,0
Nigeria,Yobe,Machina,NGA,NG036011,NG03,May,2026,0,0
Nigeria,Yobe,Nangere,NGA,NG036012,NG03,May,2026,0,0
Nigeria,Yobe,Nguru,NGA,NG036013,NG03,May,2026,0,0
Nigeria,Yobe,Potiskum,NGA,NG036014,NG03,May,2026,0,0
Nigeria,Yobe,Tarmua,NGA,NG036015,NG03,May,2026,0,0
Nigeria,Yobe,Yunusari,NGA,NG036016,NG03,May,2026,1,1
Nigeria,Yobe,Yusufari,NGA,NG036017,NG03,May,2026,0,0
Nigeria,Zamfara,Anka,NGA,NG037001,NG03,May,2026,15,24
Nigeria,Zamfara,Bakura,NGA,NG037002,NG03,May,2026,1,10
Nigeria,Zamfara,Bukkuyum,NGA,NG037004,NG03,May,2026,5,17
Nigeria,Zamfara,Bungudu,NGA,NG037005,NG03,May,2026,3,5
Nigeria,Zamfara,Gummi,NGA,NG037006,NG03,May,2026,1,1
Nigeria,Zamfara,Gusau,NGA,NG037007,NG03,May,2026,6,42
Nigeria,Zamfara,Kaura Namoda,NGA,NG037008,NG03,May,2026,3,1
Nigeria,Zamfara,Kiyawa,NGA,NG037003,NG03,May,2026,2,3
Nigeria,Zamfara,Maradun,NGA,NG037009,NG03,May,2026,2,5
Nigeria,Zamfara,Maru,NGA,NG037010,NG03,May,2026,4,5
Nigeria,Zamfara,Shinkafi,NGA,NG037011,NG03,May,2026,2,10
Nigeria,Zamfara,Talata Mafara,NGA,NG037012,NG03,May,2026,4,6
Nigeria,Zamfara,Tsafe,NGA,NG037013,NG03,May,2026,4,10
Nigeria,Zamfara,Zurmi,NGA,NG037014,NG03,May,2026,9,66
Nigeria,Abia,Aba North,NGA,NG001001,NG00,June,2026,0,0
Nigeria,Abia,Aba South,NGA,NG001002,NG00,June,2026,0,0
Nigeria,Abia,Arochukwu,NGA,NG001003,NG00,June,2026,0,0
Nigeria,Abia,Bende,NGA,NG001004,NG00,June,2026,0,0
Nigeria,Abia,Ikwuano,NGA,NG001005,NG00,June,2026,0,0
Nigeria,Abia,Isiala Ngwa North,NGA,NG001007,NG00,June,2026,0,0
Nigeria,Abia,Isiala Ngwa South,NGA,NG001006,NG00,June,2026,0,0
Nigeria,Abia,Isuikwuato,NGA,NG001008,NG00,June,2026,0,0
Nigeria,Abia,Nneochi,NGA,NG001017,NG00,June,2026,0,0
Nigeria,Abia,Obioma Ngwa,NGA,NG001009,NG00,June,2026,0,0
Nigeria,Abia,Ohafia,NGA,NG001010,NG00,June,2026,0,0
Nigeria,Abia,Osisioma,NGA,NG001011,NG00,June,2026,0,0
Nigeria,Abia,Ugwunagbo,NGA,NG001012,NG00,June,2026,0,0
Nigeria,Abia,Ukwa East,NGA,NG001013,NG00,June,2026,0,0
Nigeria,Abia,Ukwa West,NGA,NG001014,NG00,June,2026,0,0
Nigeria,Abia,Umuahia North,NGA,NG001015,NG00,June,2026,2,0
Nigeria,Abia,Umuahia South,NGA,NG001016,NG00,June,2026,0,0
Nigeria,Adamawa,Demsa,NGA,NG002001,NG00,June,2026,0,0
Nigeria,Adamawa,Fufore,NGA,NG002002,NG00,June,2026,0,0
Nigeria,Adamawa,Ganye,NGA,NG002003,NG00,June,2026,0,0
Nigeria,Adamawa,Girei,NGA,NG002005,NG00,June,2026,0,0
Nigeria,Adamawa,Gombi,NGA,NG002004,NG00,June,2026,0,0
Nigeria,Adamawa,Guyuk,NGA,NG002006,NG00,June,2026,0,0
Nigeria,Adamawa,Hong,NGA,NG002007,NG00,June,2026,0,0
Nigeria,Adamawa,Jada,NGA,NG002008,NG00,June,2026,0,0
Nigeria,Adamawa,Lamurde,NGA,NG002009,NG00,June,2026,1,1
Nigeria,Adamawa,Madagali,NGA,NG002010,NG00,June,2026,0,0
Nigeria,Adamawa,Maiha,NGA,NG002011,NG00,June,2026,0,0
Nigeria,Adamawa,Mayo-Belwa,NGA,NG002012,NG00,June,2026,0,0
Nigeria,Adamawa,Michika,NGA,NG002013,NG00,June,2026,1,2
Nigeria,Adamawa,Mubi North,NGA,NG002014,NG00,June,2026,0,0
Nigeria,Adamawa,Mubi South,NGA,NG002015,NG00,June,2026,0,0
Nigeria,Adamawa,Numan,NGA,NG002016,NG00,June,2026,0,0
Nigeria,Adamawa,Shelleng,NGA,NG002017,NG00,June,2026,0,0
Nigeria,Adamawa,Song,NGA,NG002018,NG00,June,2026,2,0
Nigeria,Adamawa,Toungo,NGA,NG002019,NG00,June,2026,0,0
Nigeria,Adamawa,Yola-North,NGA,NG002021,NG00,June,2026,1,4
Nigeria,Adamawa,Yola-South,NGA,NG002020,NG00,June,2026,0,0
Nigeria,Akwa Ibom,Abak,NGA,NG003001,NG00,June,2026,0,0
Nigeria,Akwa Ibom,Eastern Obolo,NGA,NG003002,NG00,June,2026,0,0
Nigeria,Akwa Ibom,Eket,NGA,NG003003,NG00,June,2026,0,0
Nigeria,Akwa Ibom,Ekpe Atai,NGA,NG003004,NG00,June,2026,0,0
Nigeria,Akwa Ibom,Essien Udim,NGA,NG003005,NG00,June,2026,0,0
Nigeria,Akwa Ibom,Etim Ekpo,NGA,NG003006,NG00,June,2026,0,0
Nigeria,Akwa Ibom,Etinan,NGA,NG003007,NG00,June,2026,0,0
Nigeria,Akwa Ibom,Ibeno,NGA,NG003008,NG00,June,2026,0,0
Nigeria,Akwa Ibom,Ibesikpo Asutan,NGA,NG003009,NG00,June,2026,0,0
Nigeria,Akwa Ibom,Ibiono Ibom,NGA,NG003010,NG00,June,2026,0,0
Nigeria,Akwa Ibom,Ika,NGA,NG003011,NG00,June,2026,0,0
Nigeria,Akwa Ibom,Ikono,NGA,NG003012,NG00,June,2026,0,0
Nigeria,Akwa Ibom,Ikot Abasi,NGA,NG003013,NG00,June,2026,0,0
Nigeria,Akwa Ibom,Ikot Ekpene,NGA,NG003014,NG00,June,2026,0,0
Nigeria,Akwa Ibom,Ini,NGA,NG003015,NG00,June,2026,0,0
Nigeria,Akwa Ibom,Itu,NGA,NG003016,NG00,June,2026,0,0
Nigeria,Akwa Ibom,Mbo,NGA,NG003017,NG00,June,2026,0,0
Nigeria,Akwa Ibom,Mkpat Enin,NGA,NG003018,NG00,June,2026,0,0
Nigeria,Akwa Ibom,Nsit Ibom,NGA,NG003020,NG00,June,2026,0,0
Nigeria,Akwa Ibom,Nsit Ubium,NGA,NG003021,NG00,June,2026,0,0
Nigeria,Akwa Ibom,Obat Akara,NGA,NG003022,NG00,June,2026,0,0
Nigeria,Akwa Ibom,Okobo,NGA,NG003023,NG00,June,2026,0,0
Nigeria,Akwa Ibom,Onna,NGA,NG003024,NG00,June,2026,0,0
Nigeria,Akwa Ibom,Oron,NGA,NG003025,NG00,June,2026,1,0
Nigeria,Akwa Ibom,Oruk Anam,NGA,NG003026,NG00,June,2026,0,0
Nigeria,Akwa Ibom,Udung Uko,NGA,NG003027,NG00,June,2026,0,0
Nigeria,Akwa Ibom,Ukanafun,NGA,NG003028,NG00,June,2026,0,0
Nigeria,Akwa Ibom,Uruan,NGA,NG003029,NG00,June,2026,0,0
Nigeria,Akwa Ibom,Urue Offong,NGA,NG003030,NG00,June,2026,0,0
Nigeria,Akwa Ibom,Uyo,NGA,NG003031,NG00,June,2026,0,0
Nigeria,Anambra,Aguata,NGA,NG004001,NG00,June,2026,1,3
Nigeria,Anambra,Anambra East,NGA,NG004002,NG00,June,2026,0,0
Nigeria,Anambra,Anambra West,NGA,NG004003,NG00,June,2026,0,0
Nigeria,Anambra,Aniocha,NGA,NG004004,NG00,June,2026,0,0
Nigeria,Anambra,Awka North,NGA,NG004005,NG00,June,2026,0,0
Nigeria,Anambra,Awka South,NGA,NG004006,NG00,June,2026,0,0
Nigeria,Anambra,Ayamelum,NGA,NG004007,NG00,June,2026,0,0
Nigeria,Anambra,Dunukofia,NGA,NG004008,NG00,June,2026,0,0
Nigeria,Anambra,Ekwusigwo,NGA,NG004009,NG00,June,2026,0,0
Nigeria,Anambra,Idemili North,NGA,NG004010,NG00,June,2026,0,0
Nigeria,Anambra,Idemili South,NGA,NG004011,NG00,June,2026,0,0
Nigeria,Anambra,Ihiala,NGA,NG004012,NG00,June,2026,0,0
Nigeria,Anambra,Njikoka,NGA,NG004013,NG00,June,2026,0,0
Nigeria,Anambra,Nnewi North,NGA,NG004014,NG00,June,2026,0,0
Nigeria,Anambra,Nnewi South,NGA,NG004015,NG00,June,2026,0,0
Nigeria,Anambra,Ogbaru,NGA,NG004016,NG00,June,2026,0,0
Nigeria,Anambra,Onisha North,NGA,NG004017,NG00,June,2026,0,0
Nigeria,Anambra,Onisha South,NGA,NG004018,NG00,June,2026,0,0
Nigeria,Anambra,Orumba North,NGA,NG004019,NG00,June,2026,0,0
Nigeria,Anambra,Orumba South,NGA,NG004020,NG00,June,2026,1,4
Nigeria,Anambra,Oyi,NGA,NG004021,NG00,June,2026,1,0
Nigeria,Bauchi,Alkaleri,NGA,NG005001,NG00,June,2026,1,0
Nigeria,Bauchi,Bauchi,NGA,NG005002,NG00,June,2026,2,2
Nigeria,Bauchi,Bogoro,NGA,NG005003,NG00,June,2026,0,0
Nigeria,Bauchi,Damban,NGA,NG005004,NG00,June,2026,0,0
Nigeria,Bauchi,Darazo,NGA,NG005005,NG00,June,2026,2,7
Nigeria,Bauchi,Dass,NGA,NG005006,NG00,June,2026,0,0
Nigeria,Bauchi,Gamawa,NGA,NG005007,NG00,June,2026,0,0
Nigeria,Bauchi,Ganjuwa,NGA,NG005008,NG00,June,2026,0,0
Nigeria,Bauchi,Giade,NGA,NG005009,NG00,June,2026,0,0
Nigeria,Bauchi,Itas-Gadau,NGA,NG005010,NG00,June,2026,0,0
Nigeria,Bauchi,Jamaare,NGA,NG005011,NG00,June,2026,0,0
Nigeria,Bauchi,Katagum,NGA,NG005012,NG00,June,2026,0,0
Nigeria,Bauchi,Kirfi,NGA,NG005013,NG00,June,2026,0,0
Nigeria,Bauchi,Misau,NGA,NG005014,NG00,June,2026,0,0
Nigeria,Bauchi,Ningi,NGA,NG005015,NG00,June,2026,1,2
Nigeria,Bauchi,Shira,NGA,NG005016,NG00,June,2026,0,0
Nigeria,Bauchi,Tafawa Balewa,NGA,NG005017,NG00,June,2026,0,0
Nigeria,Bauchi,Toro,NGA,NG005018,NG00,June,2026,0,0
Nigeria,Bauchi,Warji,NGA,NG005019,NG00,June,2026,0,0
Nigeria,Bauchi,Zaki,NGA,NG005020,NG00,June,2026,0,0
Nigeria,Bayelsa,Brass,NGA,NG006001,NG00,June,2026,0,0
Nigeria,Bayelsa,Ekermor,NGA,NG006002,NG00,June,2026,0,0
Nigeria,Bayelsa,Kolokuma,NGA,NG006003,NG00,June,2026,0,0
Nigeria,Bayelsa,Nembe,NGA,NG006004,NG00,June,2026,0,0
Nigeria,Bayelsa,Ogbia,NGA,NG006005,NG00,June,2026,0,0
Nigeria,Bayelsa,Sagbama,NGA,NG006006,NG00,June,2026,0,0
Nigeria,Bayelsa,Southern Ijaw,NGA,NG006007,NG00,June,2026,0,0
Nigeria,Bayelsa,Yenagoa,NGA,NG006008,NG00,June,2026,0,0
Nigeria,Benue,Ado,NGA,NG007001,NG00,June,2026,0,0
Nigeria,Benue,Agatu,NGA,NG007002,NG00,June,2026,0,0
Nigeria,Benue,Apa,NGA,NG007003,NG00,June,2026,5,4
Nigeria,Benue,Buruku,NGA,NG007004,NG00,June,2026,0,0
Nigeria,Benue,Gboko,NGA,NG007005,NG00,June,2026,0,0
Nigeria,Benue,Guma,NGA,NG007006,NG00,June,2026,3,2
Nigeria,Benue,Gwer East,NGA,NG007007,NG00,June,2026,0,0
Nigeria,Benue,Gwer West,NGA,NG007008,NG00,June,2026,1,0
Nigeria,Benue,Katsina Ala,NGA,NG007009,NG00,June,2026,3,13
Nigeria,Benue,Konshisha,NGA,NG007010,NG00,June,2026,0,0
Nigeria,Benue,Kwande,NGA,NG007011,NG00,June,2026,0,0
Nigeria,Benue,Logo,NGA,NG007012,NG00,June,2026,0,0
Nigeria,Benue,Makurdi,NGA,NG007013,NG00,June,2026,0,0
Nigeria,Benue,Obi,NGA,NG007014,NG00,June,2026,0,0
Nigeria,Benue,Ogbadibo,NGA,NG007015,NG00,June,2026,1,1
Nigeria,Benue,Ohimini,NGA,NG007016,NG00,June,2026,0,0
Nigeria,Benue,Oju,NGA,NG007017,NG00,June,2026,0,0
Nigeria,Benue,Okpokwu,NGA,NG007018,NG00,June,2026,4,4
Nigeria,Benue,Otukpo,NGA,NG007019,NG00,June,2026,1,2
Nigeria,Benue,Tarka,NGA,NG007020,NG00,June,2026,0,0
Nigeria,Benue,Ukum,NGA,NG007021,NG00,June,2026,1,3
Nigeria,Benue,Ushongo,NGA,NG007022,NG00,June,2026,0,0
Nigeria,Benue,Vandeikya,NGA,NG007023,NG00,June,2026,0,0
Nigeria,Borno,Abadan,NGA,NG008001,NG00,June,2026,3,16
Nigeria,Borno,Askira Uba,NGA,NG008002,NG00,June,2026,5,3
Nigeria,Borno,Bama,NGA,NG008003,NG00,June,2026,4,10
Nigeria,Borno,Bayo,NGA,NG008004,NG00,June,2026,0,0
Nigeria,Borno,Biu,NGA,NG008005,NG00,June,2026,8,17
Nigeria,Borno,Chibok,NGA,NG008006,NG00,June,2026,3,4
Nigeria,Borno,Damboa,NGA,NG008007,NG00,June,2026,5,19
Nigeria,Borno,Dikwa,NGA,NG008008,NG00,June,2026,0,0
Nigeria,Borno,Gubio,NGA,NG008009,NG00,June,2026,1,0
Nigeria,Borno,Guzamala,NGA,NG008010,NG00,June,2026,3,3
Nigeria,Borno,Gwoza,NGA,NG008011,NG00,June,2026,8,17
Nigeria,Borno,Hawul,NGA,NG008012,NG00,June,2026,0,0
Nigeria,Borno,Jere,NGA,NG008013,NG00,June,2026,0,0
Nigeria,Borno,Kaga,NGA,NG008014,NG00,June,2026,2,11
Nigeria,Borno,Kala Balge,NGA,NG008015,NG00,June,2026,0,0
Nigeria,Borno,Konduga,NGA,NG008016,NG00,June,2026,9,12
Nigeria,Borno,Kukawa,NGA,NG008017,NG00,June,2026,7,35
Nigeria,Borno,Kwaya Kusar,NGA,NG008018,NG00,June,2026,0,0
Nigeria,Borno,Mafa,NGA,NG008019,NG00,June,2026,1,2
Nigeria,Borno,Magumeri,NGA,NG008020,NG00,June,2026,4,28
Nigeria,Borno,Maiduguri Metro,NGA,NG008021,NG00,June,2026,4,1
Nigeria,Borno,Marte,NGA,NG008022,NG00,June,2026,0,0
Nigeria,Borno,Mobbar,NGA,NG008023,NG00,June,2026,5,6
Nigeria,Borno,Monguno,NGA,NG008024,NG00,June,2026,7,27
Nigeria,Borno,Ngala,NGA,NG008025,NG00,June,2026,5,2
Nigeria,Borno,Nganzai,NGA,NG008026,NG00,June,2026,0,0
Nigeria,Borno,Shani,NGA,NG008027,NG00,June,2026,0,0
Nigeria,Cross River,Abi,NGA,NG009001,NG00,June,2026,0,0
Nigeria,Cross River,Akamkpa,NGA,NG009002,NG00,June,2026,0,0
Nigeria,Cross River,Akpabuyo,NGA,NG009003,NG00,June,2026,0,0
Nigeria,Cross River,Bekwara,NGA,NG009006,NG00,June,2026,0,0
Nigeria,Cross River,Biase,NGA,NG009007,NG00,June,2026,0,0
Nigeria,Cross River,Boki,NGA,NG009008,NG00,June,2026,0,0
Nigeria,Cross River,Calabar Municipal,NGA,NG009010,NG00,June,2026,1,1
Nigeria,Cross River,Calabar South,NGA,NG009009,NG00,June,2026,0,0
Nigeria,Cross River,Etung,NGA,NG009011,NG00,June,2026,0,0
Nigeria,Cross River,Ikom,NGA,NG009012,NG00,June,2026,0,0
Nigeria,Cross River,Obanliku,NGA,NG009013,NG00,June,2026,0,0
Nigeria,Cross River,Obubra,NGA,NG009014,NG00,June,2026,0,0
Nigeria,Cross River,Obudu,NGA,NG009015,NG00,June,2026,0,0
Nigeria,Cross River,Odukpani,NGA,NG009016,NG00,June,2026,0,0
Nigeria,Cross River,Ogaja,NGA,NG009017,NG00,June,2026,1,0
Nigeria,Cross River,Yakurr,NGA,NG009018,NG00,June,2026,1,2
Nigeria,Cross River,Yala,NGA,NG009019,NG00,June,2026,0,0
Nigeria,Delta,Aniocha North,NGA,NG010001,NG01,June,2026,0,0
Nigeria,Delta,Aniocha South,NGA,NG010002,NG01,June,2026,0,0
Nigeria,Delta,Bomadi,NGA,NG010003,NG01,June,2026,0,0
Nigeria,Delta,Burutu,NGA,NG010004,NG01,June,2026,0,0
Nigeria,Delta,Ethiope East,NGA,NG010005,NG01,June,2026,0,0
Nigeria,Delta,Ethiope West,NGA,NG010006,NG01,June,2026,1,1
Nigeria,Delta,Ika North East,NGA,NG010007,NG01,June,2026,0,0
Nigeria,Delta,Ika South,NGA,NG010008,NG01,June,2026,3,2
Nigeria,Delta,Isoko North,NGA,NG010009,NG01,June,2026,0,0
Nigeria,Delta,Isoko South,NGA,NG010010,NG01,June,2026,0,0
Nigeria,Delta,Ndokwa East,NGA,NG010011,NG01,June,2026,0,0
Nigeria,Delta,Ndokwa West,NGA,NG010012,NG01,June,2026,0,0
Nigeria,Delta,Okpe,NGA,NG010013,NG01,June,2026,0,0
Nigeria,Delta,Oshimili North,NGA,NG010014,NG01,June,2026,0,0
Nigeria,Delta,Oshimili South,NGA,NG010015,NG01,June,2026,0,0
Nigeria,Delta,Patani,NGA,NG010016,NG01,June,2026,0,0
Nigeria,Delta,Sapele,NGA,NG010017,NG01,June,2026,0,0
Nigeria,Delta,Udu,NGA,NG010018,NG01,June,2026,0,0
Nigeria,Delta,Ughelli North,NGA,NG010019,NG01,June,2026,2,0
Nigeria,Delta,Ughelli South,NGA,NG010020,NG01,June,2026,0,0
Nigeria,Delta,Ukwuani,NGA,NG010021,NG01,June,2026,0,0
Nigeria,Delta,Uvwie,NGA,NG010022,NG01,June,2026,0,0
Nigeria,Delta,Warri North,NGA,NG010023,NG01,June,2026,0,0
Nigeria,Delta,Warri South,NGA,NG010024,NG01,June,2026,2,3
Nigeria,Delta,Warri South-West,NGA,NG010025,NG01,June,2026,0,0
Nigeria,Ebonyi,Abakaliki,NGA,NG011001,NG01,June,2026,0,0
Nigeria,Ebonyi,Afikpo North,NGA,NG011002,NG01,June,2026,0,0
Nigeria,Ebonyi,Afikpo South,NGA,NG011003,NG01,June,2026,0,0
Nigeria,Ebonyi,Ebonyi,NGA,NG011004,NG01,June,2026,0,0
Nigeria,Ebonyi,Ezza North,NGA,NG011005,NG01,June,2026,0,0
Nigeria,Ebonyi,Ezza South,NGA,NG011006,NG01,June,2026,0,0
Nigeria,Ebonyi,Ikwo,NGA,NG011007,NG01,June,2026,0,0
Nigeria,Ebonyi,Ishielu,NGA,NG011008,NG01,June,2026,0,0
Nigeria,Ebonyi,Ivo,NGA,NG011009,NG01,June,2026,1,0
Nigeria,Ebonyi,Izzi,NGA,NG011010,NG01,June,2026,0,0
Nigeria,Ebonyi,Ohaozara,NGA,NG011011,NG01,June,2026,0,0
Nigeria,Ebonyi,Ohaukwu,NGA,NG011012,NG01,June,2026,0,0
Nigeria,Ebonyi,Onicha,NGA,NG011013,NG01,June,2026,0,0
Nigeria,Edo,Akoko Edo,NGA,NG012001,NG01,June,2026,0,0
Nigeria,Edo,Egor,NGA,NG012002,NG01,June,2026,0,0
Nigeria,Edo,Esan Central,NGA,NG012003,NG01,June,2026,0,0
Nigeria,Edo,Esan North East,NGA,NG012004,NG01,June,2026,0,0
Nigeria,Edo,Esan South East,NGA,NG012005,NG01,June,2026,0,0
Nigeria,Edo,Esan West,NGA,NG012006,NG01,June,2026,1,1
Nigeria,Edo,Etsako Central,NGA,NG012007,NG01,June,2026,0,0
Nigeria,Edo,Etsako East,NGA,NG012008,NG01,June,2026,1,0
Nigeria,Edo,Etsako West,NGA,NG012009,NG01,June,2026,1,1
Nigeria,Edo,Igueben,NGA,NG012010,NG01,June,2026,0,0
Nigeria,Edo,Ikpoba Okha,NGA,NG012011,NG01,June,2026,0,0
Nigeria,Edo,Oredo,NGA,NG012012,NG01,June,2026,2,1
Nigeria,Edo,Orhionwon,NGA,NG012013,NG01,June,2026,2,1
Nigeria,Edo,Ovia North East,NGA,NG012014,NG01,June,2026,0,0
Nigeria,Edo,Ovia South West,NGA,NG012015,NG01,June,2026,0,0
Nigeria,Edo,Owan East,NGA,NG012016,NG01,June,2026,0,0
Nigeria,Edo,Owan West,NGA,NG012017,NG01,June,2026,0,0
Nigeria,Edo,Uhunmwode,NGA,NG012018,NG01,June,2026,0,0
Nigeria,Ekiti,Ado Ekiti,NGA,NG013001,NG01,June,2026,0,0
Nigeria,Ekiti,Aiyekire,NGA,NG013002,NG01,June,2026,0,0
Nigeria,Ekiti,Efon,NGA,NG013003,NG01,June,2026,0,0
Nigeria,Ekiti,Ekiti East,NGA,NG013004,NG01,June,2026,0,0
Nigeria,Ekiti,Ekiti South West,NGA,NG013005,NG01,June,2026,1,0
Nigeria,Ekiti,Ekiti West,NGA,NG013006,NG01,June,2026,0,0
Nigeria,Ekiti,Emure,NGA,NG013007,NG01,June,2026,0,0
Nigeria,Ekiti,Ido-Osi,NGA,NG013008,NG01,June,2026,0,0
Nigeria,Ekiti,Ijero,NGA,NG013009,NG01,June,2026,0,0
Nigeria,Ekiti,Ikere,NGA,NG013010,NG01,June,2026,0,0
Nigeria,Ekiti,Ikole,NGA,NG013011,NG01,June,2026,0,0
Nigeria,Ekiti,Ilejemeji,NGA,NG013012,NG01,June,2026,0,0
Nigeria,Ekiti,Irepodun,NGA,NG013013,NG01,June,2026,0,0
Nigeria,Ekiti,Ise,NGA,NG013014,NG01,June,2026,0,0
Nigeria,Ekiti,Moba,NGA,NG013015,NG01,June,2026,0,0
Nigeria,Ekiti,Oye,NGA,NG013016,NG01,June,2026,2,0
Nigeria,Enugu,Agwu,NGA,NG014002,NG01,June,2026,0,0
Nigeria,Enugu,Aninri,NGA,NG014001,NG01,June,2026,0,0
Nigeria,Enugu,Enugu East,NGA,NG014003,NG01,June,2026,0,0
Nigeria,Enugu,Enugu North,NGA,NG014004,NG01,June,2026,0,0
Nigeria,Enugu,Enugu South,NGA,NG014005,NG01,June,2026,0,0
Nigeria,Enugu,Ezeagu,NGA,NG014006,NG01,June,2026,0,0
Nigeria,Enugu,Igbo Etiti,NGA,NG014007,NG01,June,2026,0,0
Nigeria,Enugu,Igbo Eze North,NGA,NG014008,NG01,June,2026,0,0
Nigeria,Enugu,Igbo Eze South,NGA,NG014009,NG01,June,2026,0,0
Nigeria,Enugu,Isi Uzo,NGA,NG014010,NG01,June,2026,0,0
Nigeria,Enugu,Nkanu East,NGA,NG014011,NG01,June,2026,0,0
Nigeria,Enugu,Nkanu West,NGA,NG014012,NG01,June,2026,0,0
Nigeria,Enugu,Nsukka,NGA,NG014013,NG01,June,2026,0,0
Nigeria,Enugu,Oji River,NGA,NG014014,NG01,June,2026,0,0
Nigeria,Enugu,Udenu,NGA,NG014015,NG01,June,2026,0,0
Nigeria,Enugu,Udi,NGA,NG014016,NG01,June,2026,0,0
Nigeria,Enugu,Uzo Uwani,NGA,NG014017,NG01,June,2026,0,0
Nigeria,Federal Capital Territory,Abaji,NGA,NG015001,NG01,June,2026,0,0
Nigeria,Federal Capital Territory,Abuja Municipal,NGA,NG015002,NG01,June,2026,2,2
Nigeria,Federal Capital Territory,Bwari,NGA,NG015003,NG01,June,2026,3,3
Nigeria,Federal Capital Territory,Gwagwalada,NGA,NG015004,NG01,June,2026,0,0
Nigeria,Federal Capital Territory,Kuje,NGA,NG015005,NG01,June,2026,0,0
Nigeria,Federal Capital Territory,Kwali,NGA,NG015006,NG01,June,2026,0,0
Nigeria,Gombe,Akko,NGA,NG016001,NG01,June,2026,0,0
Nigeria,Gombe,Balanga,NGA,NG016002,NG01,June,2026,0,0
Nigeria,Gombe,Billiri,NGA,NG016003,NG01,June,2026,0,0
Nigeria,Gombe,Dukku,NGA,NG016004,NG01,June,2026,0,0
Nigeria,Gombe,Funakaye,NGA,NG016005,NG01,June,2026,1,0
Nigeria,Gombe,Gombe,NGA,NG016006,NG01,June,2026,0,0
Nigeria,Gombe,Kaltungo,NGA,NG016007,NG01,June,2026,0,0
Nigeria,Gombe,Kwami,NGA,NG016008,NG01,June,2026,0,0
Nigeria,Gombe,Nafada,NGA,NG016009,NG01,June,2026,0,0
Nigeria,Gombe,Shomgom,NGA,NG016010,NG01,June,2026,0,0
Nigeria,Gombe,Yamaltu,NGA,NG016011,NG01,June,2026,0,0
Nigeria,Imo,Aboh Mbaise,NGA,NG017001,NG01,June,2026,0,0
Nigeria,Imo,Ahiazu Mbaise,NGA,NG017002,NG01,June,2026,0,0
Nigeria,Imo,Ehime Mbano,NGA,NG017003,NG01,June,2026,0,0
Nigeria,Imo,Ezinihitte Mbaise,NGA,NG017004,NG01,June,2026,0,0
Nigeria,Imo,Ideato North,NGA,NG017005,NG01,June,2026,0,0
Nigeria,Imo,Ideato South,NGA,NG017006,NG01,June,2026,0,0
Nigeria,Imo,Ihitte Uboma,NGA,NG017007,NG01,June,2026,0,0
Nigeria,Imo,Ikeduru,NGA,NG017008,NG01,June,2026,0,0
Nigeria,Imo,Isiala Mbano,NGA,NG017009,NG01,June,2026,0,0
Nigeria,Imo,Isu,NGA,NG017010,NG01,June,2026,0,0
Nigeria,Imo,Mbaitoli,NGA,NG017011,NG01,June,2026,0,0
Nigeria,Imo,Ngor Okpala,NGA,NG017012,NG01,June,2026,0,0
Nigeria,Imo,Njaba,NGA,NG017013,NG01,June,2026,0,0
Nigeria,Imo,Nkwangele,NGA,NG017015,NG01,June,2026,0,0
Nigeria,Imo,Nkwerre,NGA,NG017014,NG01,June,2026,0,0
Nigeria,Imo,Obowo,NGA,NG017016,NG01,June,2026,0,0
Nigeria,Imo,Oguta,NGA,NG017017,NG01,June,2026,0,0
Nigeria,Imo,Ohaji,NGA,NG017018,NG01,June,2026,0,0
Nigeria,Imo,Okigwe,NGA,NG017019,NG01,June,2026,0,0
Nigeria,Imo,Onuimo,NGA,NG017027,NG01,June,2026,1,2
Nigeria,Imo,Orlu,NGA,NG017020,NG01,June,2026,0,0
Nigeria,Imo,Orsu,NGA,NG017021,NG01,June,2026,0,0
Nigeria,Imo,Oru East,NGA,NG017022,NG01,June,2026,0,0
Nigeria,Imo,Oru West,NGA,NG017023,NG01,June,2026,0,0
Nigeria,Imo,Owerri Municipal,NGA,NG017026,NG01,June,2026,0,0
Nigeria,Imo,Owerri North,NGA,NG017024,NG01,June,2026,0,0
Nigeria,Imo,Owerri West,NGA,NG017025,NG01,June,2026,1,1
Nigeria,Jigawa,Auyo,NGA,NG018001,NG01,June,2026,0,0
Nigeria,Jigawa,Babura,NGA,NG018002,NG01,June,2026,0,0
Nigeria,Jigawa,Birnin Kudu,NGA,NG018004,NG01,June,2026,0,0
Nigeria,Jigawa,Birniwa,NGA,NG018003,NG01,June,2026,0,0
Nigeria,Jigawa,Buji,NGA,NG018005,NG01,June,2026,0,0
Nigeria,Jigawa,Dutse,NGA,NG018006,NG01,June,2026,0,0
Nigeria,Jigawa,Gagarawa,NGA,NG018007,NG01,June,2026,0,0
Nigeria,Jigawa,Garki,NGA,NG018008,NG01,June,2026,0,0
Nigeria,Jigawa,Gumel,NGA,NG018009,NG01,June,2026,0,0
Nigeria,Jigawa,Guri,NGA,NG018010,NG01,June,2026,0,0
Nigeria,Jigawa,Gwaram,NGA,NG018011,NG01,June,2026,0,0
Nigeria,Jigawa,Gwiwa,NGA,NG018012,NG01,June,2026,0,0
Nigeria,Jigawa,Hadejia,NGA,NG018013,NG01,June,2026,0,0
Nigeria,Jigawa,Jahun,NGA,NG018014,NG01,June,2026,0,0
Nigeria,Jigawa,Kafin Hausa,NGA,NG018015,NG01,June,2026,0,0
Nigeria,Jigawa,Kaugama,NGA,NG018016,NG01,June,2026,0,0
Nigeria,Jigawa,Kazaure,NGA,NG018017,NG01,June,2026,0,0
Nigeria,Jigawa,Kiri-Kasamma,NGA,NG018018,NG01,June,2026,0,0
Nigeria,Jigawa,Kiyawa,NGA,NG018019,NG01,June,2026,0,0
Nigeria,Jigawa,Maigatari,NGA,NG018020,NG01,June,2026,0,0
Nigeria,Jigawa,Malam Madori,NGA,NG018021,NG01,June,2026,0,0
Nigeria,Jigawa,Miga,NGA,NG018022,NG01,June,2026,0,0
Nigeria,Jigawa,Ringim,NGA,NG018023,NG01,June,2026,0,0
Nigeria,Jigawa,Roni,NGA,NG018024,NG01,June,2026,0,0
Nigeria,Jigawa,Sule Takarkar,NGA,NG018025,NG01,June,2026,0,0
Nigeria,Jigawa,Taura,NGA,NG018026,NG01,June,2026,0,0
Nigeria,Jigawa,Yankwashi,NGA,NG018027,NG01,June,2026,0,0
Nigeria,Kaduna,Birnin Gwari,NGA,NG019001,NG01,June,2026,11,20
Nigeria,Kaduna,Chikun,NGA,NG019002,NG01,June,2026,5,0
Nigeria,Kaduna,Giwa,NGA,NG019003,NG01,June,2026,4,5
Nigeria,Kaduna,Igabi,NGA,NG019004,NG01,June,2026,3,14
Nigeria,Kaduna,Ikara,NGA,NG019005,NG01,June,2026,0,0
Nigeria,Kaduna,Jaba,NGA,NG019006,NG01,June,2026,0,0
Nigeria,Kaduna,Jema'a,NGA,NG019007,NG01,June,2026,2,0
Nigeria,Kaduna,Kachia,NGA,NG019008,NG01,June,2026,6,8
Nigeria,Kaduna,Kaduna North,NGA,NG019009,NG01,June,2026,0,0
Nigeria,Kaduna,Kaduna South,NGA,NG019010,NG01,June,2026,0,0
Nigeria,Kaduna,Kagarko,NGA,NG019011,NG01,June,2026,3,1
Nigeria,Kaduna,Kajuru,NGA,NG019014,NG01,June,2026,8,9
Nigeria,Kaduna,Kaura,NGA,NG019013,NG01,June,2026,0,0
Nigeria,Kaduna,Kauru,NGA,NG019012,NG01,June,2026,1,9
Nigeria,Kaduna,Kubau,NGA,NG019015,NG01,June,2026,1,0
Nigeria,Kaduna,Kudan,NGA,NG019016,NG01,June,2026,0,0
Nigeria,Kaduna,Lere,NGA,NG019017,NG01,June,2026,0,0
Nigeria,Kaduna,Makarfi,NGA,NG019018,NG01,June,2026,1,0
Nigeria,Kaduna,Sabon Gari,NGA,NG019019,NG01,June,2026,0,0
Nigeria,Kaduna,Sanga,NGA,NG019020,NG01,June,2026,3,2
Nigeria,Kaduna,Soba,NGA,NG019021,NG01,June,2026,0,0
Nigeria,Kaduna,Zangon Kataf,NGA,NG019022,NG01,June,2026,0,0
Nigeria,Kaduna,Zaria,NGA,NG019023,NG01,June,2026,0,0
Nigeria,Kano,Ajingi,NGA,NG020001,NG02,June,2026,0,0
Nigeria,Kano,Albasu,NGA,NG020002,NG02,June,2026,0,0
Nigeria,Kano,Bagwai,NGA,NG020003,NG02,June,2026,0,0
Nigeria,Kano,Bebeji,NGA,NG020004,NG02,June,2026,0,0
Nigeria,Kano,Bichi,NGA,NG020005,NG02,June,2026,0,0
Nigeria,Kano,Bunkure,NGA,NG020006,NG02,June,2026,0,0
Nigeria,Kano,Dala,NGA,NG020007,NG02,June,2026,0,0
Nigeria,Kano,Danbatta,NGA,NG020008,NG02,June,2026,0,0
Nigeria,Kano,Dawakin Kudu,NGA,NG020009,NG02,June,2026,0,0
Nigeria,Kano,Dawakin Tofa,NGA,NG020010,NG02,June,2026,0,0
Nigeria,Kano,Doguwa,NGA,NG020011,NG02,June,2026,0,0
Nigeria,Kano,Fagge,NGA,NG020012,NG02,June,2026,0,0
Nigeria,Kano,Gabasawa,NGA,NG020013,NG02,June,2026,0,0
Nigeria,Kano,Garko,NGA,NG020014,NG02,June,2026,0,0
Nigeria,Kano,Garun Mallam,NGA,NG020015,NG02,June,2026,0,0
Nigeria,Kano,Gaya,NGA,NG020016,NG02,June,2026,0,0
Nigeria,Kano,Gezawa,NGA,NG020017,NG02,June,2026,0,0
Nigeria,Kano,Gwale,NGA,NG020018,NG02,June,2026,0,0
Nigeria,Kano,Gwarzo,NGA,NG020019,NG02,June,2026,0,0
Nigeria,Kano,Kabo,NGA,NG020020,NG02,June,2026,0,0
Nigeria,Kano,Kano Municipal,NGA,NG020021,NG02,June,2026,1,0
Nigeria,Kano,Karaye,NGA,NG020022,NG02,June,2026,0,0
Nigeria,Kano,Kibiya,NGA,NG020023,NG02,June,2026,0,0
Nigeria,Kano,Kiru,NGA,NG020024,NG02,June,2026,1,0
Nigeria,Kano,Kumbotso,NGA,NG020025,NG02,June,2026,0,0
Nigeria,Kano,Kunchi,NGA,NG020026,NG02,June,2026,0,0
Nigeria,Kano,Kura,NGA,NG020027,NG02,June,2026,0,0
Nigeria,Kano,Madobi,NGA,NG020028,NG02,June,2026,0,0
Nigeria,Kano,Makoda,NGA,NG020029,NG02,June,2026,0,0
Nigeria,Kano,Minjibir,NGA,NG020030,NG02,June,2026,0,0
Nigeria,Kano,Nassarawa,NGA,NG020031,NG02,June,2026,0,0
Nigeria,Kano,Rano,NGA,NG020032,NG02,June,2026,0,0
Nigeria,Kano,Rimin Gado,NGA,NG020033,NG02,June,2026,0,0
Nigeria,Kano,Rogo,NGA,NG020034,NG02,June,2026,0,0
Nigeria,Kano,Shanono,NGA,NG020035,NG02,June,2026,0,0
Nigeria,Kano,Sumaila,NGA,NG020036,NG02,June,2026,0,0
Nigeria,Kano,Takai,NGA,NG020037,NG02,June,2026,0,0
Nigeria,Kano,Tarauni,NGA,NG020038,NG02,June,2026,0,0
Nigeria,Kano,Tofa,NGA,NG020039,NG02,June,2026,0,0
Nigeria,Kano,Tsanyawa,NGA,NG020040,NG02,June,2026,0,0
Nigeria,Kano,Tudun Wada,NGA,NG020041,NG02,June,2026,0,0
Nigeria,Kano,Ungogo,NGA,NG020042,NG02,June,2026,0,0
Nigeria,Kano,Warawa,NGA,NG020043,NG02,June,2026,1,0
Nigeria,Kano,Wudil,NGA,NG020044,NG02,June,2026,0,0
Nigeria,Katsina,Bakori,NGA,NG021001,NG02,June,2026,6,10
Nigeria,Katsina,Batagarawa,NGA,NG021002,NG02,June,2026,0,0
Nigeria,Katsina,Batsari,NGA,NG021003,NG02,June,2026,0,0
Nigeria,Katsina,Baure,NGA,NG021004,NG02,June,2026,0,0
Nigeria,Katsina,Bindawa,NGA,NG021005,NG02,June,2026,0,0
Nigeria,Katsina,Charanchi,NGA,NG021006,NG02,June,2026,3,4
Nigeria,Katsina,Dan-Musa,NGA,NG021007,NG02,June,2026,2,3
Nigeria,Katsina,Dandume,NGA,NG021008,NG02,June,2026,4,2
Nigeria,Katsina,Danja,NGA,NG021009,NG02,June,2026,0,0
Nigeria,Katsina,Daura,NGA,NG021010,NG02,June,2026,1,1
Nigeria,Katsina,Dutsi,NGA,NG021011,NG02,June,2026,0,0
Nigeria,Katsina,Dutsinma,NGA,NG021012,NG02,June,2026,5,3
Nigeria,Katsina,Faskari,NGA,NG021013,NG02,June,2026,1,0
Nigeria,Katsina,Funtua,NGA,NG021014,NG02,June,2026,6,4
Nigeria,Katsina,Ingawa,NGA,NG021015,NG02,June,2026,1,1
Nigeria,Katsina,Jibia,NGA,NG021016,NG02,June,2026,9,0
Nigeria,Katsina,Kafur,NGA,NG021017,NG02,June,2026,1,0
Nigeria,Katsina,Kaita,NGA,NG021018,NG02,June,2026,0,0
Nigeria,Katsina,Kankara,NGA,NG021019,NG02,June,2026,8,12
Nigeria,Katsina,Kankia,NGA,NG021020,NG02,June,2026,1,0
Nigeria,Katsina,Katsina,NGA,NG021021,NG02,June,2026,0,0
Nigeria,Katsina,Kurfi,NGA,NG021022,NG02,June,2026,0,0
Nigeria,Katsina,Kusada,NGA,NG021023,NG02,June,2026,0,0
Nigeria,Katsina,Maiadua,NGA,NG021024,NG02,June,2026,0,0
Nigeria,Katsina,Malumfashi,NGA,NG021025,NG02,June,2026,12,29
Nigeria,Katsina,Mani,NGA,NG021026,NG02,June,2026,0,0
Nigeria,Katsina,Mashi,NGA,NG021027,NG02,June,2026,0,0
Nigeria,Katsina,Matazu,NGA,NG021028,NG02,June,2026,9,17
Nigeria,Katsina,Musawa,NGA,NG021029,NG02,June,2026,1,0
Nigeria,Katsina,Rimi,NGA,NG021030,NG02,June,2026,0,0
Nigeria,Katsina,Sabuwa,NGA,NG021031,NG02,June,2026,1,0
Nigeria,Katsina,Safana,NGA,NG021032,NG02,June,2026,0,0
Nigeria,Katsina,Sandamu,NGA,NG021033,NG02,June,2026,0,0
Nigeria,Katsina,Zango,NGA,NG021034,NG02,June,2026,0,0
Nigeria,Kebbi,Alieru,NGA,NG022001,NG02,June,2026,0,0
Nigeria,Kebbi,Arewa,NGA,NG022002,NG02,June,2026,8,28
Nigeria,Kebbi,Argungu,NGA,NG022003,NG02,June,2026,1,8
Nigeria,Kebbi,Augie,NGA,NG022004,NG02,June,2026,1,0
Nigeria,Kebbi,Bagudo,NGA,NG022005,NG02,June,2026,6,16
Nigeria,Kebbi,Birnin-Kebbi,NGA,NG022006,NG02,June,2026,1,1
Nigeria,Kebbi,Bunza,NGA,NG022007,NG02,June,2026,0,0
Nigeria,Kebbi,Dandi Kamba,NGA,NG022008,NG02,June,2026,1,0
Nigeria,Kebbi,Danko,NGA,NG022019,NG02,June,2026,13,8
Nigeria,Kebbi,Fakai,NGA,NG022009,NG02,June,2026,0,0
Nigeria,Kebbi,Gwandu,NGA,NG022010,NG02,June,2026,0,0
Nigeria,Kebbi,Jega,NGA,NG022011,NG02,June,2026,0,0
Nigeria,Kebbi,Kalgo,NGA,NG022012,NG02,June,2026,1,0
Nigeria,Kebbi,Koko,NGA,NG022013,NG02,June,2026,0,0
Nigeria,Kebbi,Maiyama,NGA,NG022014,NG02,June,2026,0,0
Nigeria,Kebbi,Ngaski,NGA,NG022015,NG02,June,2026,0,0
Nigeria,Kebbi,Sakaba,NGA,NG022016,NG02,June,2026,1,2
Nigeria,Kebbi,Shanga,NGA,NG022017,NG02,June,2026,3,0
Nigeria,Kebbi,Suru,NGA,NG022018,NG02,June,2026,0,0
Nigeria,Kebbi,Yauri,NGA,NG022020,NG02,June,2026,2,1
Nigeria,Kebbi,Zuru,NGA,NG022021,NG02,June,2026,0,0
Nigeria,Kogi,Adavi,NGA,NG023001,NG02,June,2026,1,2
Nigeria,Kogi,Ajaokuta,NGA,NG023002,NG02,June,2026,0,0
Nigeria,Kogi,Ankpa,NGA,NG023003,NG02,June,2026,0,0
Nigeria,Kogi,Bassa,NGA,NG023004,NG02,June,2026,0,0
Nigeria,Kogi,Dekina,NGA,NG023005,NG02,June,2026,1,1
Nigeria,Kogi,Ibaji,NGA,NG023006,NG02,June,2026,0,0
Nigeria,Kogi,Idah,NGA,NG023007,NG02,June,2026,0,0
Nigeria,Kogi,Igalamela,NGA,NG023008,NG02,June,2026,0,0
Nigeria,Kogi,Ijumu,NGA,NG023009,NG02,June,2026,1,1
Nigeria,Kogi,Kabba,NGA,NG023010,NG02,June,2026,5,8
Nigeria,Kogi,Kogi,NGA,NG023011,NG02,June,2026,1,0
Nigeria,Kogi,Lokoja,NGA,NG023012,NG02,June,2026,2,0
Nigeria,Kogi,Mopa-Muro,NGA,NG023013,NG02,June,2026,0,0
Nigeria,Kogi,Ofu,NGA,NG023014,NG02,June,2026,0,0
Nigeria,Kogi,Ogori,NGA,NG023015,NG02,June,2026,0,0
Nigeria,Kogi,Okehi,NGA,NG023016,NG02,June,2026,0,0
Nigeria,Kogi,Okene,NGA,NG023017,NG02,June,2026,0,0
Nigeria,Kogi,Olamaboro,NGA,NG023018,NG02,June,2026,0,0
Nigeria,Kogi,Omala,NGA,NG023019,NG02,June,2026,0,0
Nigeria,Kogi,Yagba East,NGA,NG023020,NG02,June,2026,0,0
Nigeria,Kogi,Yagba West,NGA,NG023021,NG02,June,2026,3,3
Nigeria,Kwara,Asa,NGA,NG024001,NG02,June,2026,0,0
Nigeria,Kwara,Baruten,NGA,NG024002,NG02,June,2026,0,0
Nigeria,Kwara,Edu,NGA,NG024003,NG02,June,2026,2,1
Nigeria,Kwara,Ekiti,NGA,NG024004,NG02,June,2026,1,0
Nigeria,Kwara,Ifelodun,NGA,NG024005,NG02,June,2026,6,8
Nigeria,Kwara,Ilorin East,NGA,NG024006,NG02,June,2026,0,0
Nigeria,Kwara,Ilorin South,NGA,NG024007,NG02,June,2026,0,0
Nigeria,Kwara,Ilorin West,NGA,NG024008,NG02,June,2026,1,4
Nigeria,Kwara,Irepodun,NGA,NG024009,NG02,June,2026,1,0
Nigeria,Kwara,Kai Ama,NGA,NG024011,NG02,June,2026,0,0
Nigeria,Kwara,Moro,NGA,NG024012,NG02,June,2026,1,1
Nigeria,Kwara,Offa,NGA,NG024013,NG02,June,2026,0,0
Nigeria,Kwara,Oke-Ero,NGA,NG024014,NG02,June,2026,0,0
Nigeria,Kwara,Osin,NGA,NG024010,NG02,June,2026,2,0
Nigeria,Kwara,Oyun,NGA,NG024015,NG02,June,2026,0,0
Nigeria,Kwara,Pategi,NGA,NG024016,NG02,June,2026,2,2
Nigeria,Lagos,Agege,NGA,NG025001,NG02,June,2026,0,0
Nigeria,Lagos,Ajeromi,NGA,NG025002,NG02,June,2026,0,0
Nigeria,Lagos,Alimosho,NGA,NG025003,NG02,June,2026,2,1
Nigeria,Lagos,Amowo-Odofin,NGA,NG025004,NG02,June,2026,0,0
Nigeria,Lagos,Apapa,NGA,NG025005,NG02,June,2026,0,0
Nigeria,Lagos,Badagry,NGA,NG025006,NG02,June,2026,0,0
Nigeria,Lagos,Epe,NGA,NG025007,NG02,June,2026,0,0
Nigeria,Lagos,Eti-Osa,NGA,NG025008,NG02,June,2026,1,1
Nigeria,Lagos,Ibeju-Lekki,NGA,NG025009,NG02,June,2026,2,1
Nigeria,Lagos,Ifako,NGA,NG025010,NG02,June,2026,0,0
Nigeria,Lagos,Ikeja,NGA,NG025011,NG02,June,2026,0,0
Nigeria,Lagos,Ikorodu,NGA,NG025012,NG02,June,2026,2,3
Nigeria,Lagos,Kosofe,NGA,NG025013,NG02,June,2026,0,0
Nigeria,Lagos,Lagos Island,NGA,NG025014,NG02,June,2026,0,0
Nigeria,Lagos,Lagos Mainland,NGA,NG025015,NG02,June,2026,0,0
Nigeria,Lagos,Mushin,NGA,NG025016,NG02,June,2026,1,0
Nigeria,Lagos,Ojo,NGA,NG025017,NG02,June,2026,0,0
Nigeria,Lagos,Oshodi,NGA,NG025018,NG02,June,2026,0,0
Nigeria,Lagos,Somolu,NGA,NG025019,NG02,June,2026,0,0
Nigeria,Lagos,Surulere,NGA,NG025020,NG02,June,2026,0,0
Nigeria,Nassarawa,Akwanga,NGA,NG026001,NG02,June,2026,2,0
Nigeria,Nassarawa,Awe,NGA,NG026002,NG02,June,2026,1,0
Nigeria,Nassarawa,Doma,NGA,NG026003,NG02,June,2026,2,0
Nigeria,Nassarawa,Karu,NGA,NG026004,NG02,June,2026,0,0
Nigeria,Nassarawa,Keana,NGA,NG026005,NG02,June,2026,6,10
Nigeria,Nassarawa,Keffi,NGA,NG026006,NG02,June,2026,0,0
Nigeria,Nassarawa,Kokona,NGA,NG026007,NG02,June,2026,1,0
Nigeria,Nassarawa,Lafia,NGA,NG026008,NG02,June,2026,4,12
Nigeria,Nassarawa,Nasarawa,NGA,NG026009,NG02,June,2026,4,11
Nigeria,Nassarawa,Nasarawa Eggon,NGA,NG026010,NG02,June,2026,2,2
Nigeria,Nassarawa,Obi,NGA,NG026011,NG02,June,2026,3,0
Nigeria,Nassarawa,Toto,NGA,NG026012,NG02,June,2026,1,0
Nigeria,Nassarawa,Wamba,NGA,NG026013,NG02,June,2026,1,1
Nigeria,Niger,Agaie,NGA,NG027001,NG02,June,2026,0,0
Nigeria,Niger,Agwara,NGA,NG027002,NG02,June,2026,0,0
Nigeria,Niger,Bida,NGA,NG027003,NG02,June,2026,1,1
Nigeria,Niger,Borgu,NGA,NG027004,NG02,June,2026,12,40
Nigeria,Niger,Bosso,NGA,NG027005,NG02,June,2026,0,0
Nigeria,Niger,Edati,NGA,NG027017,NG02,June,2026,0,0
Nigeria,Niger,Gbako,NGA,NG027008,NG02,June,2026,0,0
Nigeria,Niger,Gurara,NGA,NG027009,NG02,June,2026,0,0
Nigeria,Niger,Katcha,NGA,NG027010,NG02,June,2026,0,0
Nigeria,Niger,Kontagora,NGA,NG027011,NG02,June,2026,2,1
Nigeria,Niger,Lapai,NGA,NG027012,NG02,June,2026,1,0
Nigeria,Niger,Lavun,NGA,NG027013,NG02,June,2026,1,4
Nigeria,Niger,Magama,NGA,NG027014,NG02,June,2026,0,0
Nigeria,Niger,Mariga,NGA,NG027015,NG02,June,2026,5,20
Nigeria,Niger,Mashegu,NGA,NG027016,NG02,June,2026,4,1
Nigeria,Niger,Minna,NGA,NG027006,NG02,June,2026,1,1
Nigeria,Niger,Mokwa,NGA,NG027017,NG02,June,2026,1,1
Nigeria,Niger,Muya,NGA,NG027018,NG02,June,2026,2,6
Nigeria,Niger,Paikoro,NGA,NG027019,NG02,June,2026,1,0
Nigeria,Niger,Rafi,NGA,NG027020,NG02,June,2026,4,22
Nigeria,Niger,Rijau,NGA,NG027021,NG02,June,2026,0,0
Nigeria,Niger,Shiroro,NGA,NG027022,NG02,June,2026,8,16
Nigeria,Niger,Suleja,NGA,NG027023,NG02,June,2026,1,1
Nigeria,Niger,Tafa,NGA,NG027024,NG02,June,2026,0,0
Nigeria,Niger,Wushishi,NGA,NG027025,NG02,June,2026,1,0
Nigeria,Ogun,Abeokuta North,NGA,NG028001,NG02,June,2026,0,0
Nigeria,Ogun,Abeokuta South,NGA,NG028002,NG02,June,2026,0,0
Nigeria,Ogun,Ado-Odo,NGA,NG028003,NG02,June,2026,0,0
Nigeria,Ogun,Egbado North,NGA,NG028004,NG02,June,2026,1,0
Nigeria,Ogun,Egbado South,NGA,NG028005,NG02,June,2026,0,0
Nigeria,Ogun,Ewekoro,NGA,NG028006,NG02,June,2026,0,0
Nigeria,Ogun,Ifo,NGA,NG028007,NG02,June,2026,0,0
Nigeria,Ogun,Ijebu East,NGA,NG028008,NG02,June,2026,2,4
Nigeria,Ogun,Ijebu North,NGA,NG028009,NG02,June,2026,0,0
Nigeria,Ogun,Ijebu North East,NGA,NG028010,NG02,June,2026,0,0
Nigeria,Ogun,Ijebu Ode,NGA,NG028010,NG02,June,2026,0,0
Nigeria,Ogun,Ikenne,NGA,NG028012,NG02,June,2026,0,0
Nigeria,Ogun,Imeko-Afon,NGA,NG028013,NG02,June,2026,0,0
Nigeria,Ogun,Ipokia,NGA,NG028014,NG02,June,2026,0,0
Nigeria,Ogun,Obafemi,NGA,NG028015,NG02,June,2026,5,10
Nigeria,Ogun,Odedah,NGA,NG028016,NG02,June,2026,0,0
Nigeria,Ogun,Odogbolu,NGA,NG028017,NG02,June,2026,0,0
Nigeria,Ogun,Ogun Waterside,NGA,NG028018,NG02,June,2026,0,0
Nigeria,Ogun,Remo North,NGA,NG028019,NG02,June,2026,0,0
Nigeria,Ogun,Shagamu,NGA,NG028020,NG02,June,2026,0,0
Nigeria,Ondo,Akoko North East,NGA,NG029001,NG02,June,2026,0,0
Nigeria,Ondo,Akoko North West,NGA,NG029002,NG02,June,2026,0,0
Nigeria,Ondo,Akoko South East,NGA,NG029003,NG02,June,2026,0,0
Nigeria,Ondo,Akoko South West,NGA,NG029004,NG02,June,2026,0,0
Nigeria,Ondo,Akure North,NGA,NG029005,NG02,June,2026,1,0
Nigeria,Ondo,Akure South,NGA,NG029006,NG02,June,2026,0,0
Nigeria,Ondo,Ese-Edo,NGA,NG029007,NG02,June,2026,0,0
Nigeria,Ondo,Idanre,NGA,NG029008,NG02,June,2026,0,0
Nigeria,Ondo,Ifedore,NGA,NG029009,NG02,June,2026,0,0
Nigeria,Ondo,Ilaje,NGA,NG029010,NG02,June,2026,0,0
Nigeria,Ondo,Ile-Oluji-Okeigbo,NGA,NG029011,NG02,June,2026,0,0
Nigeria,Ondo,Irele,NGA,NG029012,NG02,June,2026,1,0
Nigeria,Ondo,Odigbo,NGA,NG029013,NG02,June,2026,0,0
Nigeria,Ondo,Okitipupa,NGA,NG029014,NG02,June,2026,0,0
Nigeria,Ondo,Ondo East,NGA,NG029015,NG02,June,2026,0,0
Nigeria,Ondo,Ondo West,NGA,NG029016,NG02,June,2026,0,0
Nigeria,Ondo,Ose,NGA,NG029017,NG02,June,2026,1,0
Nigeria,Ondo,Owo,NGA,NG029018,NG02,June,2026,6,0
Nigeria,Osun,Aiyedade,NGA,NG030001,NG03,June,2026,0,0
Nigeria,Osun,Aiyedire,NGA,NG030002,NG03,June,2026,0,0
Nigeria,Osun,Atakumosa East,NGA,NG030003,NG03,June,2026,0,0
Nigeria,Osun,Atakumosa West,NGA,NG030004,NG03,June,2026,0,0
Nigeria,Osun,Boluwaduro,NGA,NG030005,NG03,June,2026,0,0
Nigeria,Osun,Boripe,NGA,NG030006,NG03,June,2026,0,0
Nigeria,Osun,Ede North,NGA,NG030007,NG03,June,2026,3,0
Nigeria,Osun,Ede South,NGA,NG030008,NG03,June,2026,1,0
Nigeria,Osun,Egbedore,NGA,NG030009,NG03,June,2026,0,0
Nigeria,Osun,Ejigbo,NGA,NG030010,NG03,June,2026,0,0
Nigeria,Osun,Ife Central,NGA,NG030011,NG03,June,2026,1,0
Nigeria,Osun,Ife East,NGA,NG030012,NG03,June,2026,0,0
Nigeria,Osun,Ife North,NGA,NG030013,NG03,June,2026,0,0
Nigeria,Osun,Ife South,NGA,NG030014,NG03,June,2026,0,0
Nigeria,Osun,Ifedayo,NGA,NG030015,NG03,June,2026,1,0
Nigeria,Osun,Ifelodun,NGA,NG030016,NG03,June,2026,0,0
Nigeria,Osun,Ila,NGA,NG030017,NG03,June,2026,0,0
Nigeria,Osun,Ilesha East,NGA,NG030018,NG03,June,2026,1,0
Nigeria,Osun,Ilesha West,NGA,NG030019,NG03,June,2026,0,0
Nigeria,Osun,Irepodun,NGA,NG030020,NG03,June,2026,1,1
Nigeria,Osun,Irewole,NGA,NG030021,NG03,June,2026,0,0
Nigeria,Osun,Isokan,NGA,NG030022,NG03,June,2026,0,0
Nigeria,Osun,Iwo,NGA,NG030023,NG03,June,2026,0,0
Nigeria,Osun,Obokun,NGA,NG030024,NG03,June,2026,1,1
Nigeria,Osun,Odo-Otin,NGA,NG030025,NG03,June,2026,0,0
Nigeria,Osun,Ola-Oluwa,NGA,NG030026,NG03,June,2026,0,0
Nigeria,Osun,Olorunda,NGA,NG030027,NG03,June,2026,0,0
Nigeria,Osun,Oriade,NGA,NG030028,NG03,June,2026,0,0
Nigeria,Osun,Orolu,NGA,NG030029,NG03,June,2026,0,0
Nigeria,Osun,Osogbo,NGA,NG030030,NG03,June,2026,4,1
Nigeria,Oyo,Afijio,NGA,NG031001,NG03,June,2026,0,0
Nigeria,Oyo,Akinyele,NGA,NG031002,NG03,June,2026,0,0
Nigeria,Oyo,Atiba,NGA,NG031003,NG03,June,2026,0,0
Nigeria,Oyo,Atisbo,NGA,NG031004,NG03,June,2026,0,0
Nigeria,Oyo,Egbeda,NGA,NG031005,NG03,June,2026,0,0
Nigeria,Oyo,Ibadan North,NGA,NG031006,NG03,June,2026,0,0
Nigeria,Oyo,Ibadan North East,NGA,NG031007,NG03,June,2026,0,0
Nigeria,Oyo,Ibadan North West,NGA,NG031008,NG03,June,2026,0,0
Nigeria,Oyo,Ibadan South East,NGA,NG031009,NG03,June,2026,0,0
Nigeria,Oyo,Ibadan South West,NGA,NG031010,NG03,June,2026,1,0
Nigeria,Oyo,Ibarapa Central,NGA,NG031011,NG03,June,2026,0,0
Nigeria,Oyo,Ibarapa East,NGA,NG031012,NG03,June,2026,1,0
Nigeria,Oyo,Ibarapa North,NGA,NG031013,NG03,June,2026,0,0
Nigeria,Oyo,Ido,NGA,NG031014,NG03,June,2026,0,0
Nigeria,Oyo,Irepo,NGA,NG031015,NG03,June,2026,1,1
Nigeria,Oyo,Iseyin,NGA,NG031016,NG03,June,2026,0,0
Nigeria,Oyo,Itesiwaju,NGA,NG031017,NG03,June,2026,2,1
Nigeria,Oyo,Iwajowa,NGA,NG031018,NG03,June,2026,0,0
Nigeria,Oyo,Kajola,NGA,NG031019,NG03,June,2026,0,0
Nigeria,Oyo,Lagelu,NGA,NG031020,NG03,June,2026,1,0
Nigeria,Oyo,Ogbomosho North,NGA,NG031021,NG03,June,2026,1,0
Nigeria,Oyo,Ogbomosho South,NGA,NG031022,NG03,June,2026,0,0
Nigeria,Oyo,Ogo-Oluwa,NGA,NG031023,NG03,June,2026,0,0
Nigeria,Oyo,Olorunsogo,NGA,NG031024,NG03,June,2026,1,0
Nigeria,Oyo,Oluyole,NGA,NG031025,NG03,June,2026,1,2
Nigeria,Oyo,Ona-Ara,NGA,NG031026,NG03,June,2026,0,0
Nigeria,Oyo,Orelope,NGA,NG031027,NG03,June,2026,0,0
Nigeria,Oyo,Ori Ire,NGA,NG031028,NG03,June,2026,1,3
Nigeria,Oyo,Oyo East,NGA,NG031029,NG03,June,2026,0,0
Nigeria,Oyo,Oyo West,NGA,NG031030,NG03,June,2026,0,0
Nigeria,Oyo,Saki East,NGA,NG031031,NG03,June,2026,0,0
Nigeria,Oyo,Saki West,NGA,NG031032,NG03,June,2026,0,0
Nigeria,Oyo,Surulere,NGA,NG031033,NG03,June,2026,0,0
Nigeria,Plateau,Barkin Ladi,NGA,NG032001,NG03,June,2026,5,10
Nigeria,Plateau,Bassa,NGA,NG032002,NG03,June,2026,8,5
Nigeria,Plateau,Bokkos,NGA,NG032003,NG03,June,2026,7,20
Nigeria,Plateau,Jos East,NGA,NG032004,NG03,June,2026,0,0
Nigeria,Plateau,Jos North,NGA,NG032005,NG03,June,2026,3,0
Nigeria,Plateau,Jos South,NGA,NG032006,NG03,June,2026,16,28
Nigeria,Plateau,Kanam,NGA,NG032007,NG03,June,2026,0,0
Nigeria,Plateau,Kanke,NGA,NG032008,NG03,June,2026,0,0
Nigeria,Plateau,Langtang North,NGA,NG032009,NG03,June,2026,0,0
Nigeria,Plateau,Langtang South,NGA,NG032010,NG03,June,2026,0,0
Nigeria,Plateau,Mangu,NGA,NG032011,NG03,June,2026,6,4
Nigeria,Plateau,Mikang,NGA,NG032012,NG03,June,2026,0,0
Nigeria,Plateau,Pankshin,NGA,NG032013,NG03,June,2026,0,0
Nigeria,Plateau,Quan-Pan,NGA,NG032014,NG03,June,2026,1,0
Nigeria,Plateau,Riyom,NGA,NG032015,NG03,June,2026,13,10
Nigeria,Plateau,Shendam,NGA,NG032016,NG03,June,2026,0,0
Nigeria,Plateau,Wase,NGA,NG032017,NG03,June,2026,0,0
Nigeria,Rivers,Ahoada,NGA,NG033002,NG03,June,2026,0,0
Nigeria,Rivers,Ahoada West,NGA,NG033003,NG03,June,2026,0,0
Nigeria,Rivers,Akukutoru,NGA,NG033004,NG03,June,2026,0,0
Nigeria,Rivers,Andoni,NGA,NG033005,NG03,June,2026,0,0
Nigeria,Rivers,Asaritoru,NGA,NG033006,NG03,June,2026,0,0
Nigeria,Rivers,Bonny,NGA,NG033007,NG03,June,2026,0,0
Nigeria,Rivers,Degema,NGA,NG033008,NG03,June,2026,0,0
Nigeria,Rivers,Eleme,NGA,NG033009,NG03,June,2026,0,0
Nigeria,Rivers,Emohua,NGA,NG033010,NG03,June,2026,0,0
Nigeria,Rivers,Etche,NGA,NG033011,NG03,June,2026,0,0
Nigeria,Rivers,Gonaka,NGA,NG033012,NG03,June,2026,0,0
Nigeria,Rivers,Ikwerre,NGA,NG033013,NG03,June,2026,0,0
Nigeria,Rivers,Khana,NGA,NG033014,NG03,June,2026,0,0
Nigeria,Rivers,Obio,NGA,NG033015,NG03,June,2026,1,2
Nigeria,Rivers,Obua,NGA,NG033001,NG03,June,2026,0,0
Nigeria,Rivers,Ogba,NGA,NG033016,NG03,June,2026,0,0
Nigeria,Rivers,Ogu,NGA,NG033017,NG03,June,2026,0,0
Nigeria,Rivers,Okrika,NGA,NG033018,NG03,June,2026,0,0
Nigeria,Rivers,Omumma,NGA,NG033019,NG03,June,2026,0,0
Nigeria,Rivers,Opobo,NGA,NG033020,NG03,June,2026,0,0
Nigeria,Rivers,Oyigbo,NGA,NG033021,NG03,June,2026,0,0
Nigeria,Rivers,Port Harcourt,NGA,NG033022,NG03,June,2026,0,0
Nigeria,Rivers,Tai,NGA,NG033023,NG03,June,2026,0,0
Nigeria,Sokoto,Binji,NGA,NG034001,NG03,June,2026,0,0
Nigeria,Sokoto,Bodinga,NGA,NG034002,NG03,June,2026,1,3
Nigeria,Sokoto,Dange-Shuni,NGA,NG034003,NG03,June,2026,0,0
Nigeria,Sokoto,Gada,NGA,NG034004,NG03,June,2026,0,0
Nigeria,Sokoto,Goronyo,NGA,NG034006,NG03,June,2026,8,10
Nigeria,Sokoto,Gudu,NGA,NG034007,NG03,June,2026,1,1
Nigeria,Sokoto,Gwadabawa,NGA,NG034005,NG03,June,2026,1,1
Nigeria,Sokoto,Illela,NGA,NG034008,NG03,June,2026,1,0
Nigeria,Sokoto,Isa,NGA,NG034009,NG03,June,2026,7,20
Nigeria,Sokoto,Kebbe,NGA,NG034010,NG03,June,2026,1,3
Nigeria,Sokoto,Kware,NGA,NG034011,NG03,June,2026,1,0
Nigeria,Sokoto,Rabah,NGA,NG034012,NG03,June,2026,8,26
Nigeria,Sokoto,Sabon Birni,NGA,NG034013,NG03,June,2026,32,45
Nigeria,Sokoto,Shagari,NGA,NG034014,NG03,June,2026,0,0
Nigeria,Sokoto,Silame,NGA,NG034015,NG03,June,2026,1,0
Nigeria,Sokoto,Sokoto North,NGA,NG034016,NG03,June,2026,1,0
Nigeria,Sokoto,Sokoto South,NGA,NG034017,NG03,June,2026,0,0
Nigeria,Sokoto,Tambuwal,NGA,NG034018,NG03,June,2026,0,0
Nigeria,Sokoto,Tangaza,NGA,NG034019,NG03,June,2026,6,12
Nigeria,Sokoto,Tureta,NGA,NG034020,NG03,June,2026,11,31
Nigeria,Sokoto,Wamakko,NGA,NG034021,NG03,June,2026,2,0
Nigeria,Sokoto,Wurno,NGA,NG034022,NG03,June,2026,2,3
Nigeria,Sokoto,Yabo,NGA,NG034023,NG03,June,2026,0,0
Nigeria,Taraba,Ardo Kola,NGA,NG035001,NG03,June,2026,0,0
Nigeria,Taraba,Bali,NGA,NG035002,NG03,June,2026,0,0
Nigeria,Taraba,Donga,NGA,NG035003,NG03,June,2026,0,0
Nigeria,Taraba,Gashaka,NGA,NG035004,NG03,June,2026,0,0
Nigeria,Taraba,Gassol,NGA,NG035005,NG03,June,2026,0,0
Nigeria,Taraba,Ibi,NGA,NG035006,NG03,June,2026,0,0
Nigeria,Taraba,Jalingo,NGA,NG035007,NG03,June,2026,0,0
Nigeria,Taraba,Karim Lamidu,NGA,NG035008,NG03,June,2026,1,0
Nigeria,Taraba,Kurmi,NGA,NG035009,NG03,June,2026,0,0
Nigeria,Taraba,Lau,NGA,NG035010,NG03,June,2026,1,2
Nigeria,Taraba,Sardauna,NGA,NG035011,NG03,June,2026,0,0
Nigeria,Taraba,Takum,NGA,NG035012,NG03,June,2026,0,0
Nigeria,Taraba,Ussa,NGA,NG035013,NG03,June,2026,0,0
Nigeria,Taraba,Wukari,NGA,NG035014,NG03,June,2026,0,0
Nigeria,Taraba,Yorro,NGA,NG035015,NG03,June,2026,0,0
Nigeria,Taraba,Zing,NGA,NG035016,NG03,June,2026,0,0
Nigeria,Yobe,Bade,NGA,NG036001,NG03,June,2026,0,0
Nigeria,Yobe,Bursari,NGA,NG036002,NG03,June,2026,0,0
Nigeria,Yobe,Damaturu,NGA,NG036003,NG03,June,2026,4,2
Nigeria,Yobe,Fika,NGA,NG036004,NG03,June,2026,1,0
Nigeria,Yobe,Fune,NGA,NG036005,NG03,June,2026,0,0
Nigeria,Yobe,Geidam,NGA,NG036006,NG03,June,2026,0,0
Nigeria,Yobe,Gujba,NGA,NG036007,NG03,June,2026,3,4
Nigeria,Yobe,Gulami,NGA,NG036008,NG03,June,2026,0,0
Nigeria,Yobe,Jakusko,NGA,NG036009,NG03,June,2026,0,0
Nigeria,Yobe,Karasuwa,NGA,NG036010,NG03,June,2026,0,0
Nigeria,Yobe,Machina,NGA,NG036011,NG03,June,2026,0,0
Nigeria,Yobe,Nangere,NGA,NG036012,NG03,June,2026,0,0
Nigeria,Yobe,Nguru,NGA,NG036013,NG03,June,2026,0,0
Nigeria,Yobe,Potiskum,NGA,NG036014,NG03,June,2026,0,0
Nigeria,Yobe,Tarmua,NGA,NG036015,NG03,June,2026,0,0
Nigeria,Yobe,Yunusari,NGA,NG036016,NG03,June,2026,2,0
Nigeria,Yobe,Yusufari,NGA,NG036017,NG03,June,2026,0,0
Nigeria,Zamfara,Anka,NGA,NG037001,NG03,June,2026,9,30
Nigeria,Zamfara,Bakura,NGA,NG037002,NG03,June,2026,1,1
Nigeria,Zamfara,Bukkuyum,NGA,NG037004,NG03,June,2026,9,7
Nigeria,Zamfara,Bungudu,NGA,NG037005,NG03,June,2026,3,2
Nigeria,Zamfara,Gummi,NGA,NG037006,NG03,June,2026,9,14
Nigeria,Zamfara,Gusau,NGA,NG037007,NG03,June,2026,1,3
Nigeria,Zamfara,Kaura Namoda,NGA,NG037008,NG03,June,2026,6,8
Nigeria,Zamfara,Kiyawa,NGA,NG037003,NG03,June,2026,6,15
Nigeria,Zamfara,Maradun,NGA,NG037009,NG03,June,2026,4,17
Nigeria,Zamfara,Maru,NGA,NG037010,NG03,June,2026,8,22
Nigeria,Zamfara,Shinkafi,NGA,NG037011,NG03,June,2026,2,1
Nigeria,Zamfara,Talata Mafara,NGA,NG037012,NG03,June,2026,6,21
Nigeria,Zamfara,Tsafe,NGA,NG037013,NG03,June,2026,3,4
Nigeria,Zamfara,Zurmi,NGA,NG037014,NG03,June,2026,18,31
Nigeria,Abia,Aba North,NGA,NG001001,NG00,July,2026,0,0
Nigeria,Abia,Aba South,NGA,NG001002,NG00,July,2026,0,0
Nigeria,Abia,Arochukwu,NGA,NG001003,NG00,July,2026,0,0
Nigeria,Abia,Bende,NGA,NG001004,NG00,July,2026,0,0
Nigeria,Abia,Ikwuano,NGA,NG001005,NG00,July,2026,0,0
Nigeria,Abia,Isiala Ngwa North,NGA,NG001007,NG00,July,2026,0,0
Nigeria,Abia,Isiala Ngwa South,NGA,NG001006,NG00,July,2026,0,0
Nigeria,Abia,Isuikwuato,NGA,NG001008,NG00,July,2026,0,0
Nigeria,Abia,Nneochi,NGA,NG001017,NG00,July,2026,0,0
Nigeria,Abia,Obioma Ngwa,NGA,NG001009,NG00,July,2026,0,0
Nigeria,Abia,Ohafia,NGA,NG001010,NG00,July,2026,0,0
Nigeria,Abia,Osisioma,NGA,NG001011,NG00,July,2026,0,0
Nigeria,Abia,Ugwunagbo,NGA,NG001012,NG00,July,2026,0,0
Nigeria,Abia,Ukwa East,NGA,NG001013,NG00,July,2026,0,0
Nigeria,Abia,Ukwa West,NGA,NG001014,NG00,July,2026,0,0
Nigeria,Abia,Umuahia North,NGA,NG001015,NG00,July,2026,0,0
Nigeria,Abia,Umuahia South,NGA,NG001016,NG00,July,2026,0,0
Nigeria,Adamawa,Demsa,NGA,NG002001,NG00,July,2026,0,0
Nigeria,Adamawa,Fufore,NGA,NG002002,NG00,July,2026,0,0
Nigeria,Adamawa,Ganye,NGA,NG002003,NG00,July,2026,0,0
Nigeria,Adamawa,Girei,NGA,NG002005,NG00,July,2026,0,0
Nigeria,Adamawa,Gombi,NGA,NG002004,NG00,July,2026,0,0
Nigeria,Adamawa,Guyuk,NGA,NG002006,NG00,July,2026,0,0
Nigeria,Adamawa,Hong,NGA,NG002007,NG00,July,2026,0,0
Nigeria,Adamawa,Jada,NGA,NG002008,NG00,July,2026,0,0
Nigeria,Adamawa,Lamurde,NGA,NG002009,NG00,July,2026,0,0
Nigeria,Adamawa,Madagali,NGA,NG002010,NG00,July,2026,0,0
Nigeria,Adamawa,Maiha,NGA,NG002011,NG00,July,2026,0,0
Nigeria,Adamawa,Mayo-Belwa,NGA,NG002012,NG00,July,2026,0,0
Nigeria,Adamawa,Michika,NGA,NG002013,NG00,July,2026,0,0
Nigeria,Adamawa,Mubi North,NGA,NG002014,NG00,July,2026,0,0
Nigeria,Adamawa,Mubi South,NGA,NG002015,NG00,July,2026,0,0
Nigeria,Adamawa,Numan,NGA,NG002016,NG00,July,2026,0,0
Nigeria,Adamawa,Shelleng,NGA,NG002017,NG00,July,2026,0,0
Nigeria,Adamawa,Song,NGA,NG002018,NG00,July,2026,0,0
Nigeria,Adamawa,Toungo,NGA,NG002019,NG00,July,2026,0,0
Nigeria,Adamawa,Yola-North,NGA,NG002021,NG00,July,2026,0,0
Nigeria,Adamawa,Yola-South,NGA,NG002020,NG00,July,2026,0,0
Nigeria,Akwa Ibom,Abak,NGA,NG003001,NG00,July,2026,0,0
Nigeria,Akwa Ibom,Eastern Obolo,NGA,NG003002,NG00,July,2026,0,0
Nigeria,Akwa Ibom,Eket,NGA,NG003003,NG00,July,2026,0,0
Nigeria,Akwa Ibom,Ekpe Atai,NGA,NG003004,NG00,July,2026,0,0
Nigeria,Akwa Ibom,Essien Udim,NGA,NG003005,NG00,July,2026,0,0
Nigeria,Akwa Ibom,Etim Ekpo,NGA,NG003006,NG00,July,2026,0,0
Nigeria,Akwa Ibom,Etinan,NGA,NG003007,NG00,July,2026,0,0
Nigeria,Akwa Ibom,Ibeno,NGA,NG003008,NG00,July,2026,0,0
Nigeria,Akwa Ibom,Ibesikpo Asutan,NGA,NG003009,NG00,July,2026,0,0
Nigeria,Akwa Ibom,Ibiono Ibom,NGA,NG003010,NG00,July,2026,0,0
Nigeria,Akwa Ibom,Ika,NGA,NG003011,NG00,July,2026,0,0
Nigeria,Akwa Ibom,Ikono,NGA,NG003012,NG00,July,2026,0,0
Nigeria,Akwa Ibom,Ikot Abasi,NGA,NG003013,NG00,July,2026,0,0
Nigeria,Akwa Ibom,Ikot Ekpene,NGA,NG003014,NG00,July,2026,0,0
Nigeria,Akwa Ibom,Ini,NGA,NG003015,NG00,July,2026,0,0
Nigeria,Akwa Ibom,Itu,NGA,NG003016,NG00,July,2026,0,0
Nigeria,Akwa Ibom,Mbo,NGA,NG003017,NG00,July,2026,0,0
Nigeria,Akwa Ibom,Mkpat Enin,NGA,NG003018,NG00,July,2026,0,0
Nigeria,Akwa Ibom,Nsit Ibom,NGA,NG003020,NG00,July,2026,0,0
Nigeria,Akwa Ibom,Nsit Ubium,NGA,NG003021,NG00,July,2026,0,0
Nigeria,Akwa Ibom,Obat Akara,NGA,NG003022,NG00,July,2026,0,0
Nigeria,Akwa Ibom,Okobo,NGA,NG003023,NG00,July,2026,0,0
Nigeria,Akwa Ibom,Onna,NGA,NG003024,NG00,July,2026,0,0
Nigeria,Akwa Ibom,Oron,NGA,NG003025,NG00,July,2026,0,0
Nigeria,Akwa Ibom,Oruk Anam,NGA,NG003026,NG00,July,2026,0,0
Nigeria,Akwa Ibom,Udung Uko,NGA,NG003027,NG00,July,2026,0,0
Nigeria,Akwa Ibom,Ukanafun,NGA,NG003028,NG00,July,2026,0,0
Nigeria,Akwa Ibom,Uruan,NGA,NG003029,NG00,July,2026,0,0
Nigeria,Akwa Ibom,Urue Offong,NGA,NG003030,NG00,July,2026,0,0
Nigeria,Akwa Ibom,Uyo,NGA,NG003031,NG00,July,2026,0,0
Nigeria,Anambra,Aguata,NGA,NG004001,NG00,July,2026,0,0
Nigeria,Anambra,Anambra East,NGA,NG004002,NG00,July,2026,0,0
Nigeria,Anambra,Anambra West,NGA,NG004003,NG00,July,2026,0,0
Nigeria,Anambra,Aniocha,NGA,NG004004,NG00,July,2026,0,0
Nigeria,Anambra,Awka North,NGA,NG004005,NG00,July,2026,0,0
Nigeria,Anambra,Awka South,NGA,NG004006,NG00,July,2026,0,0
Nigeria,Anambra,Ayamelum,NGA,NG004007,NG00,July,2026,0,0
Nigeria,Anambra,Dunukofia,NGA,NG004008,NG00,July,2026,0,0
Nigeria,Anambra,Ekwusigwo,NGA,NG004009,NG00,July,2026,0,0
Nigeria,Anambra,Idemili North,NGA,NG004010,NG00,July,2026,0,0
Nigeria,Anambra,Idemili South,NGA,NG004011,NG00,July,2026,0,0
Nigeria,Anambra,Ihiala,NGA,NG004012,NG00,July,2026,0,0
Nigeria,Anambra,Njikoka,NGA,NG004013,NG00,July,2026,0,0
Nigeria,Anambra,Nnewi North,NGA,NG004014,NG00,July,2026,0,0
Nigeria,Anambra,Nnewi South,NGA,NG004015,NG00,July,2026,0,0
Nigeria,Anambra,Ogbaru,NGA,NG004016,NG00,July,2026,0,0
Nigeria,Anambra,Onisha North,NGA,NG004017,NG00,July,2026,0,0
Nigeria,Anambra,Onisha South,NGA,NG004018,NG00,July,2026,0,0
Nigeria,Anambra,Orumba North,NGA,NG004019,NG00,July,2026,0,0
Nigeria,Anambra,Orumba South,NGA,NG004020,NG00,July,2026,0,0
Nigeria,Anambra,Oyi,NGA,NG004021,NG00,July,2026,0,0
Nigeria,Bauchi,Alkaleri,NGA,NG005001,NG00,July,2026,0,0
Nigeria,Bauchi,Bauchi,NGA,NG005002,NG00,July,2026,0,0
Nigeria,Bauchi,Bogoro,NGA,NG005003,NG00,July,2026,0,0
Nigeria,Bauchi,Damban,NGA,NG005004,NG00,July,2026,0,0
Nigeria,Bauchi,Darazo,NGA,NG005005,NG00,July,2026,0,0
Nigeria,Bauchi,Dass,NGA,NG005006,NG00,July,2026,0,0
Nigeria,Bauchi,Gamawa,NGA,NG005007,NG00,July,2026,0,0
Nigeria,Bauchi,Ganjuwa,NGA,NG005008,NG00,July,2026,0,0
Nigeria,Bauchi,Giade,NGA,NG005009,NG00,July,2026,0,0
Nigeria,Bauchi,Itas-Gadau,NGA,NG005010,NG00,July,2026,0,0
Nigeria,Bauchi,Jamaare,NGA,NG005011,NG00,July,2026,0,0
Nigeria,Bauchi,Katagum,NGA,NG005012,NG00,July,2026,0,0
Nigeria,Bauchi,Kirfi,NGA,NG005013,NG00,July,2026,0,0
Nigeria,Bauchi,Misau,NGA,NG005014,NG00,July,2026,0,0
Nigeria,Bauchi,Ningi,NGA,NG005015,NG00,July,2026,1,2
Nigeria,Bauchi,Shira,NGA,NG005016,NG00,July,2026,0,0
Nigeria,Bauchi,Tafawa Balewa,NGA,NG005017,NG00,July,2026,0,0
Nigeria,Bauchi,Toro,NGA,NG005018,NG00,July,2026,0,0
Nigeria,Bauchi,Warji,NGA,NG005019,NG00,July,2026,0,0
Nigeria,Bauchi,Zaki,NGA,NG005020,NG00,July,2026,0,0
Nigeria,Bayelsa,Brass,NGA,NG006001,NG00,July,2026,0,0
Nigeria,Bayelsa,Ekermor,NGA,NG006002,NG00,July,2026,0,0
Nigeria,Bayelsa,Kolokuma,NGA,NG006003,NG00,July,2026,0,0
Nigeria,Bayelsa,Nembe,NGA,NG006004,NG00,July,2026,0,0
Nigeria,Bayelsa,Ogbia,NGA,NG006005,NG00,July,2026,0,0
Nigeria,Bayelsa,Sagbama,NGA,NG006006,NG00,July,2026,0,0
Nigeria,Bayelsa,Southern Ijaw,NGA,NG006007,NG00,July,2026,0,0
Nigeria,Bayelsa,Yenagoa,NGA,NG006008,NG00,July,2026,0,0
Nigeria,Benue,Ado,NGA,NG007001,NG00,July,2026,0,0
Nigeria,Benue,Agatu,NGA,NG007002,NG00,July,2026,0,0
Nigeria,Benue,Apa,NGA,NG007003,NG00,July,2026,0,0
Nigeria,Benue,Buruku,NGA,NG007004,NG00,July,2026,0,0
Nigeria,Benue,Gboko,NGA,NG007005,NG00,July,2026,0,0
Nigeria,Benue,Guma,NGA,NG007006,NG00,July,2026,0,0
Nigeria,Benue,Gwer East,NGA,NG007007,NG00,July,2026,0,0
Nigeria,Benue,Gwer West,NGA,NG007008,NG00,July,2026,0,0
Nigeria,Benue,Katsina Ala,NGA,NG007009,NG00,July,2026,0,0
Nigeria,Benue,Konshisha,NGA,NG007010,NG00,July,2026,0,0
Nigeria,Benue,Kwande,NGA,NG007011,NG00,July,2026,2,3
Nigeria,Benue,Logo,NGA,NG007012,NG00,July,2026,0,0
Nigeria,Benue,Makurdi,NGA,NG007013,NG00,July,2026,0,0
Nigeria,Benue,Obi,NGA,NG007014,NG00,July,2026,0,0
Nigeria,Benue,Ogbadibo,NGA,NG007015,NG00,July,2026,0,0
Nigeria,Benue,Ohimini,NGA,NG007016,NG00,July,2026,0,0
Nigeria,Benue,Oju,NGA,NG007017,NG00,July,2026,0,0
Nigeria,Benue,Okpokwu,NGA,NG007018,NG00,July,2026,0,0
Nigeria,Benue,Otukpo,NGA,NG007019,NG00,July,2026,0,0
Nigeria,Benue,Tarka,NGA,NG007020,NG00,July,2026,0,0
Nigeria,Benue,Ukum,NGA,NG007021,NG00,July,2026,0,0
Nigeria,Benue,Ushongo,NGA,NG007022,NG00,July,2026,0,0
Nigeria,Benue,Vandeikya,NGA,NG007023,NG00,July,2026,0,0
Nigeria,Borno,Abadan,NGA,NG008001,NG00,July,2026,0,0
Nigeria,Borno,Askira Uba,NGA,NG008002,NG00,July,2026,0,0
Nigeria,Borno,Bama,NGA,NG008003,NG00,July,2026,0,0
Nigeria,Borno,Bayo,NGA,NG008004,NG00,July,2026,0,0
Nigeria,Borno,Biu,NGA,NG008005,NG00,July,2026,0,0
Nigeria,Borno,Chibok,NGA,NG008006,NG00,July,2026,0,0
Nigeria,Borno,Damboa,NGA,NG008007,NG00,July,2026,0,0
Nigeria,Borno,Dikwa,NGA,NG008008,NG00,July,2026,0,0
Nigeria,Borno,Gubio,NGA,NG008009,NG00,July,2026,0,0
Nigeria,Borno,Guzamala,NGA,NG008010,NG00,July,2026,1,8
Nigeria,Borno,Gwoza,NGA,NG008011,NG00,July,2026,0,0
Nigeria,Borno,Hawul,NGA,NG008012,NG00,July,2026,0,0
Nigeria,Borno,Jere,NGA,NG008013,NG00,July,2026,0,0
Nigeria,Borno,Kaga,NGA,NG008014,NG00,July,2026,0,0
Nigeria,Borno,Kala Balge,NGA,NG008015,NG00,July,2026,0,0
Nigeria,Borno,Konduga,NGA,NG008016,NG00,July,2026,0,0
Nigeria,Borno,Kukawa,NGA,NG008017,NG00,July,2026,0,0
Nigeria,Borno,Kwaya Kusar,NGA,NG008018,NG00,July,2026,0,0
Nigeria,Borno,Mafa,NGA,NG008019,NG00,July,2026,0,0
Nigeria,Borno,Magumeri,NGA,NG008020,NG00,July,2026,0,0
Nigeria,Borno,Maiduguri Metro,NGA,NG008021,NG00,July,2026,0,0
Nigeria,Borno,Marte,NGA,NG008022,NG00,July,2026,0,0
Nigeria,Borno,Mobbar,NGA,NG008023,NG00,July,2026,0,0
Nigeria,Borno,Monguno,NGA,NG008024,NG00,July,2026,0,0
Nigeria,Borno,Ngala,NGA,NG008025,NG00,July,2026,0,0
Nigeria,Borno,Nganzai,NGA,NG008026,NG00,July,2026,0,0
Nigeria,Borno,Shani,NGA,NG008027,NG00,July,2026,0,0
Nigeria,Cross River,Abi,NGA,NG009001,NG00,July,2026,0,0
Nigeria,Cross River,Akamkpa,NGA,NG009002,NG00,July,2026,0,0
Nigeria,Cross River,Akpabuyo,NGA,NG009003,NG00,July,2026,0,0
Nigeria,Cross River,Bekwara,NGA,NG009006,NG00,July,2026,0,0
Nigeria,Cross River,Biase,NGA,NG009007,NG00,July,2026,0,0
Nigeria,Cross River,Boki,NGA,NG009008,NG00,July,2026,0,0
Nigeria,Cross River,Calabar Municipal,NGA,NG009010,NG00,July,2026,0,0
Nigeria,Cross River,Calabar South,NGA,NG009009,NG00,July,2026,0,0
Nigeria,Cross River,Etung,NGA,NG009011,NG00,July,2026,0,0
Nigeria,Cross River,Ikom,NGA,NG009012,NG00,July,2026,0,0
Nigeria,Cross River,Obanliku,NGA,NG009013,NG00,July,2026,0,0
Nigeria,Cross River,Obubra,NGA,NG009014,NG00,July,2026,0,0
Nigeria,Cross River,Obudu,NGA,NG009015,NG00,July,2026,0,0
Nigeria,Cross River,Odukpani,NGA,NG009016,NG00,July,2026,0,0
Nigeria,Cross River,Ogaja,NGA,NG009017,NG00,July,2026,0,0
Nigeria,Cross River,Yakurr,NGA,NG009018,NG00,July,2026,0,0
Nigeria,Cross River,Yala,NGA,NG009019,NG00,July,2026,0,0
Nigeria,Delta,Aniocha North,NGA,NG010001,NG01,July,2026,0,0
Nigeria,Delta,Aniocha South,NGA,NG010002,NG01,July,2026,0,0
Nigeria,Delta,Bomadi,NGA,NG010003,NG01,July,2026,0,0
Nigeria,Delta,Burutu,NGA,NG010004,NG01,July,2026,0,0
Nigeria,Delta,Ethiope East,NGA,NG010005,NG01,July,2026,0,0
Nigeria,Delta,Ethiope West,NGA,NG010006,NG01,July,2026,0,0
Nigeria,Delta,Ika North East,NGA,NG010007,NG01,July,2026,0,0
Nigeria,Delta,Ika South,NGA,NG010008,NG01,July,2026,0,0
Nigeria,Delta,Isoko North,NGA,NG010009,NG01,July,2026,0,0
Nigeria,Delta,Isoko South,NGA,NG010010,NG01,July,2026,0,0
Nigeria,Delta,Ndokwa East,NGA,NG010011,NG01,July,2026,0,0
Nigeria,Delta,Ndokwa West,NGA,NG010012,NG01,July,2026,0,0
Nigeria,Delta,Okpe,NGA,NG010013,NG01,July,2026,0,0
Nigeria,Delta,Oshimili North,NGA,NG010014,NG01,July,2026,0,0
Nigeria,Delta,Oshimili South,NGA,NG010015,NG01,July,2026,0,0
Nigeria,Delta,Patani,NGA,NG010016,NG01,July,2026,0,0
Nigeria,Delta,Sapele,NGA,NG010017,NG01,July,2026,0,0
Nigeria,Delta,Udu,NGA,NG010018,NG01,July,2026,0,0
Nigeria,Delta,Ughelli North,NGA,NG010019,NG01,July,2026,0,0
Nigeria,Delta,Ughelli South,NGA,NG010020,NG01,July,2026,0,0
Nigeria,Delta,Ukwuani,NGA,NG010021,NG01,July,2026,0,0
Nigeria,Delta,Uvwie,NGA,NG010022,NG01,July,2026,0,0
Nigeria,Delta,Warri North,NGA,NG010023,NG01,July,2026,0,0
Nigeria,Delta,Warri South,NGA,NG010024,NG01,July,2026,0,0
Nigeria,Delta,Warri South-West,NGA,NG010025,NG01,July,2026,0,0
Nigeria,Ebonyi,Abakaliki,NGA,NG011001,NG01,July,2026,0,0
Nigeria,Ebonyi,Afikpo North,NGA,NG011002,NG01,July,2026,0,0
Nigeria,Ebonyi,Afikpo South,NGA,NG011003,NG01,July,2026,0,0
Nigeria,Ebonyi,Ebonyi,NGA,NG011004,NG01,July,2026,0,0
Nigeria,Ebonyi,Ezza North,NGA,NG011005,NG01,July,2026,0,0
Nigeria,Ebonyi,Ezza South,NGA,NG011006,NG01,July,2026,0,0
Nigeria,Ebonyi,Ikwo,NGA,NG011007,NG01,July,2026,0,0
Nigeria,Ebonyi,Ishielu,NGA,NG011008,NG01,July,2026,0,0
Nigeria,Ebonyi,Ivo,NGA,NG011009,NG01,July,2026,0,0
Nigeria,Ebonyi,Izzi,NGA,NG011010,NG01,July,2026,0,0
Nigeria,Ebonyi,Ohaozara,NGA,NG011011,NG01,July,2026,0,0
Nigeria,Ebonyi,Ohaukwu,NGA,NG011012,NG01,July,2026,0,0
Nigeria,Ebonyi,Onicha,NGA,NG011013,NG01,July,2026,0,0
Nigeria,Edo,Akoko Edo,NGA,NG012001,NG01,July,2026,0,0
Nigeria,Edo,Egor,NGA,NG012002,NG01,July,2026,0,0
Nigeria,Edo,Esan Central,NGA,NG012003,NG01,July,2026,0,0
Nigeria,Edo,Esan North East,NGA,NG012004,NG01,July,2026,0,0
Nigeria,Edo,Esan South East,NGA,NG012005,NG01,July,2026,0,0
Nigeria,Edo,Esan West,NGA,NG012006,NG01,July,2026,0,0
Nigeria,Edo,Etsako Central,NGA,NG012007,NG01,July,2026,0,0
Nigeria,Edo,Etsako East,NGA,NG012008,NG01,July,2026,0,0
Nigeria,Edo,Etsako West,NGA,NG012009,NG01,July,2026,0,0
Nigeria,Edo,Igueben,NGA,NG012010,NG01,July,2026,0,0
Nigeria,Edo,Ikpoba Okha,NGA,NG012011,NG01,July,2026,0,0
Nigeria,Edo,Oredo,NGA,NG012012,NG01,July,2026,0,0
Nigeria,Edo,Orhionwon,NGA,NG012013,NG01,July,2026,0,0
Nigeria,Edo,Ovia North East,NGA,NG012014,NG01,July,2026,0,0
Nigeria,Edo,Ovia South West,NGA,NG012015,NG01,July,2026,0,0
Nigeria,Edo,Owan East,NGA,NG012016,NG01,July,2026,0,0
Nigeria,Edo,Owan West,NGA,NG012017,NG01,July,2026,0,0
Nigeria,Edo,Uhunmwode,NGA,NG012018,NG01,July,2026,0,0
Nigeria,Ekiti,Ado Ekiti,NGA,NG013001,NG01,July,2026,0,0
Nigeria,Ekiti,Aiyekire,NGA,NG013002,NG01,July,2026,0,0
Nigeria,Ekiti,Efon,NGA,NG013003,NG01,July,2026,0,0
Nigeria,Ekiti,Ekiti East,NGA,NG013004,NG01,July,2026,0,0
Nigeria,Ekiti,Ekiti South West,NGA,NG013005,NG01,July,2026,0,0
Nigeria,Ekiti,Ekiti West,NGA,NG013006,NG01,July,2026,0,0
Nigeria,Ekiti,Emure,NGA,NG013007,NG01,July,2026,0,0
Nigeria,Ekiti,Ido-Osi,NGA,NG013008,NG01,July,2026,0,0
Nigeria,Ekiti,Ijero,NGA,NG013009,NG01,July,2026,0,0
Nigeria,Ekiti,Ikere,NGA,NG013010,NG01,July,2026,0,0
Nigeria,Ekiti,Ikole,NGA,NG013011,NG01,July,2026,0,0
Nigeria,Ekiti,Ilejemeji,NGA,NG013012,NG01,July,2026,0,0
Nigeria,Ekiti,Irepodun,NGA,NG013013,NG01,July,2026,0,0
Nigeria,Ekiti,Ise,NGA,NG013014,NG01,July,2026,0,0
Nigeria,Ekiti,Moba,NGA,NG013015,NG01,July,2026,0,0
Nigeria,Ekiti,Oye,NGA,NG013016,NG01,July,2026,0,0
Nigeria,Enugu,Agwu,NGA,NG014002,NG01,July,2026,0,0
Nigeria,Enugu,Aninri,NGA,NG014001,NG01,July,2026,0,0
Nigeria,Enugu,Enugu East,NGA,NG014003,NG01,July,2026,0,0
Nigeria,Enugu,Enugu North,NGA,NG014004,NG01,July,2026,0,0
Nigeria,Enugu,Enugu South,NGA,NG014005,NG01,July,2026,0,0
Nigeria,Enugu,Ezeagu,NGA,NG014006,NG01,July,2026,0,0
Nigeria,Enugu,Igbo Etiti,NGA,NG014007,NG01,July,2026,0,0
Nigeria,Enugu,Igbo Eze North,NGA,NG014008,NG01,July,2026,0,0
Nigeria,Enugu,Igbo Eze South,NGA,NG014009,NG01,July,2026,0,0
Nigeria,Enugu,Isi Uzo,NGA,NG014010,NG01,July,2026,0,0
Nigeria,Enugu,Nkanu East,NGA,NG014011,NG01,July,2026,0,0
Nigeria,Enugu,Nkanu West,NGA,NG014012,NG01,July,2026,0,0
Nigeria,Enugu,Nsukka,NGA,NG014013,NG01,July,2026,0,0
Nigeria,Enugu,Oji River,NGA,NG014014,NG01,July,2026,0,0
Nigeria,Enugu,Udenu,NGA,NG014015,NG01,July,2026,0,0
Nigeria,Enugu,Udi,NGA,NG014016,NG01,July,2026,0,0
Nigeria,Enugu,Uzo Uwani,NGA,NG014017,NG01,July,2026,0,0
Nigeria,Federal Capital Territory,Abaji,NGA,NG015001,NG01,July,2026,0,0
Nigeria,Federal Capital Territory,Abuja Municipal,NGA,NG015002,NG01,July,2026,1,0
Nigeria,Federal Capital Territory,Bwari,NGA,NG015003,NG01,July,2026,0,0
Nigeria,Federal Capital Territory,Gwagwalada,NGA,NG015004,NG01,July,2026,0,0
Nigeria,Federal Capital Territory,Kuje,NGA,NG015005,NG01,July,2026,0,0
Nigeria,Federal Capital Territory,Kwali,NGA,NG015006,NG01,July,2026,0,0
Nigeria,Gombe,Akko,NGA,NG016001,NG01,July,2026,0,0
Nigeria,Gombe,Balanga,NGA,NG016002,NG01,July,2026,0,0
Nigeria,Gombe,Billiri,NGA,NG016003,NG01,July,2026,0,0
Nigeria,Gombe,Dukku,NGA,NG016004,NG01,July,2026,0,0
Nigeria,Gombe,Funakaye,NGA,NG016005,NG01,July,2026,0,0
Nigeria,Gombe,Gombe,NGA,NG016006,NG01,July,2026,0,0
Nigeria,Gombe,Kaltungo,NGA,NG016007,NG01,July,2026,0,0
Nigeria,Gombe,Kwami,NGA,NG016008,NG01,July,2026,0,0
Nigeria,Gombe,Nafada,NGA,NG016009,NG01,July,2026,0,0
Nigeria,Gombe,Shomgom,NGA,NG016010,NG01,July,2026,0,0
Nigeria,Gombe,Yamaltu,NGA,NG016011,NG01,July,2026,0,0
Nigeria,Imo,Aboh Mbaise,NGA,NG017001,NG01,July,2026,0,0
Nigeria,Imo,Ahiazu Mbaise,NGA,NG017002,NG01,July,2026,0,0
Nigeria,Imo,Ehime Mbano,NGA,NG017003,NG01,July,2026,0,0
Nigeria,Imo,Ezinihitte Mbaise,NGA,NG017004,NG01,July,2026,0,0
Nigeria,Imo,Ideato North,NGA,NG017005,NG01,July,2026,0,0
Nigeria,Imo,Ideato South,NGA,NG017006,NG01,July,2026,0,0
Nigeria,Imo,Ihitte Uboma,NGA,NG017007,NG01,July,2026,0,0
Nigeria,Imo,Ikeduru,NGA,NG017008,NG01,July,2026,0,0
Nigeria,Imo,Isiala Mbano,NGA,NG017009,NG01,July,2026,0,0
Nigeria,Imo,Isu,NGA,NG017010,NG01,July,2026,0,0
Nigeria,Imo,Mbaitoli,NGA,NG017011,NG01,July,2026,0,0
Nigeria,Imo,Ngor Okpala,NGA,NG017012,NG01,July,2026,0,0
Nigeria,Imo,Njaba,NGA,NG017013,NG01,July,2026,0,0
Nigeria,Imo,Nkwangele,NGA,NG017015,NG01,July,2026,0,0
Nigeria,Imo,Nkwerre,NGA,NG017014,NG01,July,2026,0,0
Nigeria,Imo,Obowo,NGA,NG017016,NG01,July,2026,0,0
Nigeria,Imo,Oguta,NGA,NG017017,NG01,July,2026,0,0
Nigeria,Imo,Ohaji,NGA,NG017018,NG01,July,2026,1,0
Nigeria,Imo,Okigwe,NGA,NG017019,NG01,July,2026,0,0
Nigeria,Imo,Onuimo,NGA,NG017027,NG01,July,2026,0,0
Nigeria,Imo,Orlu,NGA,NG017020,NG01,July,2026,0,0
Nigeria,Imo,Orsu,NGA,NG017021,NG01,July,2026,0,0
Nigeria,Imo,Oru East,NGA,NG017022,NG01,July,2026,0,0
Nigeria,Imo,Oru West,NGA,NG017023,NG01,July,2026,0,0
Nigeria,Imo,Owerri Municipal,NGA,NG017026,NG01,July,2026,1,0
Nigeria,Imo,Owerri North,NGA,NG017024,NG01,July,2026,0,0
Nigeria,Imo,Owerri West,NGA,NG017025,NG01,July,2026,0,0
Nigeria,Jigawa,Auyo,NGA,NG018001,NG01,July,2026,0,0
Nigeria,Jigawa,Babura,NGA,NG018002,NG01,July,2026,0,0
Nigeria,Jigawa,Birnin Kudu,NGA,NG018004,NG01,July,2026,0,0
Nigeria,Jigawa,Birniwa,NGA,NG018003,NG01,July,2026,0,0
Nigeria,Jigawa,Buji,NGA,NG018005,NG01,July,2026,0,0
Nigeria,Jigawa,Dutse,NGA,NG018006,NG01,July,2026,0,0
Nigeria,Jigawa,Gagarawa,NGA,NG018007,NG01,July,2026,0,0
Nigeria,Jigawa,Garki,NGA,NG018008,NG01,July,2026,0,0
Nigeria,Jigawa,Gumel,NGA,NG018009,NG01,July,2026,0,0
Nigeria,Jigawa,Guri,NGA,NG018010,NG01,July,2026,0,0
Nigeria,Jigawa,Gwaram,NGA,NG018011,NG01,July,2026,0,0
Nigeria,Jigawa,Gwiwa,NGA,NG018012,NG01,July,2026,0,0
Nigeria,Jigawa,Hadejia,NGA,NG018013,NG01,July,2026,0,0
Nigeria,Jigawa,Jahun,NGA,NG018014,NG01,July,2026,0,0
Nigeria,Jigawa,Kafin Hausa,NGA,NG018015,NG01,July,2026,0,0
Nigeria,Jigawa,Kaugama,NGA,NG018016,NG01,July,2026,0,0
Nigeria,Jigawa,Kazaure,NGA,NG018017,NG01,July,2026,0,0
Nigeria,Jigawa,Kiri-Kasamma,NGA,NG018018,NG01,July,2026,0,0
Nigeria,Jigawa,Kiyawa,NGA,NG018019,NG01,July,2026,0,0
Nigeria,Jigawa,Maigatari,NGA,NG018020,NG01,July,2026,0,0
Nigeria,Jigawa,Malam Madori,NGA,NG018021,NG01,July,2026,0,0
Nigeria,Jigawa,Miga,NGA,NG018022,NG01,July,2026,0,0
Nigeria,Jigawa,Ringim,NGA,NG018023,NG01,July,2026,0,0
Nigeria,Jigawa,Roni,NGA,NG018024,NG01,July,2026,0,0
Nigeria,Jigawa,Sule Takarkar,NGA,NG018025,NG01,July,2026,0,0
Nigeria,Jigawa,Taura,NGA,NG018026,NG01,July,2026,0,0
Nigeria,Jigawa,Yankwashi,NGA,NG018027,NG01,July,2026,0,0
Nigeria,Kaduna,Birnin Gwari,NGA,NG019001,NG01,July,2026,0,0
Nigeria,Kaduna,Chikun,NGA,NG019002,NG01,July,2026,0,0
Nigeria,Kaduna,Giwa,NGA,NG019003,NG01,July,2026,1,1
Nigeria,Kaduna,Igabi,NGA,NG019004,NG01,July,2026,0,0
Nigeria,Kaduna,Ikara,NGA,NG019005,NG01,July,2026,0,0
Nigeria,Kaduna,Jaba,NGA,NG019006,NG01,July,2026,0,0
Nigeria,Kaduna,Jema'a,NGA,NG019007,NG01,July,2026,0,0
Nigeria,Kaduna,Kachia,NGA,NG019008,NG01,July,2026,0,0
Nigeria,Kaduna,Kaduna North,NGA,NG019009,NG01,July,2026,1,1
Nigeria,Kaduna,Kaduna South,NGA,NG019010,NG01,July,2026,0,0
Nigeria,Kaduna,Kagarko,NGA,NG019011,NG01,July,2026,0,0
Nigeria,Kaduna,Kajuru,NGA,NG019014,NG01,July,2026,0,0
Nigeria,Kaduna,Kaura,NGA,NG019013,NG01,July,2026,0,0
Nigeria,Kaduna,Kauru,NGA,NG019012,NG01,July,2026,0,0
Nigeria,Kaduna,Kubau,NGA,NG019015,NG01,July,2026,1,1
Nigeria,Kaduna,Kudan,NGA,NG019016,NG01,July,2026,0,0
Nigeria,Kaduna,Lere,NGA,NG019017,NG01,July,2026,0,0
Nigeria,Kaduna,Makarfi,NGA,NG019018,NG01,July,2026,0,0
Nigeria,Kaduna,Sabon Gari,NGA,NG019019,NG01,July,2026,0,0
Nigeria,Kaduna,Sanga,NGA,NG019020,NG01,July,2026,0,0
Nigeria,Kaduna,Soba,NGA,NG019021,NG01,July,2026,0,0
Nigeria,Kaduna,Zangon Kataf,NGA,NG019022,NG01,July,2026,0,0
Nigeria,Kaduna,Zaria,NGA,NG019023,NG01,July,2026,0,0
Nigeria,Kano,Ajingi,NGA,NG020001,NG02,July,2026,0,0
Nigeria,Kano,Albasu,NGA,NG020002,NG02,July,2026,0,0
Nigeria,Kano,Bagwai,NGA,NG020003,NG02,July,2026,0,0
Nigeria,Kano,Bebeji,NGA,NG020004,NG02,July,2026,0,0
Nigeria,Kano,Bichi,NGA,NG020005,NG02,July,2026,0,0
Nigeria,Kano,Bunkure,NGA,NG020006,NG02,July,2026,0,0
Nigeria,Kano,Dala,NGA,NG020007,NG02,July,2026,0,0
Nigeria,Kano,Danbatta,NGA,NG020008,NG02,July,2026,0,0
Nigeria,Kano,Dawakin Kudu,NGA,NG020009,NG02,July,2026,0,0
Nigeria,Kano,Dawakin Tofa,NGA,NG020010,NG02,July,2026,0,0
Nigeria,Kano,Doguwa,NGA,NG020011,NG02,July,2026,0,0
Nigeria,Kano,Fagge,NGA,NG020012,NG02,July,2026,0,0
Nigeria,Kano,Gabasawa,NGA,NG020013,NG02,July,2026,0,0
Nigeria,Kano,Garko,NGA,NG020014,NG02,July,2026,0,0
Nigeria,Kano,Garun Mallam,NGA,NG020015,NG02,July,2026,0,0
Nigeria,Kano,Gaya,NGA,NG020016,NG02,July,2026,0,0
Nigeria,Kano,Gezawa,NGA,NG020017,NG02,July,2026,0,0
Nigeria,Kano,Gwale,NGA,NG020018,NG02,July,2026,0,0
Nigeria,Kano,Gwarzo,NGA,NG020019,NG02,July,2026,1,1
Nigeria,Kano,Kabo,NGA,NG020020,NG02,July,2026,0,0
Nigeria,Kano,Kano Municipal,NGA,NG020021,NG02,July,2026,0,0
Nigeria,Kano,Karaye,NGA,NG020022,NG02,July,2026,0,0
Nigeria,Kano,Kibiya,NGA,NG020023,NG02,July,2026,0,0
Nigeria,Kano,Kiru,NGA,NG020024,NG02,July,2026,0,0
Nigeria,Kano,Kumbotso,NGA,NG020025,NG02,July,2026,0,0
Nigeria,Kano,Kunchi,NGA,NG020026,NG02,July,2026,0,0
Nigeria,Kano,Kura,NGA,NG020027,NG02,July,2026,0,0
Nigeria,Kano,Madobi,NGA,NG020028,NG02,July,2026,0,0
Nigeria,Kano,Makoda,NGA,NG020029,NG02,July,2026,0,0
Nigeria,Kano,Minjibir,NGA,NG020030,NG02,July,2026,0,0
Nigeria,Kano,Nassarawa,NGA,NG020031,NG02,July,2026,0,0
Nigeria,Kano,Rano,NGA,NG020032,NG02,July,2026,0,0
Nigeria,Kano,Rimin Gado,NGA,NG020033,NG02,July,2026,0,0
Nigeria,Kano,Rogo,NGA,NG020034,NG02,July,2026,0,0
Nigeria,Kano,Shanono,NGA,NG020035,NG02,July,2026,0,0
Nigeria,Kano,Sumaila,NGA,NG020036,NG02,July,2026,0,0
Nigeria,Kano,Takai,NGA,NG020037,NG02,July,2026,0,0
Nigeria,Kano,Tarauni,NGA,NG020038,NG02,July,2026,0,0
Nigeria,Kano,Tofa,NGA,NG020039,NG02,July,2026,0,0
Nigeria,Kano,Tsanyawa,NGA,NG020040,NG02,July,2026,0,0
Nigeria,Kano,Tudun Wada,NGA,NG020041,NG02,July,2026,0,0
Nigeria,Kano,Ungogo,NGA,NG020042,NG02,July,2026,0,0
Nigeria,Kano,Warawa,NGA,NG020043,NG02,July,2026,0,0
Nigeria,Kano,Wudil,NGA,NG020044,NG02,July,2026,0,0
Nigeria,Katsina,Bakori,NGA,NG021001,NG02,July,2026,0,0
Nigeria,Katsina,Batagarawa,NGA,NG021002,NG02,July,2026,0,0
Nigeria,Katsina,Batsari,NGA,NG021003,NG02,July,2026,0,0
Nigeria,Katsina,Baure,NGA,NG021004,NG02,July,2026,0,0
Nigeria,Katsina,Bindawa,NGA,NG021005,NG02,July,2026,0,0
Nigeria,Katsina,Charanchi,NGA,NG021006,NG02,July,2026,0,0
Nigeria,Katsina,Dan-Musa,NGA,NG021007,NG02,July,2026,1,0
Nigeria,Katsina,Dandume,NGA,NG021008,NG02,July,2026,0,0
Nigeria,Katsina,Danja,NGA,NG021009,NG02,July,2026,0,0
Nigeria,Katsina,Daura,NGA,NG021010,NG02,July,2026,0,0
Nigeria,Katsina,Dutsi,NGA,NG021011,NG02,July,2026,0,0
Nigeria,Katsina,Dutsinma,NGA,NG021012,NG02,July,2026,1,1
Nigeria,Katsina,Faskari,NGA,NG021013,NG02,July,2026,0,0
Nigeria,Katsina,Funtua,NGA,NG021014,NG02,July,2026,0,0
Nigeria,Katsina,Ingawa,NGA,NG021015,NG02,July,2026,0,0
Nigeria,Katsina,Jibia,NGA,NG021016,NG02,July,2026,0,0
Nigeria,Katsina,Kafur,NGA,NG021017,NG02,July,2026,0,0
Nigeria,Katsina,Kaita,NGA,NG021018,NG02,July,2026,0,0
Nigeria,Katsina,Kankara,NGA,NG021019,NG02,July,2026,0,0
Nigeria,Katsina,Kankia,NGA,NG021020,NG02,July,2026,0,0
Nigeria,Katsina,Katsina,NGA,NG021021,NG02,July,2026,0,0
Nigeria,Katsina,Kurfi,NGA,NG021022,NG02,July,2026,0,0
Nigeria,Katsina,Kusada,NGA,NG021023,NG02,July,2026,0,0
Nigeria,Katsina,Maiadua,NGA,NG021024,NG02,July,2026,0,0
Nigeria,Katsina,Malumfashi,NGA,NG021025,NG02,July,2026,1,1
Nigeria,Katsina,Mani,NGA,NG021026,NG02,July,2026,0,0
Nigeria,Katsina,Mashi,NGA,NG021027,NG02,July,2026,0,0
Nigeria,Katsina,Matazu,NGA,NG021028,NG02,July,2026,0,0
Nigeria,Katsina,Musawa,NGA,NG021029,NG02,July,2026,0,0
Nigeria,Katsina,Rimi,NGA,NG021030,NG02,July,2026,0,0
Nigeria,Katsina,Sabuwa,NGA,NG021031,NG02,July,2026,0,0
Nigeria,Katsina,Safana,NGA,NG021032,NG02,July,2026,0,0
Nigeria,Katsina,Sandamu,NGA,NG021033,NG02,July,2026,0,0
Nigeria,Katsina,Zango,NGA,NG021034,NG02,July,2026,0,0
Nigeria,Kebbi,Alieru,NGA,NG022001,NG02,July,2026,0,0
Nigeria,Kebbi,Arewa,NGA,NG022002,NG02,July,2026,0,0
Nigeria,Kebbi,Argungu,NGA,NG022003,NG02,July,2026,0,0
Nigeria,Kebbi,Augie,NGA,NG022004,NG02,July,2026,0,0
Nigeria,Kebbi,Bagudo,NGA,NG022005,NG02,July,2026,0,0
Nigeria,Kebbi,Birnin-Kebbi,NGA,NG022006,NG02,July,2026,0,0
Nigeria,Kebbi,Bunza,NGA,NG022007,NG02,July,2026,0,0
Nigeria,Kebbi,Dandi Kamba,NGA,NG022008,NG02,July,2026,0,0
Nigeria,Kebbi,Danko,NGA,NG022019,NG02,July,2026,0,0
Nigeria,Kebbi,Fakai,NGA,NG022009,NG02,July,2026,0,0
Nigeria,Kebbi,Gwandu,NGA,NG022010,NG02,July,2026,0,0
Nigeria,Kebbi,Jega,NGA,NG022011,NG02,July,2026,0,0
Nigeria,Kebbi,Kalgo,NGA,NG022012,NG02,July,2026,0,0
Nigeria,Kebbi,Koko,NGA,NG022013,NG02,July,2026,0,0
Nigeria,Kebbi,Maiyama,NGA,NG022014,NG02,July,2026,0,0
Nigeria,Kebbi,Ngaski,NGA,NG022015,NG02,July,2026,0,0
Nigeria,Kebbi,Sakaba,NGA,NG022016,NG02,July,2026,0,0
Nigeria,Kebbi,Shanga,NGA,NG022017,NG02,July,2026,0,0
Nigeria,Kebbi,Suru,NGA,NG022018,NG02,July,2026,0,0
Nigeria,Kebbi,Yauri,NGA,NG022020,NG02,July,2026,0,0
Nigeria,Kebbi,Zuru,NGA,NG022021,NG02,July,2026,0,0
Nigeria,Kogi,Adavi,NGA,NG023001,NG02,July,2026,0,0
Nigeria,Kogi,Ajaokuta,NGA,NG023002,NG02,July,2026,0,0
Nigeria,Kogi,Ankpa,NGA,NG023003,NG02,July,2026,0,0
Nigeria,Kogi,Bassa,NGA,NG023004,NG02,July,2026,0,0
Nigeria,Kogi,Dekina,NGA,NG023005,NG02,July,2026,0,0
Nigeria,Kogi,Ibaji,NGA,NG023006,NG02,July,2026,0,0
Nigeria,Kogi,Idah,NGA,NG023007,NG02,July,2026,0,0
Nigeria,Kogi,Igalamela,NGA,NG023008,NG02,July,2026,0,0
Nigeria,Kogi,Ijumu,NGA,NG023009,NG02,July,2026,0,0
Nigeria,Kogi,Kabba,NGA,NG023010,NG02,July,2026,0,0
Nigeria,Kogi,Kogi,NGA,NG023011,NG02,July,2026,0,0
Nigeria,Kogi,Lokoja,NGA,NG023012,NG02,July,2026,0,0
Nigeria,Kogi,Mopa-Muro,NGA,NG023013,NG02,July,2026,0,0
Nigeria,Kogi,Ofu,NGA,NG023014,NG02,July,2026,0,0
Nigeria,Kogi,Ogori,NGA,NG023015,NG02,July,2026,0,0
Nigeria,Kogi,Okehi,NGA,NG023016,NG02,July,2026,0,0
Nigeria,Kogi,Okene,NGA,NG023017,NG02,July,2026,0,0
Nigeria,Kogi,Olamaboro,NGA,NG023018,NG02,July,2026,0,0
Nigeria,Kogi,Omala,NGA,NG023019,NG02,July,2026,0,0
Nigeria,Kogi,Yagba East,NGA,NG023020,NG02,July,2026,0,0
Nigeria,Kogi,Yagba West,NGA,NG023021,NG02,July,2026,0,0
Nigeria,Kwara,Asa,NGA,NG024001,NG02,July,2026,0,0
Nigeria,Kwara,Baruten,NGA,NG024002,NG02,July,2026,0,0
Nigeria,Kwara,Edu,NGA,NG024003,NG02,July,2026,0,0
Nigeria,Kwara,Ekiti,NGA,NG024004,NG02,July,2026,0,0
Nigeria,Kwara,Ifelodun,NGA,NG024005,NG02,July,2026,0,0
Nigeria,Kwara,Ilorin East,NGA,NG024006,NG02,July,2026,0,0
Nigeria,Kwara,Ilorin South,NGA,NG024007,NG02,July,2026,0,0
Nigeria,Kwara,Ilorin West,NGA,NG024008,NG02,July,2026,0,0
Nigeria,Kwara,Irepodun,NGA,NG024009,NG02,July,2026,0,0
Nigeria,Kwara,Kai Ama,NGA,NG024011,NG02,July,2026,0,0
Nigeria,Kwara,Moro,NGA,NG024012,NG02,July,2026,0,0
Nigeria,Kwara,Offa,NGA,NG024013,NG02,July,2026,0,0
Nigeria,Kwara,Oke-Ero,NGA,NG024014,NG02,July,2026,0,0
Nigeria,Kwara,Osin,NGA,NG024010,NG02,July,2026,0,0
Nigeria,Kwara,Oyun,NGA,NG024015,NG02,July,2026,0,0
Nigeria,Kwara,Pategi,NGA,NG024016,NG02,July,2026,0,0
Nigeria,Lagos,Agege,NGA,NG025001,NG02,July,2026,0,0
Nigeria,Lagos,Ajeromi,NGA,NG025002,NG02,July,2026,0,0
Nigeria,Lagos,Alimosho,NGA,NG025003,NG02,July,2026,0,0
Nigeria,Lagos,Amowo-Odofin,NGA,NG025004,NG02,July,2026,0,0
Nigeria,Lagos,Apapa,NGA,NG025005,NG02,July,2026,0,0
Nigeria,Lagos,Badagry,NGA,NG025006,NG02,July,2026,0,0
Nigeria,Lagos,Epe,NGA,NG025007,NG02,July,2026,0,0
Nigeria,Lagos,Eti-Osa,NGA,NG025008,NG02,July,2026,0,0
Nigeria,Lagos,Ibeju-Lekki,NGA,NG025009,NG02,July,2026,0,0
Nigeria,Lagos,Ifako,NGA,NG025010,NG02,July,2026,0,0
Nigeria,Lagos,Ikeja,NGA,NG025011,NG02,July,2026,0,0
Nigeria,Lagos,Ikorodu,NGA,NG025012,NG02,July,2026,0,0
Nigeria,Lagos,Kosofe,NGA,NG025013,NG02,July,2026,0,0
Nigeria,Lagos,Lagos Island,NGA,NG025014,NG02,July,2026,0,0
Nigeria,Lagos,Lagos Mainland,NGA,NG025015,NG02,July,2026,0,0
Nigeria,Lagos,Mushin,NGA,NG025016,NG02,July,2026,0,0
Nigeria,Lagos,Ojo,NGA,NG025017,NG02,July,2026,0,0
Nigeria,Lagos,Oshodi,NGA,NG025018,NG02,July,2026,0,0
Nigeria,Lagos,Somolu,NGA,NG025019,NG02,July,2026,0,0
Nigeria,Lagos,Surulere,NGA,NG025020,NG02,July,2026,0,0
Nigeria,Nassarawa,Akwanga,NGA,NG026001,NG02,July,2026,0,0
Nigeria,Nassarawa,Awe,NGA,NG026002,NG02,July,2026,0,0
Nigeria,Nassarawa,Doma,NGA,NG026003,NG02,July,2026,0,0
Nigeria,Nassarawa,Karu,NGA,NG026004,NG02,July,2026,0,0
Nigeria,Nassarawa,Keana,NGA,NG026005,NG02,July,2026,0,0
Nigeria,Nassarawa,Keffi,NGA,NG026006,NG02,July,2026,0,0
Nigeria,Nassarawa,Kokona,NGA,NG026007,NG02,July,2026,0,0
Nigeria,Nassarawa,Lafia,NGA,NG026008,NG02,July,2026,0,0
Nigeria,Nassarawa,Nasarawa,NGA,NG026009,NG02,July,2026,0,0
Nigeria,Nassarawa,Nasarawa Eggon,NGA,NG026010,NG02,July,2026,0,0
Nigeria,Nassarawa,Obi,NGA,NG026011,NG02,July,2026,0,0
Nigeria,Nassarawa,Toto,NGA,NG026012,NG02,July,2026,0,0
Nigeria,Nassarawa,Wamba,NGA,NG026013,NG02,July,2026,0,0
Nigeria,Niger,Agaie,NGA,NG027001,NG02,July,2026,0,0
Nigeria,Niger,Agwara,NGA,NG027002,NG02,July,2026,0,0
Nigeria,Niger,Bida,NGA,NG027003,NG02,July,2026,0,0
Nigeria,Niger,Borgu,NGA,NG027004,NG02,July,2026,0,0
Nigeria,Niger,Bosso,NGA,NG027005,NG02,July,2026,0,0
Nigeria,Niger,Edati,NGA,NG027017,NG02,July,2026,0,0
Nigeria,Niger,Gbako,NGA,NG027008,NG02,July,2026,0,0
Nigeria,Niger,Gurara,NGA,NG027009,NG02,July,2026,0,0
Nigeria,Niger,Katcha,NGA,NG027010,NG02,July,2026,0,0
Nigeria,Niger,Kontagora,NGA,NG027011,NG02,July,2026,0,0
Nigeria,Niger,Lapai,NGA,NG027012,NG02,July,2026,0,0
Nigeria,Niger,Lavun,NGA,NG027013,NG02,July,2026,0,0
Nigeria,Niger,Magama,NGA,NG027014,NG02,July,2026,0,0
Nigeria,Niger,Mariga,NGA,NG027015,NG02,July,2026,1,0
Nigeria,Niger,Mashegu,NGA,NG027016,NG02,July,2026,1,10
Nigeria,Niger,Minna,NGA,NG027006,NG02,July,2026,0,0
Nigeria,Niger,Mokwa,NGA,NG027017,NG02,July,2026,0,0
Nigeria,Niger,Muya,NGA,NG027018,NG02,July,2026,0,0
Nigeria,Niger,Paikoro,NGA,NG027019,NG02,July,2026,0,0
Nigeria,Niger,Rafi,NGA,NG027020,NG02,July,2026,3,20
Nigeria,Niger,Rijau,NGA,NG027021,NG02,July,2026,0,0
Nigeria,Niger,Shiroro,NGA,NG027022,NG02,July,2026,0,0
Nigeria,Niger,Suleja,NGA,NG027023,NG02,July,2026,0,0
Nigeria,Niger,Tafa,NGA,NG027024,NG02,July,2026,0,0
Nigeria,Niger,Wushishi,NGA,NG027025,NG02,July,2026,0,0
Nigeria,Ogun,Abeokuta North,NGA,NG028001,NG02,July,2026,0,0
Nigeria,Ogun,Abeokuta South,NGA,NG028002,NG02,July,2026,0,0
Nigeria,Ogun,Ado-Odo,NGA,NG028003,NG02,July,2026,0,0
Nigeria,Ogun,Egbado North,NGA,NG028004,NG02,July,2026,0,0
Nigeria,Ogun,Egbado South,NGA,NG028005,NG02,July,2026,0,0
Nigeria,Ogun,Ewekoro,NGA,NG028006,NG02,July,2026,0,0
Nigeria,Ogun,Ifo,NGA,NG028007,NG02,July,2026,0,0
Nigeria,Ogun,Ijebu East,NGA,NG028008,NG02,July,2026,0,0
Nigeria,Ogun,Ijebu North,NGA,NG028009,NG02,July,2026,0,0
Nigeria,Ogun,Ijebu North East,NGA,NG028010,NG02,July,2026,0,0
Nigeria,Ogun,Ijebu Ode,NGA,NG028010,NG02,July,2026,0,0
Nigeria,Ogun,Ikenne,NGA,NG028012,NG02,July,2026,0,0
Nigeria,Ogun,Imeko-Afon,NGA,NG028013,NG02,July,2026,0,0
Nigeria,Ogun,Ipokia,NGA,NG028014,NG02,July,2026,0,0
Nigeria,Ogun,Obafemi,NGA,NG028015,NG02,July,2026,0,0
Nigeria,Ogun,Odedah,NGA,NG028016,NG02,July,2026,0,0
Nigeria,Ogun,Odogbolu,NGA,NG028017,NG02,July,2026,0,0
Nigeria,Ogun,Ogun Waterside,NGA,NG028018,NG02,July,2026,0,0
Nigeria,Ogun,Remo North,NGA,NG028019,NG02,July,2026,0,0
Nigeria,Ogun,Shagamu,NGA,NG028020,NG02,July,2026,0,0
Nigeria,Ondo,Akoko North East,NGA,NG029001,NG02,July,2026,0,0
Nigeria,Ondo,Akoko North West,NGA,NG029002,NG02,July,2026,0,0
Nigeria,Ondo,Akoko South East,NGA,NG029003,NG02,July,2026,0,0
Nigeria,Ondo,Akoko South West,NGA,NG029004,NG02,July,2026,0,0
Nigeria,Ondo,Akure North,NGA,NG029005,NG02,July,2026,0,0
Nigeria,Ondo,Akure South,NGA,NG029006,NG02,July,2026,0,0
Nigeria,Ondo,Ese-Edo,NGA,NG029007,NG02,July,2026,0,0
Nigeria,Ondo,Idanre,NGA,NG029008,NG02,July,2026,0,0
Nigeria,Ondo,Ifedore,NGA,NG029009,NG02,July,2026,0,0
Nigeria,Ondo,Ilaje,NGA,NG029010,NG02,July,2026,0,0
Nigeria,Ondo,Ile-Oluji-Okeigbo,NGA,NG029011,NG02,July,2026,0,0
Nigeria,Ondo,Irele,NGA,NG029012,NG02,July,2026,0,0
Nigeria,Ondo,Odigbo,NGA,NG029013,NG02,July,2026,0,0
Nigeria,Ondo,Okitipupa,NGA,NG029014,NG02,July,2026,0,0
Nigeria,Ondo,Ondo East,NGA,NG029015,NG02,July,2026,0,0
Nigeria,Ondo,Ondo West,NGA,NG029016,NG02,July,2026,0,0
Nigeria,Ondo,Ose,NGA,NG029017,NG02,July,2026,0,0
Nigeria,Ondo,Owo,NGA,NG029018,NG02,July,2026,0,0
Nigeria,Osun,Aiyedade,NGA,NG030001,NG03,July,2026,0,0
Nigeria,Osun,Aiyedire,NGA,NG030002,NG03,July,2026,0,0
Nigeria,Osun,Atakumosa East,NGA,NG030003,NG03,July,2026,0,0
Nigeria,Osun,Atakumosa West,NGA,NG030004,NG03,July,2026,0,0
Nigeria,Osun,Boluwaduro,NGA,NG030005,NG03,July,2026,0,0
Nigeria,Osun,Boripe,NGA,NG030006,NG03,July,2026,0,0
Nigeria,Osun,Ede North,NGA,NG030007,NG03,July,2026,0,0
Nigeria,Osun,Ede South,NGA,NG030008,NG03,July,2026,0,0
Nigeria,Osun,Egbedore,NGA,NG030009,NG03,July,2026,0,0
Nigeria,Osun,Ejigbo,NGA,NG030010,NG03,July,2026,0,0
Nigeria,Osun,Ife Central,NGA,NG030011,NG03,July,2026,0,0
Nigeria,Osun,Ife East,NGA,NG030012,NG03,July,2026,0,0
Nigeria,Osun,Ife North,NGA,NG030013,NG03,July,2026,0,0
Nigeria,Osun,Ife South,NGA,NG030014,NG03,July,2026,0,0
Nigeria,Osun,Ifedayo,NGA,NG030015,NG03,July,2026,0,0
Nigeria,Osun,Ifelodun,NGA,NG030016,NG03,July,2026,0,0
Nigeria,Osun,Ila,NGA,NG030017,NG03,July,2026,0,0
Nigeria,Osun,Ilesha East,NGA,NG030018,NG03,July,2026,0,0
Nigeria,Osun,Ilesha West,NGA,NG030019,NG03,July,2026,0,0
Nigeria,Osun,Irepodun,NGA,NG030020,NG03,July,2026,0,0
Nigeria,Osun,Irewole,NGA,NG030021,NG03,July,2026,0,0
Nigeria,Osun,Isokan,NGA,NG030022,NG03,July,2026,0,0
Nigeria,Osun,Iwo,NGA,NG030023,NG03,July,2026,0,0
Nigeria,Osun,Obokun,NGA,NG030024,NG03,July,2026,0,0
Nigeria,Osun,Odo-Otin,NGA,NG030025,NG03,July,2026,0,0
Nigeria,Osun,Ola-Oluwa,NGA,NG030026,NG03,July,2026,0,0
Nigeria,Osun,Olorunda,NGA,NG030027,NG03,July,2026,0,0
Nigeria,Osun,Oriade,NGA,NG030028,NG03,July,2026,0,0
Nigeria,Osun,Orolu,NGA,NG030029,NG03,July,2026,0,0
Nigeria,Osun,Osogbo,NGA,NG030030,NG03,July,2026,0,0
Nigeria,Oyo,Afijio,NGA,NG031001,NG03,July,2026,0,0
Nigeria,Oyo,Akinyele,NGA,NG031002,NG03,July,2026,0,0
Nigeria,Oyo,Atiba,NGA,NG031003,NG03,July,2026,0,0
Nigeria,Oyo,Atisbo,NGA,NG031004,NG03,July,2026,0,0
Nigeria,Oyo,Egbeda,NGA,NG031005,NG03,July,2026,0,0
Nigeria,Oyo,Ibadan North,NGA,NG031006,NG03,July,2026,0,0
Nigeria,Oyo,Ibadan North East,NGA,NG031007,NG03,July,2026,0,0
Nigeria,Oyo,Ibadan North West,NGA,NG031008,NG03,July,2026,0,0
Nigeria,Oyo,Ibadan South East,NGA,NG031009,NG03,July,2026,0,0
Nigeria,Oyo,Ibadan South West,NGA,NG031010,NG03,July,2026,0,0
Nigeria,Oyo,Ibarapa Central,NGA,NG031011,NG03,July,2026,0,0
Nigeria,Oyo,Ibarapa East,NGA,NG031012,NG03,July,2026,0,0
Nigeria,Oyo,Ibarapa North,NGA,NG031013,NG03,July,2026,0,0
Nigeria,Oyo,Ido,NGA,NG031014,NG03,July,2026,0,0
Nigeria,Oyo,Irepo,NGA,NG031015,NG03,July,2026,0,0
Nigeria,Oyo,Iseyin,NGA,NG031016,NG03,July,2026,0,0
Nigeria,Oyo,Itesiwaju,NGA,NG031017,NG03,July,2026,0,0
Nigeria,Oyo,Iwajowa,NGA,NG031018,NG03,July,2026,0,0
Nigeria,Oyo,Kajola,NGA,NG031019,NG03,July,2026,0,0
Nigeria,Oyo,Lagelu,NGA,NG031020,NG03,July,2026,0,0
Nigeria,Oyo,Ogbomosho North,NGA,NG031021,NG03,July,2026,0,0
Nigeria,Oyo,Ogbomosho South,NGA,NG031022,NG03,July,2026,0,0
Nigeria,Oyo,Ogo-Oluwa,NGA,NG031023,NG03,July,2026,0,0
Nigeria,Oyo,Olorunsogo,NGA,NG031024,NG03,July,2026,0,0
Nigeria,Oyo,Oluyole,NGA,NG031025,NG03,July,2026,0,0
Nigeria,Oyo,Ona-Ara,NGA,NG031026,NG03,July,2026,0,0
Nigeria,Oyo,Orelope,NGA,NG031027,NG03,July,2026,0,0
Nigeria,Oyo,Ori Ire,NGA,NG031028,NG03,July,2026,0,0
Nigeria,Oyo,Oyo East,NGA,NG031029,NG03,July,2026,0,0
Nigeria,Oyo,Oyo West,NGA,NG031030,NG03,July,2026,0,0
Nigeria,Oyo,Saki East,NGA,NG031031,NG03,July,2026,0,0
Nigeria,Oyo,Saki West,NGA,NG031032,NG03,July,2026,0,0
Nigeria,Oyo,Surulere,NGA,NG031033,NG03,July,2026,0,0
Nigeria,Plateau,Barkin Ladi,NGA,NG032001,NG03,July,2026,0,0
Nigeria,Plateau,Bassa,NGA,NG032002,NG03,July,2026,0,0
Nigeria,Plateau,Bokkos,NGA,NG032003,NG03,July,2026,0,0
Nigeria,Plateau,Jos East,NGA,NG032004,NG03,July,2026,0,0
Nigeria,Plateau,Jos North,NGA,NG032005,NG03,July,2026,0,0
Nigeria,Plateau,Jos South,NGA,NG032006,NG03,July,2026,1,1
Nigeria,Plateau,Kanam,NGA,NG032007,NG03,July,2026,0,0
Nigeria,Plateau,Kanke,NGA,NG032008,NG03,July,2026,0,0
Nigeria,Plateau,Langtang North,NGA,NG032009,NG03,July,2026,0,0
Nigeria,Plateau,Langtang South,NGA,NG032010,NG03,July,2026,0,0
Nigeria,Plateau,Mangu,NGA,NG032011,NG03,July,2026,1,0
Nigeria,Plateau,Mikang,NGA,NG032012,NG03,July,2026,0,0
Nigeria,Plateau,Pankshin,NGA,NG032013,NG03,July,2026,0,0
Nigeria,Plateau,Quan-Pan,NGA,NG032014,NG03,July,2026,0,0
Nigeria,Plateau,Riyom,NGA,NG032015,NG03,July,2026,0,0
Nigeria,Plateau,Shendam,NGA,NG032016,NG03,July,2026,0,0
Nigeria,Plateau,Wase,NGA,NG032017,NG03,July,2026,0,0
Nigeria,Rivers,Ahoada,NGA,NG033002,NG03,July,2026,0,0
Nigeria,Rivers,Ahoada West,NGA,NG033003,NG03,July,2026,0,0
Nigeria,Rivers,Akukutoru,NGA,NG033004,NG03,July,2026,0,0
Nigeria,Rivers,Andoni,NGA,NG033005,NG03,July,2026,0,0
Nigeria,Rivers,Asaritoru,NGA,NG033006,NG03,July,2026,0,0
Nigeria,Rivers,Bonny,NGA,NG033007,NG03,July,2026,0,0
Nigeria,Rivers,Degema,NGA,NG033008,NG03,July,2026,0,0
Nigeria,Rivers,Eleme,NGA,NG033009,NG03,July,2026,0,0
Nigeria,Rivers,Emohua,NGA,NG033010,NG03,July,2026,0,0
Nigeria,Rivers,Etche,NGA,NG033011,NG03,July,2026,0,0
Nigeria,Rivers,Gonaka,NGA,NG033012,NG03,July,2026,0,0
Nigeria,Rivers,Ikwerre,NGA,NG033013,NG03,July,2026,0,0
Nigeria,Rivers,Khana,NGA,NG033014,NG03,July,2026,0,0
Nigeria,Rivers,Obio,NGA,NG033015,NG03,July,2026,0,0
Nigeria,Rivers,Obua,NGA,NG033001,NG03,July,2026,0,0
Nigeria,Rivers,Ogba,NGA,NG033016,NG03,July,2026,0,0
Nigeria,Rivers,Ogu,NGA,NG033017,NG03,July,2026,0,0
Nigeria,Rivers,Okrika,NGA,NG033018,NG03,July,2026,0,0
Nigeria,Rivers,Omumma,NGA,NG033019,NG03,July,2026,0,0
Nigeria,Rivers,Opobo,NGA,NG033020,NG03,July,2026,0,0
Nigeria,Rivers,Oyigbo,NGA,NG033021,NG03,July,2026,0,0
Nigeria,Rivers,Port Harcourt,NGA,NG033022,NG03,July,2026,0,0
Nigeria,Rivers,Tai,NGA,NG033023,NG03,July,2026,0,0
Nigeria,Sokoto,Binji,NGA,NG034001,NG03,July,2026,0,0
Nigeria,Sokoto,Bodinga,NGA,NG034002,NG03,July,2026,3,9
Nigeria,Sokoto,Dange-Shuni,NGA,NG034003,NG03,July,2026,0,0
Nigeria,Sokoto,Gada,NGA,NG034004,NG03,July,2026,0,0
Nigeria,Sokoto,Goronyo,NGA,NG034006,NG03,July,2026,0,0
Nigeria,Sokoto,Gudu,NGA,NG034007,NG03,July,2026,0,0
Nigeria,Sokoto,Gwadabawa,NGA,NG034005,NG03,July,2026,0,0
Nigeria,Sokoto,Illela,NGA,NG034008,NG03,July,2026,0,0
Nigeria,Sokoto,Isa,NGA,NG034009,NG03,July,2026,0,0
Nigeria,Sokoto,Kebbe,NGA,NG034010,NG03,July,2026,0,0
Nigeria,Sokoto,Kware,NGA,NG034011,NG03,July,2026,0,0
Nigeria,Sokoto,Rabah,NGA,NG034012,NG03,July,2026,0,0
Nigeria,Sokoto,Sabon Birni,NGA,NG034013,NG03,July,2026,2,1
Nigeria,Sokoto,Shagari,NGA,NG034014,NG03,July,2026,0,0
Nigeria,Sokoto,Silame,NGA,NG034015,NG03,July,2026,0,0
Nigeria,Sokoto,Sokoto North,NGA,NG034016,NG03,July,2026,0,0
Nigeria,Sokoto,Sokoto South,NGA,NG034017,NG03,July,2026,0,0
Nigeria,Sokoto,Tambuwal,NGA,NG034018,NG03,July,2026,0,0
Nigeria,Sokoto,Tangaza,NGA,NG034019,NG03,July,2026,0,0
Nigeria,Sokoto,Tureta,NGA,NG034020,NG03,July,2026,0,0
Nigeria,Sokoto,Wamakko,NGA,NG034021,NG03,July,2026,0,0
Nigeria,Sokoto,Wurno,NGA,NG034022,NG03,July,2026,0,0
Nigeria,Sokoto,Yabo,NGA,NG034023,NG03,July,2026,0,0
Nigeria,Taraba,Ardo Kola,NGA,NG035001,NG03,July,2026,0,0
Nigeria,Taraba,Bali,NGA,NG035002,NG03,July,2026,0,0
Nigeria,Taraba,Donga,NGA,NG035003,NG03,July,2026,0,0
Nigeria,Taraba,Gashaka,NGA,NG035004,NG03,July,2026,0,0
Nigeria,Taraba,Gassol,NGA,NG035005,NG03,July,2026,0,0
Nigeria,Taraba,Ibi,NGA,NG035006,NG03,July,2026,0,0
Nigeria,Taraba,Jalingo,NGA,NG035007,NG03,July,2026,0,0
Nigeria,Taraba,Karim Lamidu,NGA,NG035008,NG03,July,2026,0,0
Nigeria,Taraba,Kurmi,NGA,NG035009,NG03,July,2026,0,0
Nigeria,Taraba,Lau,NGA,NG035010,NG03,July,2026,0,0
Nigeria,Taraba,Sardauna,NGA,NG035011,NG03,July,2026,0,0
Nigeria,Taraba,Takum,NGA,NG035012,NG03,July,2026,0,0
Nigeria,Taraba,Ussa,NGA,NG035013,NG03,July,2026,0,0
Nigeria,Taraba,Wukari,NGA,NG035014,NG03,July,2026,1,1
Nigeria,Taraba,Yorro,NGA,NG035015,NG03,July,2026,0,0
Nigeria,Taraba,Zing,NGA,NG035016,NG03,July,2026,0,0
Nigeria,Yobe,Bade,NGA,NG036001,NG03,July,2026,0,0
Nigeria,Yobe,Bursari,NGA,NG036002,NG03,July,2026,0,0
Nigeria,Yobe,Damaturu,NGA,NG036003,NG03,July,2026,0,0
Nigeria,Yobe,Fika,NGA,NG036004,NG03,July,2026,0,0
Nigeria,Yobe,Fune,NGA,NG036005,NG03,July,2026,0,0
Nigeria,Yobe,Geidam,NGA,NG036006,NG03,July,2026,0,0
Nigeria,Yobe,Gujba,NGA,NG036007,NG03,July,2026,0,0
Nigeria,Yobe,Gulami,NGA,NG036008,NG03,July,2026,0,0
Nigeria,Yobe,Jakusko,NGA,NG036009,NG03,July,2026,0,0
Nigeria,Yobe,Karasuwa,NGA,NG036010,NG03,July,2026,0,0
Nigeria,Yobe,Machina,NGA,NG036011,NG03,July,2026,0,0
Nigeria,Yobe,Nangere,NGA,NG036012,NG03,July,2026,0,0
Nigeria,Yobe,Nguru,NGA,NG036013,NG03,July,2026,0,0
Nigeria,Yobe,Potiskum,NGA,NG036014,NG03,July,2026,0,0
Nigeria,Yobe,Tarmua,NGA,NG036015,NG03,July,2026,0,0
Nigeria,Yobe,Yunusari,NGA,NG036016,NG03,July,2026,0,0
Nigeria,Yobe,Yusufari,NGA,NG036017,NG03,July,2026,0,0
Nigeria,Zamfara,Anka,NGA,NG037001,NG03,July,2026,0,0
Nigeria,Zamfara,Bakura,NGA,NG037002,NG03,July,2026,0,0
Nigeria,Zamfara,Bukkuyum,NGA,NG037004,NG03,July,2026,2,0
Nigeria,Zamfara,Bungudu,NGA,NG037005,NG03,July,2026,0,0
Nigeria,Zamfara,Gummi,NGA,NG037006,NG03,July,2026,0,0
Nigeria,Zamfara,Gusau,NGA,NG037007,NG03,July,2026,0,0
Nigeria,Zamfara,Kaura Namoda,NGA,NG037008,NG03,July,2026,0,0
Nigeria,Zamfara,Kiyawa,NGA,NG037003,NG03,July,2026,0,0
Nigeria,Zamfara,Maradun,NGA,NG037009,NG03,July,2026,0,0
Nigeria,Zamfara,Maru,NGA,NG037010,NG03,July,2026,0,0
Nigeria,Zamfara,Shinkafi,NGA,NG037011,NG03,July,2026,0,0
Nigeria,Zamfara,Talata Mafara,NGA,NG037012,NG03,July,2026,0,0
Nigeria,Zamfara,Tsafe,NGA,NG037013,NG03,July,2026,0,0
Nigeria,Zamfara,Zurmi,NGA,NG037014,NG03,July,2026,1,0
